"State","Crop","Calendar","Mandi Modal Price (AgMarknet)"
"All India","Linseed","Oct 2016","5785.70"
"All India","Linseed","Nov 2016","5169.87"
"All India","Linseed","Dec 2016","4627.06"
"All India","Linseed","Jan 2017","5069.81"
"All India","Linseed","Feb 2017","5004.23"
"All India","Linseed","Mar 2017","3774.02"
"All India","Linseed","Apr 2017","4088.50"
"All India","Linseed","May 2017","3985.06"
"All India","Linseed","Jun 2017","4069.42"
"All India","Linseed","Jul 2017","4003.04"
"All India","Linseed","Aug 2017","4047.02"
"All India","Linseed","Sep 2017","4164.69"
"All India","Linseed","Oct 2017","3969.96"
"All India","Linseed","Nov 2017","3263.66"
"All India","Linseed","Dec 2017","3088.93"
"All India","Linseed","Jan 2018","4077.41"
"All India","Linseed","Feb 2018","4026.83"
"All India","Linseed","Mar 2018","3689.01"
"All India","Linseed","Apr 2018","3531.55"
"All India","Linseed","May 2018","3633.29"
"All India","Linseed","Jun 2018","3821.06"
"All India","Linseed","Jul 2018","3898.88"
"All India","Linseed","Aug 2018","4044.14"
"All India","Linseed","Sep 2018","3997.40"
"All India","Linseed","Oct 2018","3998.44"
"All India","Linseed","Nov 2018","4076.95"
"All India","Linseed","Dec 2018","4065.32"
"All India","Linseed","Jan 2019","4069.09"
"All India","Linseed","Feb 2019","4107.13"
"All India","Linseed","Mar 2019","4047.71"
"All India","Linseed","Apr 2019","4155.09"
"All India","Linseed","May 2019","4494.72"
"All India","Linseed","Jun 2019","4416.16"
"All India","Linseed","Jul 2019","4460.25"
"All India","Linseed","Aug 2019","4584.95"
"All India","Linseed","Sep 2019","4484.88"
"All India","Linseed","Oct 2019","4587.52"
"All India","Linseed","Nov 2019","5031.24"
"All India","Linseed","Dec 2019","4984.68"
"All India","Linseed","Jan 2020","5116.11"
"All India","Linseed","Feb 2020","4723.33"
"All India","Linseed","Mar 2020","4336.91"
"All India","Linseed","Apr 2020","4508.90"
"All India","Linseed","May 2020","4358.41"
"All India","Linseed","Jun 2020","4370.31"
"All India","Linseed","Jul 2020","4787.86"
"All India","Linseed","Aug 2020","5117.42"
"All India","Linseed","Sep 2020","5065.08"
"All India","Linseed","Oct 2020","5131.59"
"All India","Linseed","Nov 2020","5064.12"
"All India","Linseed","Dec 2020","5093.54"
"All India","Linseed","Jan 2021","5090.88"
"All India","Linseed","Feb 2021","5187.37"
"All India","Linseed","Mar 2021","5690.34"
"All India","Linseed","Apr 2021","6582.46"
"All India","Linseed","May 2021","6289.91"
"All India","Linseed","Jun 2021","6523.34"
"All India","Linseed","Jul 2021","6915.67"
"All India","Linseed","Aug 2021","7286.10"
"All India","Linseed","Sep 2021","7827.35"
"All India","Linseed","Oct 2021","7839.90"
"All India","Linseed","Nov 2021","8819.06"
"All India","Linseed","Dec 2021","8371.63"
"All India","Linseed","Jan 2022","8021.83"
"All India","Linseed","Feb 2022","7756.48"
"All India","Linseed","Mar 2022","7535.40"
"All India","Linseed","Apr 2022","6794.51"
"All India","Linseed","May 2022","6553.93"
"All India","Linseed","Jun 2022","6084.92"
"All India","Linseed","Jul 2022","5714.99"
"All India","Linseed","Aug 2022","6113.74"
"All India","Linseed","Sep 2022","5726.08"
"All India","Linseed","Oct 2022","5871.62"
"All India","Linseed","Nov 2022","6003.53"
"All India","Linseed","Dec 2022","5682.59"
"All India","Linseed","Jan 2023","5478.95"
"All India","Linseed","Feb 2023","5230.87"
"All India","Linseed","Mar 2023","4684.03"
"All India","Linseed","Apr 2023","4251.05"
"All India","Linseed","May 2023","4249.66"
"All India","Linseed","Jun 2023","4038.72"
"All India","Linseed","Jul 2023","4741.63"
"All India","Linseed","Aug 2023","4782.84"
"All India","Linseed","Sep 2023","4906.89"
"All India","Linseed","Oct 2023","5099.48"
"All India","Linseed","Nov 2023","5028.11"
"All India","Linseed","Dec 2023","5073.36"
"All India","Linseed","Jan 2024","4835.16"
"All India","Linseed","Feb 2024","4673.95"
"All India","Linseed","Mar 2024","4875.32"
"All India","Linseed","Apr 2024","4981.83"
"All India","Linseed","May 2024","5713.81"
"All India","Linseed","Jun 2024","5797.67"
"All India","Linseed","Jul 2024","5727.01"
"All India","Linseed","Aug 2024","5996.49"
"All India","Linseed","Sep 2024","5909.86"
"All India","Linseed","Oct 2024","5943.67"
"All India","Linseed","Nov 2024","5878.89"
"All India","Linseed","Dec 2024","5809.75"
"All India","Linseed","Jan 2025","5872.02"
"All India","Linseed","Feb 2025","5800.50"
"All India","Linseed","Mar 2025","5654.01"
"All India","Linseed","Apr 2025","6598.62"
"All India","Linseed","May 2025","6913.92"
"All India","Linseed","Jun 2025","6877.34"
"All India","Linseed","Jul 2025","7081.39"
"All India","Linseed","Aug 2025","7428.51"
"All India","Linseed","Sep 2025","7276.02"
"All India","Linseed","Oct 2025","7254.95"
"All India","Linseed","Nov 2025","8104.03"
"All India","Linseed","Dec 2025","8736.67"
"All India","Linseed","Jan 2026","8050.35"
"All India","Linseed","Feb 2026","7059.93"
"All India","Linseed","Mar 2026","7056.07"
"All India","Linseed","Apr 2026","7844.64"
"All India","Linseed","May 2026","8762.76"
"All India","Linseed","Jun 2026","8681.53"
"All India","Linseed","Jul 2026","8655.02"
"All India","Linseed","Aug 2026","8630.54"
"All India","Linseed","Sep 2026","9247.67"
"All India","Urad","Oct 2016","6324.88"
"All India","Urad","Nov 2016","6260.54"
"All India","Urad","Dec 2016","5693.17"
"All India","Urad","Jan 2017","5501.79"
"All India","Urad","Feb 2017","5117.85"
"All India","Urad","Mar 2017","5367.99"
"All India","Urad","Apr 2017","5761.39"
"All India","Urad","May 2017","5410.53"
"All India","Urad","Jun 2017","4940.76"
"All India","Urad","Jul 2017","4536.25"
"All India","Urad","Aug 2017","4599.33"
"All India","Urad","Sep 2017","4175.18"
"All India","Urad","Oct 2017","3405.44"
"All India","Urad","Nov 2017","2865.45"
"All India","Urad","Dec 2017","2891.53"
"All India","Urad","Jan 2018","3553.17"
"All India","Urad","Feb 2018","3639.58"
"All India","Urad","Mar 2018","3634.35"
"All India","Urad","Apr 2018","3609.64"
"All India","Urad","May 2018","3400.65"
"All India","Urad","Jun 2018","3521.72"
"All India","Urad","Jul 2018","3898.37"
"All India","Urad","Aug 2018","3651.70"
"All India","Urad","Sep 2018","3768.15"
"All India","Urad","Oct 2018","3781.00"
"All India","Urad","Nov 2018","3999.66"
"All India","Urad","Dec 2018","3877.75"
"All India","Urad","Jan 2019","4088.00"
"All India","Urad","Feb 2019","4096.05"
"All India","Urad","Mar 2019","4061.00"
"All India","Urad","Apr 2019","4355.64"
"All India","Urad","May 2019","4463.54"
"All India","Urad","Jun 2019","4413.04"
"All India","Urad","Jul 2019","4310.66"
"All India","Urad","Aug 2019","4500.74"
"All India","Urad","Sep 2019","5126.09"
"All India","Urad","Oct 2019","5162.21"
"All India","Urad","Nov 2019","5702.75"
"All India","Urad","Dec 2019","5227.58"
"All India","Urad","Jan 2020","5717.27"
"All India","Urad","Feb 2020","5800.82"
"All India","Urad","Mar 2020","5566.50"
"All India","Urad","Apr 2020","7488.52"
"All India","Urad","May 2020","6512.22"
"All India","Urad","Jun 2020","5980.61"
"All India","Urad","Jul 2020","5383.39"
"All India","Urad","Aug 2020","5498.11"
"All India","Urad","Sep 2020","5959.08"
"All India","Urad","Oct 2020","6628.35"
"All India","Urad","Nov 2020","6212.66"
"All India","Urad","Dec 2020","6224.96"
"All India","Urad","Jan 2021","6412.46"
"All India","Urad","Feb 2021","6184.04"
"All India","Urad","Mar 2021","6375.06"
"All India","Urad","Apr 2021","6815.11"
"All India","Urad","May 2021","6815.81"
"All India","Urad","Jun 2021","6137.17"
"All India","Urad","Jul 2021","5923.72"
"All India","Urad","Aug 2021","6471.76"
"All India","Urad","Sep 2021","5972.18"
"All India","Urad","Oct 2021","5460.74"
"All India","Urad","Nov 2021","5556.48"
"All India","Urad","Dec 2021","5508.73"
"All India","Urad","Jan 2022","5677.41"
"All India","Urad","Feb 2022","5854.75"
"All India","Urad","Mar 2022","6334.83"
"All India","Urad","Apr 2022","6428.84"
"All India","Urad","May 2022","6285.78"
"All India","Urad","Jun 2022","6210.63"
"All India","Urad","Jul 2022","6312.02"
"All India","Urad","Aug 2022","6602.99"
"All India","Urad","Sep 2022","6153.82"
"All India","Urad","Oct 2022","5747.33"
"All India","Urad","Nov 2022","5945.67"
"All India","Urad","Dec 2022","6174.65"
"All India","Urad","Jan 2023","6610.46"
"All India","Urad","Feb 2023","6764.96"
"All India","Urad","Mar 2023","6861.44"
"All India","Urad","Apr 2023","6948.06"
"All India","Urad","May 2023","7412.12"
"All India","Urad","Jun 2023","7625.71"
"All India","Urad","Jul 2023","7549.17"
"All India","Urad","Aug 2023","7989.89"
"All India","Urad","Sep 2023","7698.64"
"All India","Urad","Oct 2023","7246.94"
"All India","Urad","Nov 2023","7820.52"
"All India","Urad","Dec 2023","7447.20"
"All India","Urad","Jan 2024","8859.40"
"All India","Urad","Feb 2024","9009.13"
"All India","Urad","Mar 2024","8624.40"
"All India","Urad","Apr 2024","8901.92"
"All India","Urad","May 2024","9110.31"
"All India","Urad","Jun 2024","8990.03"
"All India","Urad","Jul 2024","8742.77"
"All India","Urad","Aug 2024","8651.57"
"All India","Urad","Sep 2024","7372.74"
"All India","Urad","Oct 2024","7200.35"
"All India","Urad","Nov 2024","7144.94"
"All India","Urad","Dec 2024","7254.43"
"All India","Urad","Jan 2025","7313.02"
"All India","Urad","Feb 2025","7028.46"
"All India","Urad","Mar 2025","7082.08"
"All India","Urad","Apr 2025","7300.21"
"All India","Urad","May 2025","6974.09"
"All India","Urad","Jun 2025","6590.07"
"All India","Urad","Jul 2025","6603.49"
"All India","Urad","Aug 2025","6908.68"
"All India","Urad","Sep 2025","6183.76"
"All India","Urad","Oct 2025","6008.43"
"All India","Urad","Nov 2025","6098.66"
"All India","Urad","Dec 2025","6213.30"
"All India","Urad","Jan 2026","6768.05"
"All India","Urad","Feb 2026","7272.77"
"All India","Urad","Mar 2026","7824.35"
"All India","Urad","Apr 2026","7662.89"
"All India","Urad","May 2026","7643.97"
"All India","Urad","Jun 2026","7748.87"
"All India","Urad","Jul 2026","8685.97"
"All India","Urad","Aug 2026","7794.67"
"All India","Urad","Sep 2026","8139.94"
"All India","Groundnut","Oct 2016","4258.41"
"All India","Groundnut","Nov 2016","4055.91"
"All India","Groundnut","Dec 2016","4106.47"
"All India","Groundnut","Jan 2017","4248.32"
"All India","Groundnut","Feb 2017","4459.39"
"All India","Groundnut","Mar 2017","4925.80"
"All India","Groundnut","Apr 2017","4800.92"
"All India","Groundnut","May 2017","4469.44"
"All India","Groundnut","Jun 2017","4163.44"
"All India","Groundnut","Jul 2017","3889.58"
"All India","Groundnut","Aug 2017","3217.36"
"All India","Groundnut","Sep 2017","3500.08"
"All India","Groundnut","Oct 2017","3818.40"
"All India","Groundnut","Nov 2017","3721.09"
"All India","Groundnut","Dec 2017","3731.88"
"All India","Groundnut","Jan 2018","3781.70"
"All India","Groundnut","Feb 2018","3946.42"
"All India","Groundnut","Mar 2018","3922.97"
"All India","Groundnut","Apr 2018","3662.76"
"All India","Groundnut","May 2018","3581.23"
"All India","Groundnut","Jun 2018","3645.76"
"All India","Groundnut","Jul 2018","3531.39"
"All India","Groundnut","Aug 2018","3788.29"
"All India","Groundnut","Sep 2018","3934.84"
"All India","Groundnut","Oct 2018","4255.23"
"All India","Groundnut","Nov 2018","4148.47"
"All India","Groundnut","Dec 2018","4036.36"
"All India","Groundnut","Jan 2019","4074.07"
"All India","Groundnut","Feb 2019","4273.09"
"All India","Groundnut","Mar 2019","4359.30"
"All India","Groundnut","Apr 2019","4554.56"
"All India","Groundnut","May 2019","4895.36"
"All India","Groundnut","Jun 2019","5126.44"
"All India","Groundnut","Jul 2019","5001.83"
"All India","Groundnut","Aug 2019","4956.88"
"All India","Groundnut","Sep 2019","5212.49"
"All India","Groundnut","Oct 2019","4877.05"
"All India","Groundnut","Nov 2019","4457.01"
"All India","Groundnut","Dec 2019","4413.02"
"All India","Groundnut","Jan 2020","4681.83"
"All India","Groundnut","Feb 2020","5004.93"
"All India","Groundnut","Mar 2020","5265.05"
"All India","Groundnut","Apr 2020","5362.43"
"All India","Groundnut","May 2020","5281.78"
"All India","Groundnut","Jun 2020","5330.76"
"All India","Groundnut","Jul 2020","4888.98"
"All India","Groundnut","Aug 2020","4563.36"
"All India","Groundnut","Sep 2020","4066.26"
"All India","Groundnut","Oct 2020","4766.04"
"All India","Groundnut","Nov 2020","4716.98"
"All India","Groundnut","Dec 2020","4762.78"
"All India","Groundnut","Jan 2021","5106.83"
"All India","Groundnut","Feb 2021","5549.49"
"All India","Groundnut","Mar 2021","5843.94"
"All India","Groundnut","Apr 2021","5518.03"
"All India","Groundnut","May 2021","5316.58"
"All India","Groundnut","Jun 2021","5157.61"
"All India","Groundnut","Jul 2021","5012.44"
"All India","Groundnut","Aug 2021","5623.13"
"All India","Groundnut","Sep 2021","5751.18"
"All India","Groundnut","Oct 2021","5537.89"
"All India","Groundnut","Nov 2021","5494.19"
"All India","Groundnut","Dec 2021","5434.32"
"All India","Groundnut","Jan 2022","5501.53"
"All India","Groundnut","Feb 2022","5557.89"
"All India","Groundnut","Mar 2022","5876.18"
"All India","Groundnut","Apr 2022","5852.25"
"All India","Groundnut","May 2022","5708.83"
"All India","Groundnut","Jun 2022","5858.17"
"All India","Groundnut","Jul 2022","5562.49"
"All India","Groundnut","Aug 2022","5568.30"
"All India","Groundnut","Sep 2022","5929.57"
"All India","Groundnut","Oct 2022","6013.75"
"All India","Groundnut","Nov 2022","5629.79"
"All India","Groundnut","Dec 2022","5910.28"
"All India","Groundnut","Jan 2023","6395.67"
"All India","Groundnut","Feb 2023","6733.80"
"All India","Groundnut","Mar 2023","6970.11"
"All India","Groundnut","Apr 2023","6560.47"
"All India","Groundnut","May 2023","6564.18"
"All India","Groundnut","Jun 2023","6525.52"
"All India","Groundnut","Jul 2023","6714.19"
"All India","Groundnut","Aug 2023","6464.20"
"All India","Groundnut","Sep 2023","6680.84"
"All India","Groundnut","Oct 2023","6385.14"
"All India","Groundnut","Nov 2023","6332.61"
"All India","Groundnut","Dec 2023","6341.85"
"All India","Groundnut","Jan 2024","6288.70"
"All India","Groundnut","Feb 2024","6274.26"
"All India","Groundnut","Mar 2024","6399.47"
"All India","Groundnut","Apr 2024","6189.12"
"All India","Groundnut","May 2024","6055.66"
"All India","Groundnut","Jun 2024","6039.74"
"All India","Groundnut","Jul 2024","5531.81"
"All India","Groundnut","Aug 2024","5573.70"
"All India","Groundnut","Sep 2024","5452.67"
"All India","Groundnut","Oct 2024","5595.73"
"All India","Groundnut","Nov 2024","5253.24"
"All India","Groundnut","Dec 2024","5116.78"
"All India","Groundnut","Jan 2025","4956.30"
"All India","Groundnut","Feb 2025","4925.08"
"All India","Groundnut","Mar 2025","5454.91"
"All India","Groundnut","Apr 2025","5136.55"
"All India","Groundnut","May 2025","5114.97"
"All India","Groundnut","Jun 2025","5399.01"
"All India","Groundnut","Jul 2025","5389.48"
"All India","Groundnut","Aug 2025","5776.55"
"All India","Groundnut","Sep 2025","5468.03"
"All India","Groundnut","Oct 2025","5337.12"
"All India","Groundnut","Nov 2025","5471.94"
"All India","Groundnut","Dec 2025","5969.97"
"All India","Groundnut","Jan 2026","6543.02"
"All India","Groundnut","Feb 2026","8095.20"
"All India","Groundnut","Mar 2026","7137.99"
"All India","Groundnut","Apr 2026","6786.42"
"All India","Groundnut","May 2026","7134.75"
"All India","Groundnut","Jun 2026","7198.93"
"All India","Groundnut","Jul 2026","7158.03"
"All India","Groundnut","Aug 2026","6968.43"
"All India","Groundnut","Sep 2026","7059.25"
"All India","Potato","Oct 2016","1185.14"
"All India","Potato","Nov 2016","987.08"
"All India","Potato","Dec 2016","591.55"
"All India","Potato","Jan 2017","484.80"
"All India","Potato","Feb 2017","467.05"
"All India","Potato","Mar 2017","460.36"
"All India","Potato","Apr 2017","518.30"
"All India","Potato","May 2017","557.75"
"All India","Potato","Jun 2017","582.87"
"All India","Potato","Jul 2017","588.40"
"All India","Potato","Aug 2017","557.41"
"All India","Potato","Sep 2017","557.77"
"All India","Potato","Oct 2017","553.02"
"All India","Potato","Nov 2017","588.14"
"All India","Potato","Dec 2017","548.91"
"All India","Potato","Jan 2018","563.71"
"All India","Potato","Feb 2018","564.79"
"All India","Potato","Mar 2018","851.62"
"All India","Potato","Apr 2018","1004.24"
"All India","Potato","May 2018","1237.20"
"All India","Potato","Jun 2018","1308.51"
"All India","Potato","Jul 2018","1331.45"
"All India","Potato","Aug 2018","1292.60"
"All India","Potato","Sep 2018","1329.20"
"All India","Potato","Oct 2018","1282.44"
"All India","Potato","Nov 2018","1171.10"
"All India","Potato","Dec 2018","740.89"
"All India","Potato","Jan 2019","599.13"
"All India","Potato","Feb 2019","597.35"
"All India","Potato","Mar 2019","628.16"
"All India","Potato","Apr 2019","763.81"
"All India","Potato","May 2019","842.38"
"All India","Potato","Jun 2019","861.23"
"All India","Potato","Jul 2019","842.53"
"All India","Potato","Aug 2019","827.62"
"All India","Potato","Sep 2019","873.55"
"All India","Potato","Oct 2019","1016.78"
"All India","Potato","Nov 2019","1145.56"
"All India","Potato","Dec 2019","1396.12"
"All India","Potato","Jan 2020","1381.10"
"All India","Potato","Feb 2020","1103.19"
"All India","Potato","Mar 2020","1275.56"
"All India","Potato","Apr 2020","1541.69"
"All India","Potato","May 2020","1542.18"
"All India","Potato","Jun 2020","1658.62"
"All India","Potato","Jul 2020","1966.24"
"All India","Potato","Aug 2020","2204.43"
"All India","Potato","Sep 2020","2457.52"
"All India","Potato","Oct 2020","2630.62"
"All India","Potato","Nov 2020","3057.02"
"All India","Potato","Dec 2020","1786.87"
"All India","Potato","Jan 2021","978.36"
"All India","Potato","Feb 2021","730.95"
"All India","Potato","Mar 2021","757.37"
"All India","Potato","Apr 2021","904.38"
"All India","Potato","May 2021","1028.15"
"All India","Potato","Jun 2021","1050.26"
"All India","Potato","Jul 2021","1030.27"
"All India","Potato","Aug 2021","1038.40"
"All India","Potato","Sep 2021","1019.36"
"All India","Potato","Oct 2021","1123.89"
"All India","Potato","Nov 2021","1422.23"
"All India","Potato","Dec 2021","996.53"
"All India","Potato","Jan 2022","861.81"
"All India","Potato","Feb 2022","860.63"
"All India","Potato","Mar 2022","955.98"
"All India","Potato","Apr 2022","1022.33"
"All India","Potato","May 2022","1235.91"
"All India","Potato","Jun 2022","1406.73"
"All India","Potato","Jul 2022","1558.14"
"All India","Potato","Aug 2022","1632.60"
"All India","Potato","Sep 2022","1591.50"
"All India","Potato","Oct 2022","1660.67"
"All India","Potato","Nov 2022","1616.22"
"All India","Potato","Dec 2022","1351.27"
"All India","Potato","Jan 2023","972.62"
"All India","Potato","Feb 2023","809.16"
"All India","Potato","Mar 2023","782.24"
"All India","Potato","Apr 2023","840.87"
"All India","Potato","May 2023","1017.49"
"All India","Potato","Jun 2023","1049.81"
"All India","Potato","Jul 2023","1148.38"
"All India","Potato","Aug 2023","1371.12"
"All India","Potato","Sep 2023","1112.81"
"All India","Potato","Oct 2023","1062.30"
"All India","Potato","Nov 2023","1023.37"
"All India","Potato","Dec 2023","898.09"
"All India","Potato","Jan 2024","765.65"
"All India","Potato","Feb 2024","841.41"
"All India","Potato","Mar 2024","1225.64"
"All India","Potato","Apr 2024","1599.46"
"All India","Potato","May 2024","1788.16"
"All India","Potato","Jun 2024","1920.26"
"All India","Potato","Jul 2024","2254.74"
"All India","Potato","Aug 2024","2305.36"
"All India","Potato","Sep 2024","2165.65"
"All India","Potato","Oct 2024","2166.33"
"All India","Potato","Nov 2024","2125.12"
"All India","Potato","Dec 2024","1884.51"
"All India","Potato","Jan 2025","1345.42"
"All India","Potato","Feb 2025","997.84"
"All India","Potato","Mar 2025","1071.16"
"All India","Potato","Apr 2025","1136.03"
"All India","Potato","May 2025","1163.37"
"All India","Potato","Jun 2025","1233.16"
"All India","Potato","Jul 2025","1189.33"
"All India","Potato","Aug 2025","1076.38"
"All India","Potato","Sep 2025","1082.40"
"All India","Potato","Oct 2025","1148.39"
"All India","Potato","Nov 2025","1349.84"
"All India","Potato","Dec 2025","933.88"
"All India","Potato","Jan 2026","759.90"
"All India","Potato","Feb 2026","707.03"
"All India","Potato","Mar 2026","630.05"
"All India","Potato","Apr 2026","676.39"
"All India","Potato","May 2026","717.40"
"All India","Potato","Jun 2026","766.88"
"All India","Potato","Jul 2026","792.87"
"All India","Potato","Aug 2026","719.60"
"All India","Potato","Sep 2026","777.77"
"All India","Sunflower","Oct 2016","3080.96"
"All India","Sunflower","Nov 2016","3115.53"
"All India","Sunflower","Dec 2016","3184.99"
"All India","Sunflower","Jan 2017","3226.40"
"All India","Sunflower","Feb 2017","3148.49"
"All India","Sunflower","Mar 2017","2954.27"
"All India","Sunflower","Apr 2017","2655.41"
"All India","Sunflower","May 2017","2631.37"
"All India","Sunflower","Jun 2017","2569.95"
"All India","Sunflower","Jul 2017","2702.69"
"All India","Sunflower","Aug 2017","2869.79"
"All India","Sunflower","Sep 2017","2936.75"
"All India","Sunflower","Oct 2017","2789.97"
"All India","Sunflower","Nov 2017","5643.17"
"All India","Sunflower","Dec 2017","2748.04"
"All India","Sunflower","Jan 2018","2920.73"
"All India","Sunflower","Feb 2018","3053.12"
"All India","Sunflower","Mar 2018","3169.37"
"All India","Sunflower","Apr 2018","2987.51"
"All India","Sunflower","May 2018","3878.92"
"All India","Sunflower","Jun 2018","3319.41"
"All India","Sunflower","Jul 2018","3422.07"
"All India","Sunflower","Aug 2018","3475.53"
"All India","Sunflower","Sep 2018","3748.68"
"All India","Sunflower","Oct 2018","3640.81"
"All India","Sunflower","Nov 2018","3624.68"
"All India","Sunflower","Dec 2018","3666.74"
"All India","Sunflower","Jan 2019","3808.90"
"All India","Sunflower","Feb 2019","3848.67"
"All India","Sunflower","Mar 2019","3621.41"
"All India","Sunflower","Apr 2019","3589.43"
"All India","Sunflower","May 2019","3482.35"
"All India","Sunflower","Jun 2019","4950.56"
"All India","Sunflower","Jul 2019","5165.14"
"All India","Sunflower","Aug 2019","3745.01"
"All India","Sunflower","Sep 2019","3938.81"
"All India","Sunflower","Oct 2019","3523.11"
"All India","Sunflower","Nov 2019","3401.42"
"All India","Sunflower","Dec 2019","3751.27"
"All India","Sunflower","Jan 2020","4037.02"
"All India","Sunflower","Feb 2020","3878.11"
"All India","Sunflower","Mar 2020","3620.38"
"All India","Sunflower","Apr 2020","3681.14"
"All India","Sunflower","May 2020","3455.95"
"All India","Sunflower","Jun 2020","5282.93"
"All India","Sunflower","Jul 2020","5015.08"
"All India","Sunflower","Aug 2020","3918.36"
"All India","Sunflower","Sep 2020","4489.54"
"All India","Sunflower","Oct 2020","3789.33"
"All India","Sunflower","Nov 2020","4395.88"
"All India","Sunflower","Dec 2020","5299.48"
"All India","Sunflower","Jan 2021","5658.50"
"All India","Sunflower","Feb 2021","5997.71"
"All India","Sunflower","Mar 2021","6711.45"
"All India","Sunflower","Apr 2021","6181.66"
"All India","Sunflower","May 2021","6092.03"
"All India","Sunflower","Jun 2021","5745.47"
"All India","Sunflower","Jul 2021","5787.87"
"All India","Sunflower","Aug 2021","6322.02"
"All India","Sunflower","Sep 2021","5389.62"
"All India","Sunflower","Oct 2021","5558.31"
"All India","Sunflower","Nov 2021","5656.69"
"All India","Sunflower","Dec 2021","5132.86"
"All India","Sunflower","Jan 2022","5512.33"
"All India","Sunflower","Feb 2022","6169.15"
"All India","Sunflower","Mar 2022","7098.82"
"All India","Sunflower","Apr 2022","6765.20"
"All India","Sunflower","May 2022","6284.57"
"All India","Sunflower","Jun 2022","5804.69"
"All India","Sunflower","Jul 2022","6191.47"
"All India","Sunflower","Aug 2022","6322.29"
"All India","Sunflower","Sep 2022","5176.44"
"All India","Sunflower","Oct 2022","5608.06"
"All India","Sunflower","Nov 2022","5852.18"
"All India","Sunflower","Dec 2022","5378.04"
"All India","Sunflower","Jan 2023","5491.16"
"All India","Sunflower","Feb 2023","5371.56"
"All India","Sunflower","Mar 2023","4789.07"
"All India","Sunflower","Apr 2023","4457.28"
"All India","Sunflower","May 2023","4207.87"
"All India","Sunflower","Jun 2023","4770.76"
"All India","Sunflower","Jul 2023","4727.95"
"All India","Sunflower","Aug 2023","4685.77"
"All India","Sunflower","Sep 2023","4434.25"
"All India","Sunflower","Oct 2023","4658.27"
"All India","Sunflower","Nov 2023","4783.67"
"All India","Sunflower","Dec 2023","4522.50"
"All India","Sunflower","Jan 2024","4805.12"
"All India","Sunflower","Feb 2024","4647.40"
"All India","Sunflower","Mar 2024","4320.13"
"All India","Sunflower","Apr 2024","4139.15"
"All India","Sunflower","May 2024","4231.70"
"All India","Sunflower","Jun 2024","6662.09"
"All India","Sunflower","Jul 2024","4568.46"
"All India","Sunflower","Aug 2024","4723.19"
"All India","Sunflower","Sep 2024","5157.48"
"All India","Sunflower","Oct 2024","5489.72"
"All India","Sunflower","Nov 2024","6045.19"
"All India","Sunflower","Dec 2024","5808.50"
"All India","Sunflower","Jan 2025","5737.75"
"All India","Sunflower","Feb 2025","5560.16"
"All India","Sunflower","Mar 2025","5022.19"
"All India","Sunflower","Apr 2025","4819.81"
"All India","Sunflower","May 2025","4898.62"
"All India","Sunflower","Jun 2025","7249.59"
"All India","Sunflower","Jul 2025","6930.26"
"All India","Sunflower","Aug 2025","5079.47"
"All India","Sunflower","Sep 2025","5646.07"
"All India","Sunflower","Oct 2025","6109.67"
"All India","Sunflower","Nov 2025","5655.07"
"All India","Sunflower","Dec 2025","6815.87"
"All India","Sunflower","Jan 2026","7169.70"
"All India","Sunflower","Feb 2026","6578.84"
"All India","Sunflower","Mar 2026","6824.40"
"All India","Sunflower","Apr 2026","6468.81"
"All India","Sunflower","May 2026","7164.84"
"All India","Sunflower","Jun 2026","7691.08"
"All India","Sunflower","Jul 2026","7518.87"
"All India","Sunflower","Aug 2026","7262.76"
"All India","Sunflower","Sep 2026","7929.68"
"All India","Tomato","Oct 2016","1035.47"
"All India","Tomato","Nov 2016","709.28"
"All India","Tomato","Dec 2016","576.23"
"All India","Tomato","Jan 2017","588.74"
"All India","Tomato","Feb 2017","732.60"
"All India","Tomato","Mar 2017","946.07"
"All India","Tomato","Apr 2017","788.75"
"All India","Tomato","May 2017","668.04"
"All India","Tomato","Jun 2017","1427.07"
"All India","Tomato","Jul 2017","4114.68"
"All India","Tomato","Aug 2017","3217.79"
"All India","Tomato","Sep 2017","1529.77"
"All India","Tomato","Oct 2017","2030.48"
"All India","Tomato","Nov 2017","2888.33"
"All India","Tomato","Dec 2017","1407.98"
"All India","Tomato","Jan 2018","925.50"
"All India","Tomato","Feb 2018","639.90"
"All India","Tomato","Mar 2018","619.29"
"All India","Tomato","Apr 2018","655.46"
"All India","Tomato","May 2018","653.49"
"All India","Tomato","Jun 2018","1140.86"
"All India","Tomato","Jul 2018","1546.79"
"All India","Tomato","Aug 2018","1112.75"
"All India","Tomato","Sep 2018","828.84"
"All India","Tomato","Oct 2018","968.43"
"All India","Tomato","Nov 2018","937.11"
"All India","Tomato","Dec 2018","958.70"
"All India","Tomato","Jan 2019","1134.80"
"All India","Tomato","Feb 2019","970.28"
"All India","Tomato","Mar 2019","1320.85"
"All India","Tomato","Apr 2019","1390.30"
"All India","Tomato","May 2019","1905.71"
"All India","Tomato","Jun 2019","1878.55"
"All India","Tomato","Jul 2019","2161.33"
"All India","Tomato","Aug 2019","1794.45"
"All India","Tomato","Sep 2019","1512.14"
"All India","Tomato","Oct 2019","2217.65"
"All India","Tomato","Nov 2019","1750.83"
"All India","Tomato","Dec 2019","1078.00"
"All India","Tomato","Jan 2020","1205.45"
"All India","Tomato","Feb 2020","904.76"
"All India","Tomato","Mar 2020","840.72"
"All India","Tomato","Apr 2020","1006.57"
"All India","Tomato","May 2020","770.98"
"All India","Tomato","Jun 2020","1375.03"
"All India","Tomato","Jul 2020","2441.44"
"All India","Tomato","Aug 2020","2206.05"
"All India","Tomato","Sep 2020","2657.75"
"All India","Tomato","Oct 2020","2174.72"
"All India","Tomato","Nov 2020","1989.79"
"All India","Tomato","Dec 2020","1561.42"
"All India","Tomato","Jan 2021","988.87"
"All India","Tomato","Feb 2021","1002.73"
"All India","Tomato","Mar 2021","789.90"
"All India","Tomato","Apr 2021","885.03"
"All India","Tomato","May 2021","674.56"
"All India","Tomato","Jun 2021","768.85"
"All India","Tomato","Jul 2021","1096.39"
"All India","Tomato","Aug 2021","1031.67"
"All India","Tomato","Sep 2021","1048.41"
"All India","Tomato","Oct 2021","2430.06"
"All India","Tomato","Nov 2021","3257.24"
"All India","Tomato","Dec 2021","2665.66"
"All India","Tomato","Jan 2022","1414.42"
"All India","Tomato","Feb 2022","1214.04"
"All India","Tomato","Mar 2022","1028.73"
"All India","Tomato","Apr 2022","1349.84"
"All India","Tomato","May 2022","2638.61"
"All India","Tomato","Jun 2022","2960.38"
"All India","Tomato","Jul 2022","1333.08"
"All India","Tomato","Aug 2022","1289.15"
"All India","Tomato","Sep 2022","2054.06"
"All India","Tomato","Oct 2022","2357.95"
"All India","Tomato","Nov 2022","1323.42"
"All India","Tomato","Dec 2022","1146.75"
"All India","Tomato","Jan 2023","1147.53"
"All India","Tomato","Feb 2023","1204.13"
"All India","Tomato","Mar 2023","1303.94"
"All India","Tomato","Apr 2023","916.01"
"All India","Tomato","May 2023","900.33"
"All India","Tomato","Jun 2023","2267.24"
"All India","Tomato","Jul 2023","7161.25"
"All India","Tomato","Aug 2023","3468.77"
"All India","Tomato","Sep 2023","1051.08"
"All India","Tomato","Oct 2023","975.14"
"All India","Tomato","Nov 2023","2111.29"
"All India","Tomato","Dec 2023","1670.57"
"All India","Tomato","Jan 2024","1517.74"
"All India","Tomato","Feb 2024","1703.06"
"All India","Tomato","Mar 2024","1629.95"
"All India","Tomato","Apr 2024","1519.22"
"All India","Tomato","May 2024","1498.03"
"All India","Tomato","Jun 2024","2719.41"
"All India","Tomato","Jul 2024","3715.29"
"All India","Tomato","Aug 2024","2154.97"
"All India","Tomato","Sep 2024","2588.17"
"All India","Tomato","Oct 2024","3808.01"
"All India","Tomato","Nov 2024","2539.24"
"All India","Tomato","Dec 2024","2071.62"
"All India","Tomato","Jan 2025","1094.52"
"All India","Tomato","Feb 2025","876.25"
"All India","Tomato","Mar 2025","784.39"
"All India","Tomato","Apr 2025","911.31"
"All India","Tomato","May 2025","1018.88"
"All India","Tomato","Jun 2025","1682.03"
"All India","Tomato","Jul 2025","2468.29"
"All India","Tomato","Aug 2025","3110.07"
"All India","Tomato","Sep 2025","1771.75"
"All India","Tomato","Oct 2025","1671.71"
"All India","Tomato","Nov 2025","2681.78"
"All India","Tomato","Dec 2025","2933.88"
"All India","Tomato","Jan 2026","2863.52"
"All India","Tomato","Feb 2026","1631.47"
"All India","Tomato","Mar 2026","1453.69"
"All India","Tomato","Apr 2026","1713.20"
"All India","Tomato","May 2026","2052.36"
"All India","Tomato","Jun 2026","2211.80"
"All India","Tomato","Jul 2026","1725.58"
"All India","Tomato","Aug 2026","1554.22"
"All India","Tomato","Sep 2026","1924.79"
"All India","Gram","Oct 2016","9096.33"
"All India","Gram","Nov 2016","9046.00"
"All India","Gram","Dec 2016","9101.24"
"All India","Gram","Jan 2017","7553.69"
"All India","Gram","Feb 2017","5281.25"
"All India","Gram","Mar 2017","5226.54"
"All India","Gram","Apr 2017","5585.88"
"All India","Gram","May 2017","5329.56"
"All India","Gram","Jun 2017","5127.91"
"All India","Gram","Jul 2017","5032.07"
"All India","Gram","Aug 2017","5257.96"
"All India","Gram","Sep 2017","5585.09"
"All India","Gram","Oct 2017","5084.68"
"All India","Gram","Nov 2017","4712.38"
"All India","Gram","Dec 2017","4321.21"
"All India","Gram","Jan 2018","3997.70"
"All India","Gram","Feb 2018","3801.25"
"All India","Gram","Mar 2018","3590.15"
"All India","Gram","Apr 2018","3531.53"
"All India","Gram","May 2018","3703.59"
"All India","Gram","Jun 2018","3560.34"
"All India","Gram","Jul 2018","3759.30"
"All India","Gram","Aug 2018","3968.93"
"All India","Gram","Sep 2018","3849.36"
"All India","Gram","Oct 2018","3842.23"
"All India","Gram","Nov 2018","4146.26"
"All India","Gram","Dec 2018","4154.07"
"All India","Gram","Jan 2019","4389.97"
"All India","Gram","Feb 2019","4172.99"
"All India","Gram","Mar 2019","3982.83"
"All India","Gram","Apr 2019","4083.77"
"All India","Gram","May 2019","4263.61"
"All India","Gram","Jun 2019","4142.64"
"All India","Gram","Jul 2019","4084.07"
"All India","Gram","Aug 2019","4171.78"
"All India","Gram","Sep 2019","4170.00"
"All India","Gram","Oct 2019","4244.83"
"All India","Gram","Nov 2019","4196.34"
"All India","Gram","Dec 2019","4158.04"
"All India","Gram","Jan 2020","4101.36"
"All India","Gram","Feb 2020","3997.31"
"All India","Gram","Mar 2020","3773.83"
"All India","Gram","Apr 2020","4047.18"
"All India","Gram","May 2020","4036.92"
"All India","Gram","Jun 2020","4144.61"
"All India","Gram","Jul 2020","4028.00"
"All India","Gram","Aug 2020","4191.15"
"All India","Gram","Sep 2020","4752.86"
"All India","Gram","Oct 2020","5004.65"
"All India","Gram","Nov 2020","4800.40"
"All India","Gram","Dec 2020","4586.19"
"All India","Gram","Jan 2021","4574.38"
"All India","Gram","Feb 2021","4493.97"
"All India","Gram","Mar 2021","4655.50"
"All India","Gram","Apr 2021","5026.63"
"All India","Gram","May 2021","4942.52"
"All India","Gram","Jun 2021","4762.12"
"All India","Gram","Jul 2021","4636.57"
"All India","Gram","Aug 2021","4845.39"
"All India","Gram","Sep 2021","5067.08"
"All India","Gram","Oct 2021","4863.39"
"All India","Gram","Nov 2021","4747.85"
"All India","Gram","Dec 2021","4681.86"
"All India","Gram","Jan 2022","5045.61"
"All India","Gram","Feb 2022","4701.90"
"All India","Gram","Mar 2022","4661.30"
"All India","Gram","Apr 2022","4707.32"
"All India","Gram","May 2022","4611.45"
"All India","Gram","Jun 2022","4586.79"
"All India","Gram","Jul 2022","4724.18"
"All India","Gram","Aug 2022","4858.98"
"All India","Gram","Sep 2022","4782.95"
"All India","Gram","Oct 2022","4785.92"
"All India","Gram","Nov 2022","4730.70"
"All India","Gram","Dec 2022","4861.69"
"All India","Gram","Jan 2023","4947.24"
"All India","Gram","Feb 2023","4854.21"
"All India","Gram","Mar 2023","4817.90"
"All India","Gram","Apr 2023","4943.29"
"All India","Gram","May 2023","4987.97"
"All India","Gram","Jun 2023","5094.95"
"All India","Gram","Jul 2023","5142.73"
"All India","Gram","Aug 2023","5584.09"
"All India","Gram","Sep 2023","6069.63"
"All India","Gram","Oct 2023","5991.57"
"All India","Gram","Nov 2023","6178.54"
"All India","Gram","Dec 2023","6032.89"
"All India","Gram","Jan 2024","5962.00"
"All India","Gram","Feb 2024","5830.25"
"All India","Gram","Mar 2024","5512.90"
"All India","Gram","Apr 2024","5708.58"
"All India","Gram","May 2024","6153.29"
"All India","Gram","Jun 2024","6569.45"
"All India","Gram","Jul 2024","6563.34"
"All India","Gram","Aug 2024","7294.43"
"All India","Gram","Sep 2024","7194.19"
"All India","Gram","Oct 2024","6985.90"
"All India","Gram","Nov 2024","6681.20"
"All India","Gram","Dec 2024","6509.78"
"All India","Gram","Jan 2025","6339.95"
"All India","Gram","Feb 2025","5773.39"
"All India","Gram","Mar 2025","5418.04"
"All India","Gram","Apr 2025","5599.93"
"All India","Gram","May 2025","5636.35"
"All India","Gram","Jun 2025","5571.15"
"All India","Gram","Jul 2025","5835.18"
"All India","Gram","Aug 2025","5964.50"
"All India","Gram","Sep 2025","5822.21"
"All India","Gram","Oct 2025","5732.56"
"All India","Gram","Nov 2025","5497.00"
"All India","Gram","Dec 2025","5365.27"
"All India","Gram","Jan 2026","5497.12"
"All India","Gram","Feb 2026","5332.22"
"All India","Gram","Mar 2026","4984.83"
"All India","Gram","Apr 2026","5267.44"
"All India","Gram","May 2026","5490.50"
"All India","Gram","Jun 2026","5619.36"
"All India","Gram","Jul 2026","5836.96"
"All India","Gram","Aug 2026","5799.66"
"All India","Gram","Sep 2026","6115.11"
"All India","Rice","Oct 2016","1580.12"
"All India","Rice","Nov 2016","1771.74"
"All India","Rice","Dec 2016","1736.10"
"All India","Rice","Jan 2017","1721.14"
"All India","Rice","Feb 2017","1931.27"
"All India","Rice","Mar 2017","2061.39"
"All India","Rice","Apr 2017","1965.75"
"All India","Rice","May 2017","1866.83"
"All India","Rice","Jun 2017","1923.68"
"All India","Rice","Jul 2017","2126.10"
"All India","Rice","Aug 2017","2191.86"
"All India","Rice","Sep 2017","2162.26"
"All India","Rice","Oct 2017","1840.69"
"All India","Rice","Nov 2017","1977.35"
"All India","Rice","Dec 2017","1891.12"
"All India","Rice","Jan 2018","1975.75"
"All India","Rice","Feb 2018","2302.11"
"All India","Rice","Mar 2018","2221.69"
"All India","Rice","Apr 2018","2126.91"
"All India","Rice","May 2018","2053.19"
"All India","Rice","Jun 2018","2051.68"
"All India","Rice","Jul 2018","2106.55"
"All India","Rice","Aug 2018","2270.45"
"All India","Rice","Sep 2018","2198.37"
"All India","Rice","Oct 2018","2043.03"
"All India","Rice","Nov 2018","2102.99"
"All India","Rice","Dec 2018","2089.55"
"All India","Rice","Jan 2019","2055.47"
"All India","Rice","Feb 2019","2289.27"
"All India","Rice","Mar 2019","2366.12"
"All India","Rice","Apr 2019","2320.89"
"All India","Rice","May 2019","2177.57"
"All India","Rice","Jun 2019","2126.81"
"All India","Rice","Jul 2019","2166.96"
"All India","Rice","Aug 2019","2291.92"
"All India","Rice","Sep 2019","2261.81"
"All India","Rice","Oct 2019","1964.31"
"All India","Rice","Nov 2019","2065.42"
"All India","Rice","Dec 2019","2061.77"
"All India","Rice","Jan 2020","2009.46"
"All India","Rice","Feb 2020","2069.64"
"All India","Rice","Mar 2020","2228.81"
"All India","Rice","Apr 2020","2323.21"
"All India","Rice","May 2020","2030.14"
"All India","Rice","Jun 2020","2122.94"
"All India","Rice","Jul 2020","2247.28"
"All India","Rice","Aug 2020","2302.66"
"All India","Rice","Sep 2020","2197.74"
"All India","Rice","Oct 2020","1903.86"
"All India","Rice","Nov 2020","1985.58"
"All India","Rice","Dec 2020","2011.77"
"All India","Rice","Jan 2021","1977.38"
"All India","Rice","Feb 2021","2113.37"
"All India","Rice","Mar 2021","2160.40"
"All India","Rice","Apr 2021","2285.55"
"All India","Rice","May 2021","2009.65"
"All India","Rice","Jun 2021","1975.66"
"All India","Rice","Jul 2021","2146.30"
"All India","Rice","Aug 2021","2236.49"
"All India","Rice","Sep 2021","2272.40"
"All India","Rice","Oct 2021","2057.57"
"All India","Rice","Nov 2021","2350.27"
"All India","Rice","Dec 2021","2243.06"
"All India","Rice","Jan 2022","2218.15"
"All India","Rice","Feb 2022","2448.57"
"All India","Rice","Mar 2022","2429.54"
"All India","Rice","Apr 2022","2244.95"
"All India","Rice","May 2022","2042.87"
"All India","Rice","Jun 2022","2245.66"
"All India","Rice","Jul 2022","2378.57"
"All India","Rice","Aug 2022","2443.61"
"All India","Rice","Sep 2022","2570.73"
"All India","Rice","Oct 2022","2281.47"
"All India","Rice","Nov 2022","2535.39"
"All India","Rice","Dec 2022","2517.30"
"All India","Rice","Jan 2023","2478.96"
"All India","Rice","Feb 2023","2640.27"
"All India","Rice","Mar 2023","2558.00"
"All India","Rice","Apr 2023","2420.22"
"All India","Rice","May 2023","2295.37"
"All India","Rice","Jun 2023","2547.37"
"All India","Rice","Jul 2023","2760.40"
"All India","Rice","Aug 2023","2801.71"
"All India","Rice","Sep 2023","2750.56"
"All India","Rice","Oct 2023","2439.28"
"All India","Rice","Nov 2023","2747.25"
"All India","Rice","Dec 2023","2685.74"
"All India","Rice","Jan 2024","2419.81"
"All India","Rice","Feb 2024","2827.73"
"All India","Rice","Mar 2024","2978.51"
"All India","Rice","Apr 2024","2749.38"
"All India","Rice","May 2024","2617.30"
"All India","Rice","Jun 2024","2797.31"
"All India","Rice","Jul 2024","2795.18"
"All India","Rice","Aug 2024","2887.79"
"All India","Rice","Sep 2024","2877.58"
"All India","Rice","Oct 2024","2455.68"
"All India","Rice","Nov 2024","2621.66"
"All India","Rice","Dec 2024","2508.21"
"All India","Rice","Jan 2025","2458.88"
"All India","Rice","Feb 2025","2718.88"
"All India","Rice","Mar 2025","2718.99"
"All India","Rice","Apr 2025","2652.38"
"All India","Rice","May 2025","2618.43"
"All India","Rice","Jun 2025","2612.55"
"All India","Rice","Jul 2025","2711.71"
"All India","Rice","Aug 2025","2876.22"
"All India","Rice","Sep 2025","2729.58"
"All India","Rice","Oct 2025","2447.98"
"All India","Rice","Nov 2025","2736.11"
"All India","Rice","Dec 2025","3553.95"
"All India","Rice","Jan 2026","3660.87"
"All India","Rice","Feb 2026","3403.97"
"All India","Rice","Mar 2026","3192.43"
"All India","Rice","Apr 2026","3812.65"
"All India","Rice","May 2026","3620.81"
"All India","Rice","Jun 2026","3667.57"
"All India","Rice","Jul 2026","3933.02"
"All India","Rice","Aug 2026","3818.31"
"All India","Rice","Sep 2026","4396.16"
"All India","Jowar","Oct 2016","1587.45"
"All India","Jowar","Nov 2016","1745.94"
"All India","Jowar","Dec 2016","1840.49"
"All India","Jowar","Jan 2017","1816.57"
"All India","Jowar","Feb 2017","2044.47"
"All India","Jowar","Mar 2017","2030.16"
"All India","Jowar","Apr 2017","1963.55"
"All India","Jowar","May 2017","1917.80"
"All India","Jowar","Jun 2017","1953.04"
"All India","Jowar","Jul 2017","2046.24"
"All India","Jowar","Aug 2017","2109.41"
"All India","Jowar","Sep 2017","1902.49"
"All India","Jowar","Oct 2017","1640.72"
"All India","Jowar","Nov 2017","1649.23"
"All India","Jowar","Dec 2017","1856.77"
"All India","Jowar","Jan 2018","1918.65"
"All India","Jowar","Feb 2018","1923.19"
"All India","Jowar","Mar 2018","1859.05"
"All India","Jowar","Apr 2018","1768.57"
"All India","Jowar","May 2018","1978.38"
"All India","Jowar","Jun 2018","2150.27"
"All India","Jowar","Jul 2018","2250.80"
"All India","Jowar","Aug 2018","2163.41"
"All India","Jowar","Sep 2018","1988.38"
"All India","Jowar","Oct 2018","1977.29"
"All India","Jowar","Nov 2018","2200.28"
"All India","Jowar","Dec 2018","2504.58"
"All India","Jowar","Jan 2019","2531.46"
"All India","Jowar","Feb 2019","2307.46"
"All India","Jowar","Mar 2019","2367.44"
"All India","Jowar","Apr 2019","2355.02"
"All India","Jowar","May 2019","2539.84"
"All India","Jowar","Jun 2019","2735.57"
"All India","Jowar","Jul 2019","2861.77"
"All India","Jowar","Aug 2019","2941.20"
"All India","Jowar","Sep 2019","2798.99"
"All India","Jowar","Oct 2019","2272.93"
"All India","Jowar","Nov 2019","2008.18"
"All India","Jowar","Dec 2019","2351.61"
"All India","Jowar","Jan 2020","2722.59"
"All India","Jowar","Feb 2020","2529.98"
"All India","Jowar","Mar 2020","2602.23"
"All India","Jowar","Apr 2020","2401.69"
"All India","Jowar","May 2020","2583.67"
"All India","Jowar","Jun 2020","2880.74"
"All India","Jowar","Jul 2020","2803.19"
"All India","Jowar","Aug 2020","2468.18"
"All India","Jowar","Sep 2020","2259.73"
"All India","Jowar","Oct 2020","1810.58"
"All India","Jowar","Nov 2020","1936.02"
"All India","Jowar","Dec 2020","2163.65"
"All India","Jowar","Jan 2021","2356.77"
"All India","Jowar","Feb 2021","2475.77"
"All India","Jowar","Mar 2021","2665.13"
"All India","Jowar","Apr 2021","2459.84"
"All India","Jowar","May 2021","2165.89"
"All India","Jowar","Jun 2021","2340.80"
"All India","Jowar","Jul 2021","2179.37"
"All India","Jowar","Aug 2021","2214.67"
"All India","Jowar","Sep 2021","2075.07"
"All India","Jowar","Oct 2021","2030.43"
"All India","Jowar","Nov 2021","1955.25"
"All India","Jowar","Dec 2021","2110.01"
"All India","Jowar","Jan 2022","2317.40"
"All India","Jowar","Feb 2022","2446.17"
"All India","Jowar","Mar 2022","2570.43"
"All India","Jowar","Apr 2022","2551.02"
"All India","Jowar","May 2022","2541.82"
"All India","Jowar","Jun 2022","2720.96"
"All India","Jowar","Jul 2022","2976.08"
"All India","Jowar","Aug 2022","2906.80"
"All India","Jowar","Sep 2022","2845.21"
"All India","Jowar","Oct 2022","2843.10"
"All India","Jowar","Nov 2022","3010.04"
"All India","Jowar","Dec 2022","3636.94"
"All India","Jowar","Jan 2023","3725.37"
"All India","Jowar","Feb 2023","3790.68"
"All India","Jowar","Mar 2023","3739.71"
"All India","Jowar","Apr 2023","3367.98"
"All India","Jowar","May 2023","3398.36"
"All India","Jowar","Jun 2023","3950.00"
"All India","Jowar","Jul 2023","4170.06"
"All India","Jowar","Aug 2023","4025.36"
"All India","Jowar","Sep 2023","4053.14"
"All India","Jowar","Oct 2023","3561.35"
"All India","Jowar","Nov 2023","3867.86"
"All India","Jowar","Dec 2023","4181.25"
"All India","Jowar","Jan 2024","4093.29"
"All India","Jowar","Feb 2024","3594.48"
"All India","Jowar","Mar 2024","3207.88"
"All India","Jowar","Apr 2024","3074.04"
"All India","Jowar","May 2024","2983.47"
"All India","Jowar","Jun 2024","3158.07"
"All India","Jowar","Jul 2024","3232.51"
"All India","Jowar","Aug 2024","3143.70"
"All India","Jowar","Sep 2024","2875.85"
"All India","Jowar","Oct 2024","2825.88"
"All India","Jowar","Nov 2024","2932.18"
"All India","Jowar","Dec 2024","3111.30"
"All India","Jowar","Jan 2025","3197.67"
"All India","Jowar","Feb 2025","3028.30"
"All India","Jowar","Mar 2025","2617.50"
"All India","Jowar","Apr 2025","2848.57"
"All India","Jowar","May 2025","3098.76"
"All India","Jowar","Jun 2025","3109.66"
"All India","Jowar","Jul 2025","3355.94"
"All India","Jowar","Aug 2025","3419.95"
"All India","Jowar","Sep 2025","3159.34"
"All India","Jowar","Oct 2025","3385.23"
"All India","Jowar","Nov 2025","3174.53"
"All India","Jowar","Dec 2025","3540.34"
"All India","Jowar","Jan 2026","3340.32"
"All India","Jowar","Feb 2026","4007.94"
"All India","Jowar","Mar 2026","3610.96"
"All India","Jowar","Apr 2026","3204.92"
"All India","Jowar","May 2026","3459.78"
"All India","Jowar","Jun 2026","3711.97"
"All India","Jowar","Jul 2026","3921.66"
"All India","Jowar","Aug 2026","3578.28"
"All India","Jowar","Sep 2026","3580.37"
"All India","Sugarcane","Oct 2016","4000.00"
"All India","Sugarcane","Nov 2016","270.82"
"All India","Sugarcane","Dec 2016","374.19"
"All India","Sugarcane","Jan 2017","229.99"
"All India","Sugarcane","Feb 2017","230.00"
"All India","Sugarcane","Mar 2017","230.54"
"All India","Sugarcane","Apr 2017","230.90"
"All India","Sugarcane","May 2017","230.15"
"All India","Sugarcane","Jun 2017","236.66"
"All India","Sugarcane","Jul 2017","230.00"
"All India","Sugarcane","Aug 2017","230.00"
"All India","Sugarcane","Nov 2017","2650.00"
"All India","Sugarcane","Jan 2018","230.39"
"All India","Sugarcane","Feb 2018","234.33"
"All India","Sugarcane","Mar 2018","235.40"
"All India","Sugarcane","Apr 2018","260.00"
"All India","Sugarcane","Jun 2018","230.00"
"All India","Sugarcane","Jul 2018","230.00"
"All India","Sugarcane","Aug 2018","230.00"
"All India","Sugarcane","Oct 2018","15.00"
"All India","Sugarcane","Nov 2018","15.00"
"All India","Sugarcane","Dec 2018","261.00"
"All India","Sugarcane","Jan 2019","263.61"
"All India","Sugarcane","Feb 2019","269.04"
"All India","Sugarcane","Mar 2019","262.60"
"All India","Sugarcane","Apr 2019","261.51"
"All India","Sugarcane","May 2019","262.63"
"All India","Sugarcane","Jun 2019","267.25"
"All India","Sugarcane","Aug 2019","300.00"
"All India","Sugarcane","Oct 2019","25.00"
"All India","Sugarcane","Jan 2020","261.80"
"All India","Sugarcane","Feb 2020","270.16"
"All India","Sugarcane","Mar 2020","261.16"
"All India","Sugarcane","Apr 2020","262.25"
"All India","Sugarcane","May 2020","264.98"
"All India","Sugarcane","Jul 2020","4000.00"
"All India","Sugarcane","Sep 2020","3500.00"
"All India","Sugarcane","Nov 2020","379.31"
"All India","Sugarcane","Dec 2020","293.87"
"All India","Sugarcane","Jan 2021","290.64"
"All India","Sugarcane","Feb 2021","298.35"
"All India","Sugarcane","Mar 2021","275.29"
"All India","Sugarcane","Apr 2021","1547.08"
"All India","Sugarcane","May 2021","275.00"
"All India","Sugarcane","Sep 2021","3289.37"
"All India","Sugarcane","Oct 2021","300.00"
"All India","Sugarcane","Nov 2021","285.01"
"All India","Sugarcane","Dec 2021","277.17"
"All India","Sugarcane","Jan 2022","286.06"
"All India","Sugarcane","Feb 2022","287.51"
"All India","Sugarcane","Mar 2022","278.64"
"All India","Sugarcane","Apr 2022","295.29"
"All India","Sugarcane","May 2022","298.04"
"All India","Sugarcane","Jun 2022","300.00"
"All India","Sugarcane","Jul 2022","3379.57"
"All India","Sugarcane","Aug 2022","4107.80"
"All India","Sugarcane","Sep 2022","300.00"
"All India","Sugarcane","Oct 2022","300.00"
"All India","Sugarcane","Nov 2022","261.18"
"All India","Sugarcane","Dec 2022","284.33"
"All India","Sugarcane","Jan 2023","279.25"
"All India","Sugarcane","Feb 2023","275.92"
"All India","Sugarcane","Mar 2023","284.61"
"All India","Sugarcane","Apr 2023","291.82"
"All India","Sugarcane","May 2023","282.14"
"All India","Sugarcane","Jun 2023","300.00"
"All India","Sugarcane","Jul 2023","310.00"
"All India","Sugarcane","Sep 2023","300.00"
"All India","Sugarcane","Oct 2023","300.00"
"All India","Sugarcane","Nov 2023","300.00"
"All India","Sugarcane","Dec 2023","291.15"
"All India","Sugarcane","Jan 2024","290.13"
"All India","Sugarcane","Feb 2024","300.07"
"All India","Sugarcane","Mar 2024","293.33"
"All India","Sugarcane","Apr 2024","424.03"
"All India","Sugarcane","May 2024","280.98"
"All India","Sugarcane","Jun 2024","397.69"
"All India","Sugarcane","Jul 2024","453.82"
"All India","Sugarcane","Aug 2024","550.00"
"All India","Sugarcane","Sep 2024","300.74"
"All India","Sugarcane","Oct 2024","550.00"
"All India","Sugarcane","Nov 2024","371.02"
"All India","Sugarcane","Dec 2024","322.94"
"All India","Sugarcane","Jan 2025","344.06"
"All India","Sugarcane","Feb 2025","339.82"
"All India","Sugarcane","Mar 2025","306.48"
"All India","Sugarcane","Apr 2025","337.84"
"All India","Sugarcane","May 2025","291.44"
"All India","Sugarcane","Jun 2025","329.32"
"All India","Sugarcane","Jul 2025","204.73"
"All India","Sugarcane","Aug 2025","263.86"
"All India","Sugarcane","Sep 2025","262.40"
"All India","Sugarcane","Oct 2025","356.70"
"All India","Sugarcane","Nov 2025","366.61"
"All India","Sugarcane","Dec 2025","331.59"
"All India","Sugarcane","Jan 2026","330.67"
"All India","Sugarcane","Feb 2026","344.67"
"All India","Sugarcane","Mar 2026","323.91"
"All India","Sugarcane","Apr 2026","345.42"
"All India","Sugarcane","May 2026","337.70"
"All India","Sugarcane","Jun 2026","335.67"
"All India","Sugarcane","Jul 2026","318.80"
"All India","Sugarcane","Aug 2026","359.13"
"All India","Onion","Oct 2016","674.42"
"All India","Onion","Nov 2016","845.67"
"All India","Onion","Dec 2016","753.08"
"All India","Onion","Jan 2017","673.69"
"All India","Onion","Feb 2017","607.21"
"All India","Onion","Mar 2017","629.02"
"All India","Onion","Apr 2017","593.25"
"All India","Onion","May 2017","519.98"
"All India","Onion","Jun 2017","707.08"
"All India","Onion","Jul 2017","771.24"
"All India","Onion","Aug 2017","1891.84"
"All India","Onion","Sep 2017","1510.65"
"All India","Onion","Oct 2017","2074.88"
"All India","Onion","Nov 2017","2713.28"
"All India","Onion","Dec 2017","2756.03"
"All India","Onion","Jan 2018","2556.84"
"All India","Onion","Feb 2018","1546.33"
"All India","Onion","Mar 2018","944.10"
"All India","Onion","Apr 2018","733.91"
"All India","Onion","May 2018","687.85"
"All India","Onion","Jun 2018","841.24"
"All India","Onion","Jul 2018","1149.53"
"All India","Onion","Aug 2018","1042.94"
"All India","Onion","Sep 2018","909.62"
"All India","Onion","Oct 2018","1156.04"
"All India","Onion","Nov 2018","1041.18"
"All India","Onion","Dec 2018","743.69"
"All India","Onion","Jan 2019","653.76"
"All India","Onion","Feb 2019","548.98"
"All India","Onion","Mar 2019","643.83"
"All India","Onion","Apr 2019","745.33"
"All India","Onion","May 2019","831.18"
"All India","Onion","Jun 2019","965.73"
"All India","Onion","Jul 2019","1236.11"
"All India","Onion","Aug 2019","1679.17"
"All India","Onion","Sep 2019","2723.24"
"All India","Onion","Oct 2019","2707.71"
"All India","Onion","Nov 2019","4154.93"
"All India","Onion","Dec 2019","5745.70"
"All India","Onion","Jan 2020","3242.68"
"All India","Onion","Feb 2020","1880.22"
"All India","Onion","Mar 2020","1560.28"
"All India","Onion","Apr 2020","1293.55"
"All India","Onion","May 2020","800.56"
"All India","Onion","Jun 2020","832.39"
"All India","Onion","Jul 2020","784.85"
"All India","Onion","Aug 2020","1048.20"
"All India","Onion","Sep 2020","2286.78"
"All India","Onion","Oct 2020","3795.19"
"All India","Onion","Nov 2020","3702.75"
"All India","Onion","Dec 2020","2353.85"
"All India","Onion","Jan 2021","2375.76"
"All India","Onion","Feb 2021","2766.80"
"All India","Onion","Mar 2021","1407.25"
"All India","Onion","Apr 2021","975.97"
"All India","Onion","May 2021","1241.86"
"All India","Onion","Jun 2021","1688.56"
"All India","Onion","Jul 2021","1641.92"
"All India","Onion","Aug 2021","1569.67"
"All India","Onion","Sep 2021","1565.16"
"All India","Onion","Oct 2021","2490.39"
"All India","Onion","Nov 2021","2035.97"
"All India","Onion","Dec 2021","1923.85"
"All India","Onion","Jan 2022","1899.00"
"All India","Onion","Feb 2022","1988.22"
"All India","Onion","Mar 2022","1319.11"
"All India","Onion","Apr 2022","960.47"
"All India","Onion","May 2022","900.59"
"All India","Onion","Jun 2022","1094.99"
"All India","Onion","Jul 2022","1144.21"
"All India","Onion","Aug 2022","1105.22"
"All India","Onion","Sep 2022","1055.88"
"All India","Onion","Oct 2022","1547.12"
"All India","Onion","Nov 2022","1584.90"
"All India","Onion","Dec 2022","1451.70"
"All India","Onion","Jan 2023","1558.61"
"All India","Onion","Feb 2023","1185.62"
"All India","Onion","Mar 2023","1038.58"
"All India","Onion","Apr 2023","796.66"
"All India","Onion","May 2023","859.18"
"All India","Onion","Jun 2023","968.30"
"All India","Onion","Jul 2023","1227.98"
"All India","Onion","Aug 2023","1815.79"
"All India","Onion","Sep 2023","1868.64"
"All India","Onion","Oct 2023","2583.89"
"All India","Onion","Nov 2023","3433.99"
"All India","Onion","Dec 2023","2245.08"
"All India","Onion","Jan 2024","1497.41"
"All India","Onion","Feb 2024","1342.32"
"All India","Onion","Mar 2024","1441.40"
"All India","Onion","Apr 2024","1361.81"
"All India","Onion","May 2024","1462.07"
"All India","Onion","Jun 2024","2231.50"
"All India","Onion","Jul 2024","2647.25"
"All India","Onion","Aug 2024","3178.99"
"All India","Onion","Sep 2024","3708.78"
"All India","Onion","Oct 2024","3507.11"
"All India","Onion","Nov 2024","3675.96"
"All India","Onion","Dec 2024","2715.89"
"All India","Onion","Jan 2025","2086.89"
"All India","Onion","Feb 2025","2090.06"
"All India","Onion","Mar 2025","1670.81"
"All India","Onion","Apr 2025","1115.04"
"All India","Onion","May 2025","1014.42"
"All India","Onion","Jun 2025","1224.98"
"All India","Onion","Jul 2025","1235.42"
"All India","Onion","Aug 2025","1255.52"
"All India","Onion","Sep 2025","1076.76"
"All India","Onion","Oct 2025","1059.04"
"All India","Onion","Nov 2025","1077.26"
"All India","Onion","Dec 2025","1327.43"
"All India","Onion","Jan 2026","1403.72"
"All India","Onion","Feb 2026","1151.87"
"All India","Onion","Mar 2026","1023.29"
"All India","Onion","Apr 2026","1031.37"
"All India","Onion","May 2026","1071.92"
"All India","Onion","Jun 2026","1474.77"
"All India","Onion","Jul 2026","1948.82"
"All India","Onion","Aug 2026","2468.58"
"All India","Onion","Sep 2026","3709.25"
"All India","Wheat","Oct 2016","1732.45"
"All India","Wheat","Nov 2016","1874.69"
"All India","Wheat","Dec 2016","1895.40"
"All India","Wheat","Jan 2017","1889.43"
"All India","Wheat","Feb 2017","1807.05"
"All India","Wheat","Mar 2017","1705.65"
"All India","Wheat","Apr 2017","1632.56"
"All India","Wheat","May 2017","1641.35"
"All India","Wheat","Jun 2017","1633.38"
"All India","Wheat","Jul 2017","1632.29"
"All India","Wheat","Aug 2017","1638.99"
"All India","Wheat","Sep 2017","1642.00"
"All India","Wheat","Oct 2017","1629.41"
"All India","Wheat","Nov 2017","1672.85"
"All India","Wheat","Dec 2017","1667.84"
"All India","Wheat","Jan 2018","1682.73"
"All India","Wheat","Feb 2018","1700.18"
"All India","Wheat","Mar 2018","1765.26"
"All India","Wheat","Apr 2018","1735.38"
"All India","Wheat","May 2018","1738.52"
"All India","Wheat","Jun 2018","1739.16"
"All India","Wheat","Jul 2018","1777.06"
"All India","Wheat","Aug 2018","1907.57"
"All India","Wheat","Sep 2018","1880.54"
"All India","Wheat","Oct 2018","1897.89"
"All India","Wheat","Nov 2018","1938.93"
"All India","Wheat","Dec 2018","1958.25"
"All India","Wheat","Jan 2019","2022.20"
"All India","Wheat","Feb 2019","1995.21"
"All India","Wheat","Mar 2019","1922.62"
"All India","Wheat","Apr 2019","1842.73"
"All India","Wheat","May 2019","1855.80"
"All India","Wheat","Jun 2019","1862.96"
"All India","Wheat","Jul 2019","1907.08"
"All India","Wheat","Aug 2019","1970.04"
"All India","Wheat","Sep 2019","1980.65"
"All India","Wheat","Oct 2019","2015.75"
"All India","Wheat","Nov 2019","2059.27"
"All India","Wheat","Dec 2019","2083.37"
"All India","Wheat","Jan 2020","2158.34"
"All India","Wheat","Feb 2020","2052.23"
"All India","Wheat","Mar 2020","1884.56"
"All India","Wheat","Apr 2020","1912.01"
"All India","Wheat","May 2020","1905.70"
"All India","Wheat","Jun 2020","1866.43"
"All India","Wheat","Jul 2020","1852.38"
"All India","Wheat","Aug 2020","1819.52"
"All India","Wheat","Sep 2020","1740.75"
"All India","Wheat","Oct 2020","1737.94"
"All India","Wheat","Nov 2020","1749.62"
"All India","Wheat","Dec 2020","1697.25"
"All India","Wheat","Jan 2021","1801.27"
"All India","Wheat","Feb 2021","1754.35"
"All India","Wheat","Mar 2021","1823.82"
"All India","Wheat","Apr 2021","1958.19"
"All India","Wheat","May 2021","1956.95"
"All India","Wheat","Jun 2021","1901.94"
"All India","Wheat","Jul 2021","1811.04"
"All India","Wheat","Aug 2021","1822.73"
"All India","Wheat","Sep 2021","1926.04"
"All India","Wheat","Oct 2021","1973.64"
"All India","Wheat","Nov 2021","2000.76"
"All India","Wheat","Dec 2021","1990.38"
"All India","Wheat","Jan 2022","1993.75"
"All India","Wheat","Feb 2022","2020.37"
"All India","Wheat","Mar 2022","2160.23"
"All India","Wheat","Apr 2022","2066.55"
"All India","Wheat","May 2022","2106.21"
"All India","Wheat","Jun 2022","2052.10"
"All India","Wheat","Jul 2022","2117.59"
"All India","Wheat","Aug 2022","2276.62"
"All India","Wheat","Sep 2022","2290.35"
"All India","Wheat","Oct 2022","2352.37"
"All India","Wheat","Nov 2022","2486.33"
"All India","Wheat","Dec 2022","2581.67"
"All India","Wheat","Jan 2023","2696.19"
"All India","Wheat","Feb 2023","2508.58"
"All India","Wheat","Mar 2023","2214.47"
"All India","Wheat","Apr 2023","2147.58"
"All India","Wheat","May 2023","2195.60"
"All India","Wheat","Jun 2023","2292.34"
"All India","Wheat","Jul 2023","2298.11"
"All India","Wheat","Aug 2023","2389.07"
"All India","Wheat","Sep 2023","2402.21"
"All India","Wheat","Oct 2023","2470.21"
"All India","Wheat","Nov 2023","2558.08"
"All India","Wheat","Dec 2023","2524.16"
"All India","Wheat","Jan 2024","2530.51"
"All India","Wheat","Feb 2024","2456.78"
"All India","Wheat","Mar 2024","2408.47"
"All India","Wheat","Apr 2024","2309.31"
"All India","Wheat","May 2024","2358.25"
"All India","Wheat","Jun 2024","2438.28"
"All India","Wheat","Jul 2024","2479.77"
"All India","Wheat","Aug 2024","2645.86"
"All India","Wheat","Sep 2024","2616.01"
"All India","Wheat","Oct 2024","2731.18"
"All India","Wheat","Nov 2024","2824.07"
"All India","Wheat","Dec 2024","2844.29"
"All India","Wheat","Jan 2025","2939.69"
"All India","Wheat","Feb 2025","2879.00"
"All India","Wheat","Mar 2025","2574.03"
"All India","Wheat","Apr 2025","2449.29"
"All India","Wheat","May 2025","2493.57"
"All India","Wheat","Jun 2025","2514.51"
"All India","Wheat","Jul 2025","2522.54"
"All India","Wheat","Aug 2025","2602.23"
"All India","Wheat","Sep 2025","2593.69"
"All India","Wheat","Oct 2025","2554.98"
"All India","Wheat","Nov 2025","2540.29"
"All India","Wheat","Dec 2025","2535.08"
"All India","Wheat","Jan 2026","2583.96"
"All India","Wheat","Feb 2026","2457.57"
"All India","Wheat","Mar 2026","2216.12"
"All India","Wheat","Apr 2026","2529.58"
"All India","Wheat","May 2026","2474.47"
"All India","Wheat","Jun 2026","2433.72"
"All India","Wheat","Jul 2026","2512.41"
"All India","Wheat","Aug 2026","2412.49"
"All India","Wheat","Sep 2026","2628.08"
"All India","Jute","Oct 2016","3481.25"
"All India","Jute","Nov 2016","3570.58"
"All India","Jute","Dec 2016","3461.98"
"All India","Jute","Jan 2017","3447.94"
"All India","Jute","Feb 2017","3394.93"
"All India","Jute","Mar 2017","3383.10"
"All India","Jute","Apr 2017","3302.61"
"All India","Jute","May 2017","3200.75"
"All India","Jute","Jun 2017","3150.87"
"All India","Jute","Jul 2017","3099.62"
"All India","Jute","Aug 2017","3204.72"
"All India","Jute","Sep 2017","3348.91"
"All India","Jute","Oct 2017","3330.49"
"All India","Jute","Nov 2017","3248.48"
"All India","Jute","Dec 2017","3215.22"
"All India","Jute","Jan 2018","3287.59"
"All India","Jute","Feb 2018","3486.07"
"All India","Jute","Mar 2018","3488.75"
"All India","Jute","Apr 2018","3462.48"
"All India","Jute","May 2018","3483.35"
"All India","Jute","Jun 2018","3430.93"
"All India","Jute","Jul 2018","3498.10"
"All India","Jute","Aug 2018","3694.19"
"All India","Jute","Sep 2018","3865.96"
"All India","Jute","Oct 2018","3954.33"
"All India","Jute","Nov 2018","3891.09"
"All India","Jute","Dec 2018","3927.96"
"All India","Jute","Jan 2019","4090.22"
"All India","Jute","Feb 2019","4063.65"
"All India","Jute","Mar 2019","4130.62"
"All India","Jute","Apr 2019","4043.15"
"All India","Jute","May 2019","4008.01"
"All India","Jute","Jun 2019","3974.03"
"All India","Jute","Jul 2019","3875.67"
"All India","Jute","Aug 2019","3901.43"
"All India","Jute","Sep 2019","3964.74"
"All India","Jute","Oct 2019","4110.52"
"All India","Jute","Nov 2019","4206.58"
"All India","Jute","Dec 2019","4135.52"
"All India","Jute","Jan 2020","4196.67"
"All India","Jute","Feb 2020","4254.52"
"All India","Jute","Mar 2020","4341.30"
"All India","Jute","Apr 2020","4090.20"
"All India","Jute","May 2020","4155.85"
"All India","Jute","Jun 2020","4100.66"
"All India","Jute","Jul 2020","4248.64"
"All India","Jute","Aug 2020","4546.79"
"All India","Jute","Sep 2020","4900.57"
"All India","Jute","Oct 2020","5103.94"
"All India","Jute","Nov 2020","5291.86"
"All India","Jute","Dec 2020","5473.28"
"All India","Jute","Jan 2021","5478.70"
"All India","Jute","Feb 2021","5767.70"
"All India","Jute","Mar 2021","6539.11"
"All India","Jute","Apr 2021","6910.19"
"All India","Jute","May 2021","7036.89"
"All India","Jute","Jun 2021","7046.78"
"All India","Jute","Jul 2021","7133.23"
"All India","Jute","Aug 2021","5802.95"
"All India","Jute","Sep 2021","6004.15"
"All India","Jute","Oct 2021","6191.72"
"All India","Jute","Nov 2021","6355.40"
"All India","Jute","Dec 2021","6344.86"
"All India","Jute","Jan 2022","6425.50"
"All India","Jute","Feb 2022","6296.15"
"All India","Jute","Mar 2022","6221.90"
"All India","Jute","Apr 2022","6437.93"
"All India","Jute","May 2022","6294.55"
"All India","Jute","Jun 2022","5988.67"
"All India","Jute","Jul 2022","5884.41"
"All India","Jute","Aug 2022","5757.21"
"All India","Jute","Sep 2022","5679.52"
"All India","Jute","Oct 2022","5656.23"
"All India","Jute","Nov 2022","5193.91"
"All India","Jute","Dec 2022","5010.53"
"All India","Jute","Jan 2023","5080.44"
"All India","Jute","Feb 2023","5078.10"
"All India","Jute","Mar 2023","5042.67"
"All India","Jute","Apr 2023","5120.57"
"All India","Jute","May 2023","5182.57"
"All India","Jute","Jun 2023","5214.68"
"All India","Jute","Jul 2023","5274.47"
"All India","Jute","Aug 2023","5212.79"
"All India","Jute","Sep 2023","5047.56"
"All India","Jute","Oct 2023","4967.77"
"All India","Jute","Nov 2023","4949.60"
"All India","Jute","Dec 2023","4970.59"
"All India","Jute","Jan 2024","4980.82"
"All India","Jute","Feb 2024","4993.95"
"All India","Jute","Mar 2024","4970.18"
"All India","Jute","Apr 2024","4990.57"
"All India","Jute","May 2024","5131.21"
"All India","Jute","Jun 2024","5211.39"
"All India","Jute","Jul 2024","5196.84"
"All India","Jute","Aug 2024","5198.06"
"All India","Jute","Sep 2024","5035.05"
"All India","Jute","Oct 2024","5206.67"
"All India","Jute","Nov 2024","5391.12"
"All India","Jute","Dec 2024","5390.96"
"All India","Jute","Jan 2025","5469.51"
"All India","Jute","Feb 2025","5568.23"
"All India","Jute","Mar 2025","5508.41"
"All India","Jute","Apr 2025","5651.34"
"All India","Jute","May 2025","5885.59"
"All India","Jute","Jun 2025","6532.30"
"All India","Jute","Jul 2025","6849.22"
"All India","Jute","Aug 2025","7156.57"
"All India","Jute","Sep 2025","7948.00"
"All India","Jute","Oct 2025","8248.45"
"All India","Jute","Nov 2025","8407.29"
"All India","Jute","Dec 2025","8658.55"
"All India","Jute","Jan 2026","9580.85"
"All India","Jute","Feb 2026","10387.32"
"All India","Jute","Mar 2026","10348.55"
"All India","Jute","Apr 2026","10649.51"
"All India","Jute","May 2026","11320.08"
"All India","Jute","Jun 2026","13680.57"
"All India","Jute","Jul 2026","13313.74"
"All India","Jute","Aug 2026","10763.73"
"All India","Jute","Sep 2026","12640.04"
"All India","Ragi","Oct 2016","1893.08"
"All India","Ragi","Nov 2016","1688.66"
"All India","Ragi","Dec 2016","2111.37"
"All India","Ragi","Jan 2017","1775.75"
"All India","Ragi","Feb 2017","1867.18"
"All India","Ragi","Mar 2017","2535.52"
"All India","Ragi","Apr 2017","1965.87"
"All India","Ragi","May 2017","2325.57"
"All India","Ragi","Jun 2017","2175.78"
"All India","Ragi","Jul 2017","2423.25"
"All India","Ragi","Aug 2017","2492.03"
"All India","Ragi","Sep 2017","2558.26"
"All India","Ragi","Oct 2017","2433.02"
"All India","Ragi","Nov 2017","2320.84"
"All India","Ragi","Dec 2017","2175.21"
"All India","Ragi","Jan 2018","1859.97"
"All India","Ragi","Feb 2018","1984.99"
"All India","Ragi","Mar 2018","2204.28"
"All India","Ragi","Apr 2018","2076.18"
"All India","Ragi","May 2018","2078.34"
"All India","Ragi","Jun 2018","2043.47"
"All India","Ragi","Jul 2018","2096.27"
"All India","Ragi","Aug 2018","2082.93"
"All India","Ragi","Sep 2018","2207.43"
"All India","Ragi","Oct 2018","2280.39"
"All India","Ragi","Nov 2018","2312.15"
"All India","Ragi","Dec 2018","2286.50"
"All India","Ragi","Jan 2019","2469.40"
"All India","Ragi","Feb 2019","2020.42"
"All India","Ragi","Mar 2019","2360.12"
"All India","Ragi","Apr 2019","2351.34"
"All India","Ragi","May 2019","2401.24"
"All India","Ragi","Jun 2019","2391.83"
"All India","Ragi","Jul 2019","2408.89"
"All India","Ragi","Aug 2019","2502.22"
"All India","Ragi","Sep 2019","2414.09"
"All India","Ragi","Oct 2019","2247.83"
"All India","Ragi","Nov 2019","2259.81"
"All India","Ragi","Dec 2019","2228.48"
"All India","Ragi","Jan 2020","2322.50"
"All India","Ragi","Feb 2020","2215.78"
"All India","Ragi","Mar 2020","2224.63"
"All India","Ragi","Apr 2020","2320.43"
"All India","Ragi","May 2020","2500.73"
"All India","Ragi","Jun 2020","2458.46"
"All India","Ragi","Jul 2020","2329.43"
"All India","Ragi","Aug 2020","2324.18"
"All India","Ragi","Sep 2020","2157.32"
"All India","Ragi","Oct 2020","2359.94"
"All India","Ragi","Nov 2020","2508.07"
"All India","Ragi","Dec 2020","2498.55"
"All India","Ragi","Jan 2021","2607.41"
"All India","Ragi","Feb 2021","2562.58"
"All India","Ragi","Mar 2021","2826.25"
"All India","Ragi","Apr 2021","3116.85"
"All India","Ragi","May 2021","2840.17"
"All India","Ragi","Jun 2021","2664.88"
"All India","Ragi","Jul 2021","2385.21"
"All India","Ragi","Aug 2021","2814.88"
"All India","Ragi","Sep 2021","2556.72"
"All India","Ragi","Oct 2021","2215.51"
"All India","Ragi","Nov 2021","2457.15"
"All India","Ragi","Dec 2021","2766.16"
"All India","Ragi","Jan 2022","2404.34"
"All India","Ragi","Feb 2022","2488.51"
"All India","Ragi","Mar 2022","2319.68"
"All India","Ragi","Apr 2022","2099.35"
"All India","Ragi","May 2022","2154.00"
"All India","Ragi","Jun 2022","2236.21"
"All India","Ragi","Jul 2022","2287.96"
"All India","Ragi","Aug 2022","2266.88"
"All India","Ragi","Sep 2022","2437.91"
"All India","Ragi","Oct 2022","2394.59"
"All India","Ragi","Nov 2022","2545.20"
"All India","Ragi","Dec 2022","2466.99"
"All India","Ragi","Jan 2023","2546.27"
"All India","Ragi","Feb 2023","5669.07"
"All India","Ragi","Mar 2023","2738.48"
"All India","Ragi","Apr 2023","2572.76"
"All India","Ragi","May 2023","2428.59"
"All India","Ragi","Jun 2023","2428.88"
"All India","Ragi","Jul 2023","2907.09"
"All India","Ragi","Aug 2023","3043.35"
"All India","Ragi","Sep 2023","3074.13"
"All India","Ragi","Oct 2023","3198.38"
"All India","Ragi","Nov 2023","3264.98"
"All India","Ragi","Dec 2023","3347.90"
"All India","Ragi","Jan 2024","3309.80"
"All India","Ragi","Feb 2024","3170.08"
"All India","Ragi","Mar 2024","3241.01"
"All India","Ragi","Apr 2024","2973.33"
"All India","Ragi","May 2024","3199.51"
"All India","Ragi","Jun 2024","3303.72"
"All India","Ragi","Jul 2024","3280.22"
"All India","Ragi","Aug 2024","3360.19"
"All India","Ragi","Sep 2024","3179.74"
"All India","Ragi","Oct 2024","3265.28"
"All India","Ragi","Nov 2024","3164.87"
"All India","Ragi","Dec 2024","3324.11"
"All India","Ragi","Jan 2025","3363.36"
"All India","Ragi","Feb 2025","3305.72"
"All India","Ragi","Mar 2025","3063.82"
"All India","Ragi","Apr 2025","3133.78"
"All India","Ragi","May 2025","3228.20"
"All India","Ragi","Jun 2025","3552.66"
"All India","Ragi","Jul 2025","3523.49"
"All India","Ragi","Aug 2025","3485.58"
"All India","Ragi","Sep 2025","3544.86"
"All India","Ragi","Oct 2025","3715.46"
"All India","Ragi","Nov 2025","3817.31"
"All India","Bajra","Oct 2016","1310.28"
"All India","Bajra","Nov 2016","1491.68"
"All India","Bajra","Dec 2016","1445.04"
"All India","Bajra","Jan 2017","1416.04"
"All India","Bajra","Feb 2017","1415.94"
"All India","Bajra","Mar 2017","1364.99"
"All India","Bajra","Apr 2017","1398.20"
"All India","Bajra","May 2017","1356.83"
"All India","Bajra","Jun 2017","1237.31"
"All India","Bajra","Jul 2017","1133.56"
"All India","Bajra","Aug 2017","1212.78"
"All India","Bajra","Sep 2017","1162.84"
"All India","Bajra","Oct 2017","1113.49"
"All India","Bajra","Nov 2017","1143.08"
"All India","Bajra","Dec 2017","1138.10"
"All India","Bajra","Jan 2018","1134.25"
"All India","Bajra","Feb 2018","1122.40"
"All India","Bajra","Mar 2018","1176.93"
"All India","Bajra","Apr 2018","1202.35"
"All India","Bajra","May 2018","1235.87"
"All India","Bajra","Jun 2018","1213.51"
"All India","Bajra","Jul 2018","1225.45"
"All India","Bajra","Aug 2018","1348.65"
"All India","Bajra","Sep 2018","1363.88"
"All India","Bajra","Oct 2018","1483.38"
"All India","Bajra","Nov 2018","1541.21"
"All India","Bajra","Dec 2018","1586.28"
"All India","Bajra","Jan 2019","1727.41"
"All India","Bajra","Feb 2019","1838.53"
"All India","Bajra","Mar 2019","1860.15"
"All India","Bajra","Apr 2019","1960.56"
"All India","Bajra","May 2019","2080.96"
"All India","Bajra","Jun 2019","1894.80"
"All India","Bajra","Jul 2019","1853.02"
"All India","Bajra","Aug 2019","1957.33"
"All India","Bajra","Sep 2019","1790.95"
"All India","Bajra","Oct 2019","1717.73"
"All India","Bajra","Nov 2019","1779.61"
"All India","Bajra","Dec 2019","1873.59"
"All India","Bajra","Jan 2020","1908.48"
"All India","Bajra","Feb 2020","1771.59"
"All India","Bajra","Mar 2020","1729.43"
"All India","Bajra","Apr 2020","1812.07"
"All India","Bajra","May 2020","1587.46"
"All India","Bajra","Jun 2020","1542.55"
"All India","Bajra","Jul 2020","1381.87"
"All India","Bajra","Aug 2020","1345.33"
"All India","Bajra","Sep 2020","1298.25"
"All India","Bajra","Oct 2020","1331.17"
"All India","Bajra","Nov 2020","1350.55"
"All India","Bajra","Dec 2020","1331.89"
"All India","Bajra","Jan 2021","1309.03"
"All India","Bajra","Feb 2021","1253.67"
"All India","Bajra","Mar 2021","1249.63"
"All India","Bajra","Apr 2021","1330.90"
"All India","Bajra","May 2021","1368.44"
"All India","Bajra","Jun 2021","1357.51"
"All India","Bajra","Jul 2021","1359.61"
"All India","Bajra","Aug 2021","1578.24"
"All India","Bajra","Sep 2021","1532.40"
"All India","Bajra","Oct 2021","1546.22"
"All India","Bajra","Nov 2021","1713.83"
"All India","Bajra","Dec 2021","1692.75"
"All India","Bajra","Jan 2022","1726.70"
"All India","Bajra","Feb 2022","1811.67"
"All India","Bajra","Mar 2022","1974.27"
"All India","Bajra","Apr 2022","2125.48"
"All India","Bajra","May 2022","2093.59"
"All India","Bajra","Jun 2022","2099.09"
"All India","Bajra","Jul 2022","2036.71"
"All India","Bajra","Aug 2022","2109.35"
"All India","Bajra","Sep 2022","1832.75"
"All India","Bajra","Oct 2022","1813.47"
"All India","Bajra","Nov 2022","2099.68"
"All India","Bajra","Dec 2022","2212.38"
"All India","Bajra","Jan 2023","2309.42"
"All India","Bajra","Feb 2023","2279.85"
"All India","Bajra","Mar 2023","2260.40"
"All India","Bajra","Apr 2023","2330.97"
"All India","Bajra","May 2023","2257.32"
"All India","Bajra","Jun 2023","2118.12"
"All India","Bajra","Jul 2023","2080.64"
"All India","Bajra","Aug 2023","2045.51"
"All India","Bajra","Sep 2023","2057.50"
"All India","Bajra","Oct 2023","2109.27"
"All India","Bajra","Nov 2023","2345.00"
"All India","Bajra","Dec 2023","2315.64"
"All India","Bajra","Jan 2024","2342.17"
"All India","Bajra","Feb 2024","2332.25"
"All India","Bajra","Mar 2024","2374.99"
"All India","Bajra","Apr 2024","2305.92"
"All India","Bajra","May 2024","2454.27"
"All India","Bajra","Jun 2024","2213.38"
"All India","Bajra","Jul 2024","2193.71"
"All India","Bajra","Aug 2024","2356.14"
"All India","Bajra","Sep 2024","2318.78"
"All India","Bajra","Oct 2024","2493.40"
"All India","Bajra","Nov 2024","2519.47"
"All India","Bajra","Dec 2024","2565.68"
"All India","Bajra","Jan 2025","2585.93"
"All India","Bajra","Feb 2025","2520.17"
"All India","Bajra","Mar 2025","2499.06"
"All India","Bajra","Apr 2025","2430.10"
"All India","Bajra","May 2025","2425.82"
"All India","Bajra","Jun 2025","2344.03"
"All India","Bajra","Jul 2025","2247.81"
"All India","Bajra","Aug 2025","2354.59"
"All India","Bajra","Sep 2025","2253.55"
"All India","Bajra","Oct 2025","2152.43"
"All India","Bajra","Nov 2025","2401.28"
"All India","Bajra","Dec 2025","2599.52"
"All India","Bajra","Jan 2026","2317.86"
"All India","Bajra","Feb 2026","2102.42"
"All India","Bajra","Mar 2026","1909.68"
"All India","Bajra","Apr 2026","2074.86"
"All India","Bajra","May 2026","2207.36"
"All India","Bajra","Jun 2026","2171.66"
"All India","Bajra","Jul 2026","2189.89"
"All India","Bajra","Aug 2026","2148.20"
"All India","Bajra","Sep 2026","2294.01"
"All India","Guarseed","Oct 2016","3192.61"
"All India","Guarseed","Nov 2016","3070.01"
"All India","Guarseed","Dec 2016","3031.47"
"All India","Guarseed","Jan 2017","3068.77"
"All India","Guarseed","Feb 2017","3104.28"
"All India","Guarseed","Mar 2017","3637.28"
"All India","Guarseed","Apr 2017","3787.24"
"All India","Guarseed","May 2017","3476.22"
"All India","Guarseed","Jun 2017","3191.20"
"All India","Guarseed","Jul 2017","3184.74"
"All India","Guarseed","Aug 2017","3510.33"
"All India","Guarseed","Sep 2017","3509.98"
"All India","Guarseed","Oct 2017","3490.57"
"All India","Guarseed","Nov 2017","3520.71"
"All India","Guarseed","Dec 2017","3716.56"
"All India","Guarseed","Jan 2018","4060.14"
"All India","Guarseed","Feb 2018","4141.42"
"All India","Guarseed","Mar 2018","3970.72"
"All India","Guarseed","Apr 2018","3808.63"
"All India","Guarseed","May 2018","3619.25"
"All India","Guarseed","Jun 2018","3451.68"
"All India","Guarseed","Jul 2018","3797.57"
"All India","Guarseed","Aug 2018","4029.52"
"All India","Guarseed","Sep 2018","3954.70"
"All India","Guarseed","Oct 2018","4053.82"
"All India","Guarseed","Nov 2018","4291.83"
"All India","Guarseed","Dec 2018","4016.25"
"All India","Guarseed","Jan 2019","3975.38"
"All India","Guarseed","Feb 2019","3918.63"
"All India","Guarseed","Mar 2019","4003.30"
"All India","Guarseed","Apr 2019","4032.52"
"All India","Guarseed","May 2019","4047.82"
"All India","Guarseed","Jun 2019","3970.34"
"All India","Guarseed","Jul 2019","3953.70"
"All India","Guarseed","Aug 2019","3935.75"
"All India","Guarseed","Sep 2019","3741.39"
"All India","Guarseed","Oct 2019","3652.26"
"All India","Guarseed","Nov 2019","3943.80"
"All India","Guarseed","Dec 2019","3701.37"
"All India","Guarseed","Jan 2020","3728.02"
"All India","Guarseed","Feb 2020","3531.68"
"All India","Guarseed","Mar 2020","3349.45"
"All India","Guarseed","Apr 2020","3327.42"
"All India","Guarseed","May 2020","3278.36"
"All India","Guarseed","Jun 2020","3306.34"
"All India","Guarseed","Jul 2020","3387.10"
"All India","Guarseed","Aug 2020","3711.63"
"All India","Guarseed","Sep 2020","3602.84"
"All India","Guarseed","Oct 2020","3726.89"
"All India","Guarseed","Nov 2020","3756.70"
"All India","Guarseed","Dec 2020","3603.03"
"All India","Guarseed","Jan 2021","3631.28"
"All India","Guarseed","Feb 2021","3583.81"
"All India","Guarseed","Mar 2021","3535.18"
"All India","Guarseed","Apr 2021","3688.54"
"All India","Guarseed","May 2021","3923.30"
"All India","Guarseed","Jun 2021","3829.34"
"All India","Guarseed","Jul 2021","3770.62"
"All India","Guarseed","Aug 2021","5118.58"
"All India","Guarseed","Sep 2021","5493.13"
"All India","Guarseed","Oct 2021","5708.04"
"All India","Guarseed","Nov 2021","5781.26"
"All India","Guarseed","Dec 2021","5329.62"
"All India","Guarseed","Jan 2022","5768.88"
"All India","Guarseed","Feb 2022","5583.47"
"All India","Guarseed","Mar 2022","5634.46"
"All India","Guarseed","Apr 2022","5891.48"
"All India","Guarseed","May 2022","5661.38"
"All India","Guarseed","Jun 2022","5280.34"
"All India","Guarseed","Jul 2022","4726.20"
"All India","Guarseed","Aug 2022","4594.28"
"All India","Guarseed","Sep 2022","4585.54"
"All India","Guarseed","Oct 2022","4447.75"
"All India","Guarseed","Nov 2022","4933.83"
"All India","Guarseed","Dec 2022","5668.02"
"All India","Guarseed","Jan 2023","5793.24"
"All India","Guarseed","Feb 2023","5602.70"
"All India","Guarseed","Mar 2023","5365.15"
"All India","Guarseed","Apr 2023","5146.89"
"All India","Guarseed","May 2023","5270.22"
"All India","Guarseed","Jun 2023","5102.96"
"All India","Guarseed","Jul 2023","5400.95"
"All India","Guarseed","Aug 2023","5819.98"
"All India","Guarseed","Sep 2023","5616.08"
"All India","Guarseed","Oct 2023","5294.79"
"All India","Guarseed","Nov 2023","5242.80"
"All India","Guarseed","Dec 2023","5088.86"
"All India","Guarseed","Jan 2024","5083.26"
"All India","Guarseed","Feb 2024","5044.75"
"All India","Guarseed","Mar 2024","4942.44"
"All India","Guarseed","Apr 2024","5029.49"
"All India","Guarseed","May 2024","5168.59"
"All India","Guarseed","Jun 2024","5122.50"
"All India","Guarseed","Jul 2024","5019.96"
"All India","Guarseed","Aug 2024","5306.88"
"All India","Guarseed","Sep 2024","4943.99"
"All India","Guarseed","Oct 2024","5107.71"
"All India","Guarseed","Nov 2024","4820.96"
"All India","Guarseed","Dec 2024","4752.36"
"All India","Guarseed","Jan 2025","4969.01"
"All India","Guarseed","Feb 2025","4976.54"
"All India","Guarseed","Mar 2025","4976.20"
"All India","Guarseed","Apr 2025","4957.80"
"All India","Guarseed","May 2025","4931.89"
"All India","Guarseed","Jun 2025","4829.80"
"All India","Guarseed","Jul 2025","4932.73"
"All India","Guarseed","Aug 2025","4915.49"
"All India","Guarseed","Sep 2025","4740.14"
"All India","Guarseed","Oct 2025","4373.12"
"All India","Guarseed","Nov 2025","4206.58"
"All India","Guarseed","Dec 2025","4591.49"
"All India","Guarseed","Jan 2026","5197.74"
"All India","Guarseed","Feb 2026","4910.67"
"All India","Guarseed","Mar 2026","4436.31"
"All India","Guarseed","Apr 2026","4790.60"
"All India","Guarseed","May 2026","5041.57"
"All India","Guarseed","Jun 2026","5320.43"
"All India","Guarseed","Jul 2026","5325.18"
"All India","Guarseed","Aug 2026","4755.18"
"All India","Guarseed","Sep 2026","5822.90"
"All India","Tur","Oct 2016","7531.05"
"All India","Tur","Nov 2016","6802.95"
"All India","Tur","Dec 2016","5421.29"
"All India","Tur","Jan 2017","4852.71"
"All India","Tur","Feb 2017","4501.88"
"All India","Tur","Mar 2017","4544.40"
"All India","Tur","Apr 2017","4510.67"
"All India","Tur","May 2017","4325.44"
"All India","Tur","Jun 2017","4435.72"
"All India","Tur","Jul 2017","3979.12"
"All India","Tur","Aug 2017","4351.56"
"All India","Tur","Sep 2017","4271.90"
"All India","Tur","Oct 2017","3452.41"
"All India","Tur","Nov 2017","3673.77"
"All India","Tur","Dec 2017","4184.30"
"All India","Tur","Jan 2018","4238.59"
"All India","Tur","Feb 2018","4261.63"
"All India","Tur","Mar 2018","4018.50"
"All India","Tur","Apr 2018","3855.35"
"All India","Tur","May 2018","3712.19"
"All India","Tur","Jun 2018","3650.24"
"All India","Tur","Jul 2018","3749.06"
"All India","Tur","Aug 2018","3789.88"
"All India","Tur","Sep 2018","3650.26"
"All India","Tur","Oct 2018","3658.46"
"All India","Tur","Nov 2018","4218.37"
"All India","Tur","Dec 2018","4408.90"
"All India","Tur","Jan 2019","5008.83"
"All India","Tur","Feb 2019","5192.44"
"All India","Tur","Mar 2019","4749.95"
"All India","Tur","Apr 2019","4727.01"
"All India","Tur","May 2019","5229.48"
"All India","Tur","Jun 2019","5109.39"
"All India","Tur","Jul 2019","5198.77"
"All India","Tur","Aug 2019","5153.11"
"All India","Tur","Sep 2019","4873.92"
"All India","Tur","Oct 2019","4758.70"
"All India","Tur","Nov 2019","4729.23"
"All India","Tur","Dec 2019","4983.87"
"All India","Tur","Jan 2020","4835.57"
"All India","Tur","Feb 2020","4776.98"
"All India","Tur","Mar 2020","4841.89"
"All India","Tur","Apr 2020","5151.16"
"All India","Tur","May 2020","4787.78"
"All India","Tur","Jun 2020","4974.92"
"All India","Tur","Jul 2020","5550.73"
"All India","Tur","Aug 2020","5317.82"
"All India","Tur","Sep 2020","5890.53"
"All India","Tur","Oct 2020","6432.69"
"All India","Tur","Nov 2020","5583.43"
"All India","Tur","Dec 2020","5313.19"
"All India","Tur","Jan 2021","5621.50"
"All India","Tur","Feb 2021","6268.31"
"All India","Tur","Mar 2021","6243.95"
"All India","Tur","Apr 2021","6530.54"
"All India","Tur","May 2021","6344.73"
"All India","Tur","Jun 2021","5964.30"
"All India","Tur","Jul 2021","5958.85"
"All India","Tur","Aug 2021","6231.97"
"All India","Tur","Sep 2021","6115.42"
"All India","Tur","Oct 2021","5836.86"
"All India","Tur","Nov 2021","5682.69"
"All India","Tur","Dec 2021","5333.66"
"All India","Tur","Jan 2022","6255.16"
"All India","Tur","Feb 2022","5991.09"
"All India","Tur","Mar 2022","6085.90"
"All India","Tur","Apr 2022","5939.50"
"All India","Tur","May 2022","5873.67"
"All India","Tur","Jun 2022","6001.00"
"All India","Tur","Jul 2022","6600.27"
"All India","Tur","Aug 2022","7145.06"
"All India","Tur","Sep 2022","6410.30"
"All India","Tur","Oct 2022","6519.17"
"All India","Tur","Nov 2022","6517.20"
"All India","Tur","Dec 2022","6718.22"
"All India","Tur","Jan 2023","6767.96"
"All India","Tur","Feb 2023","7182.19"
"All India","Tur","Mar 2023","7538.23"
"All India","Tur","Apr 2023","7678.09"
"All India","Tur","May 2023","8138.87"
"All India","Tur","Jun 2023","9172.15"
"All India","Tur","Jul 2023","9025.09"
"All India","Tur","Aug 2023","9259.42"
"All India","Tur","Sep 2023","10125.93"
"All India","Tur","Oct 2023","9326.16"
"All India","Tur","Nov 2023","8328.86"
"All India","Tur","Dec 2023","8845.20"
"All India","Tur","Jan 2024","9159.34"
"All India","Tur","Feb 2024","9601.16"
"All India","Tur","Mar 2024","9669.94"
"All India","Tur","Apr 2024","10475.67"
"All India","Tur","May 2024","11138.11"
"All India","Tur","Jun 2024","11258.47"
"All India","Tur","Jul 2024","10876.31"
"All India","Tur","Aug 2024","10887.70"
"All India","Tur","Sep 2024","10109.33"
"All India","Tur","Oct 2024","9755.91"
"All India","Tur","Nov 2024","9656.73"
"All India","Tur","Dec 2024","8349.56"
"All India","Tur","Jan 2025","7310.24"
"All India","Tur","Feb 2025","7089.37"
"All India","Tur","Mar 2025","7021.31"
"All India","Tur","Apr 2025","7068.64"
"All India","Tur","May 2025","6773.11"
"All India","Tur","Jun 2025","6415.52"
"All India","Tur","Jul 2025","6408.18"
"All India","Tur","Aug 2025","6357.46"
"All India","Tur","Sep 2025","6160.41"
"All India","Tur","Oct 2025","6610.93"
"All India","Tur","Nov 2025","6209.83"
"All India","Tur","Dec 2025","6875.99"
"All India","Tur","Jan 2026","7325.56"
"All India","Tur","Feb 2026","7700.77"
"All India","Tur","Mar 2026","7417.35"
"All India","Tur","Apr 2026","7405.39"
"All India","Tur","May 2026","7469.51"
"All India","Tur","Jun 2026","7373.65"
"All India","Tur","Jul 2026","7500.16"
"All India","Tur","Aug 2026","7097.26"
"All India","Tur","Sep 2026","8100.96"
"All India","Wheat Atta","Oct 2016","2151.83"
"All India","Wheat Atta","Nov 2016","2281.73"
"All India","Wheat Atta","Dec 2016","2254.95"
"All India","Wheat Atta","Jan 2017","2403.27"
"All India","Wheat Atta","Feb 2017","2433.61"
"All India","Wheat Atta","Mar 2017","2507.54"
"All India","Wheat Atta","Apr 2017","2422.63"
"All India","Wheat Atta","May 2017","2446.25"
"All India","Wheat Atta","Jun 2017","2263.70"
"All India","Wheat Atta","Jul 2017","2178.49"
"All India","Wheat Atta","Aug 2017","2249.44"
"All India","Wheat Atta","Sep 2017","2114.96"
"All India","Wheat Atta","Oct 2017","2170.51"
"All India","Wheat Atta","Nov 2017","2251.36"
"All India","Wheat Atta","Dec 2017","2117.62"
"All India","Wheat Atta","Jan 2018","2315.53"
"All India","Wheat Atta","Feb 2018","2188.22"
"All India","Wheat Atta","Mar 2018","2280.65"
"All India","Wheat Atta","Apr 2018","2303.95"
"All India","Wheat Atta","May 2018","2170.60"
"All India","Wheat Atta","Jun 2018","2183.02"
"All India","Wheat Atta","Jul 2018","2161.39"
"All India","Wheat Atta","Aug 2018","2176.71"
"All India","Wheat Atta","Sep 2018","2246.57"
"All India","Wheat Atta","Oct 2018","2358.95"
"All India","Wheat Atta","Nov 2018","2394.10"
"All India","Wheat Atta","Dec 2018","2431.98"
"All India","Wheat Atta","Jan 2019","2449.75"
"All India","Wheat Atta","Feb 2019","2445.49"
"All India","Wheat Atta","Mar 2019","2547.58"
"All India","Wheat Atta","Apr 2019","2561.74"
"All India","Wheat Atta","May 2019","2492.15"
"All India","Wheat Atta","Jun 2019","2480.47"
"All India","Wheat Atta","Jul 2019","2485.97"
"All India","Wheat Atta","Aug 2019","2425.75"
"All India","Wheat Atta","Sep 2019","2396.47"
"All India","Wheat Atta","Oct 2019","2473.07"
"All India","Wheat Atta","Nov 2019","2513.73"
"All India","Wheat Atta","Dec 2019","2473.08"
"All India","Wheat Atta","Jan 2020","2361.45"
"All India","Wheat Atta","Feb 2020","2338.07"
"All India","Wheat Atta","Mar 2020","2345.33"
"All India","Wheat Atta","Apr 2020","2435.54"
"All India","Wheat Atta","May 2020","2401.29"
"All India","Wheat Atta","Jun 2020","2557.83"
"All India","Wheat Atta","Jul 2020","2471.27"
"All India","Wheat Atta","Aug 2020","2033.68"
"All India","Wheat Atta","Sep 2020","2123.05"
"All India","Wheat Atta","Oct 2020","2294.18"
"All India","Wheat Atta","Nov 2020","2168.00"
"All India","Wheat Atta","Dec 2020","2080.40"
"All India","Wheat Atta","Jan 2021","2269.89"
"All India","Wheat Atta","Feb 2021","2199.22"
"All India","Wheat Atta","Mar 2021","2245.08"
"All India","Wheat Atta","Apr 2021","2238.55"
"All India","Wheat Atta","May 2021","2284.93"
"All India","Wheat Atta","Jun 2021","2105.91"
"All India","Wheat Atta","Jul 2021","2004.03"
"All India","Wheat Atta","Aug 2021","2031.51"
"All India","Wheat Atta","Sep 2021","2139.00"
"All India","Wheat Atta","Oct 2021","2154.79"
"All India","Wheat Atta","Nov 2021","2160.03"
"All India","Wheat Atta","Dec 2021","2228.20"
"All India","Wheat Atta","Jan 2022","2236.35"
"All India","Wheat Atta","Feb 2022","2295.45"
"All India","Wheat Atta","Mar 2022","2395.93"
"All India","Wheat Atta","Apr 2022","2478.95"
"All India","Wheat Atta","May 2022","2494.07"
"All India","Wheat Atta","Jun 2022","2528.32"
"All India","Wheat Atta","Jul 2022","2471.73"
"All India","Wheat Atta","Aug 2022","2705.43"
"All India","Wheat Atta","Sep 2022","3646.25"
"All India","Wheat Atta","Oct 2022","4000.00"
"All India","Wheat Atta","Nov 2022","4000.00"
"All India","Wheat Atta","Dec 2022","3580.80"
"All India","Wheat Atta","Jan 2023","4000.00"
"All India","Wheat Atta","Feb 2023","4000.00"
"All India","Wheat Atta","Mar 2023","3813.95"
"All India","Wheat Atta","Apr 2023","2029.65"
"All India","Wheat Atta","May 2023","4040.00"
"All India","Wheat Atta","Jun 2023","4177.77"
"All India","Wheat Atta","Jul 2023","4074.07"
"All India","Wheat Atta","Aug 2023","4251.85"
"All India","Wheat Atta","Sep 2023","4150.00"
"All India","Wheat Atta","Oct 2023","4200.00"
"All India","Wheat Atta","Dec 2023","4302.43"
"All India","Wheat Atta","Dec 2025","3725.32"
"All India","Wheat Atta","Jan 2026","3976.08"
"All India","Wheat Atta","Feb 2026","8115.03"
"All India","Wheat Atta","Mar 2026","7241.37"
"All India","Wheat Atta","Apr 2026","7430.33"
"All India","Wheat Atta","May 2026","7366.17"
"All India","Wheat Atta","Jun 2026","7471.50"
"All India","Wheat Atta","Jul 2026","7143.66"
"All India","Wheat Atta","Aug 2026","6765.07"
"All India","Wheat Atta","Sep 2026","7306.52"
"All India","Tobacco","Oct 2016","4562.74"
"All India","Tobacco","Nov 2016","4322.53"
"All India","Tobacco","Dec 2016","3618.13"
"All India","Tobacco","Jan 2017","2997.06"
"All India","Tobacco","Feb 2017","2737.72"
"All India","Tobacco","Mar 2017","5475.05"
"All India","Tobacco","Apr 2017","5271.63"
"All India","Tobacco","May 2017","4627.56"
"All India","Tobacco","Jun 2017","2853.89"
"All India","Tobacco","Jul 2017","2219.47"
"All India","Tobacco","Aug 2017","1949.00"
"All India","Tobacco","Sep 2017","1826.79"
"All India","Tobacco","Oct 2017","1918.58"
"All India","Tobacco","Nov 2017","2034.90"
"All India","Tobacco","Dec 2017","2245.17"
"All India","Tobacco","Jan 2018","2664.04"
"All India","Tobacco","Feb 2018","2330.83"
"All India","Tobacco","Mar 2018","2209.05"
"All India","Tobacco","Apr 2018","4756.64"
"All India","Tobacco","May 2018","4227.20"
"All India","Tobacco","Jun 2018","2182.06"
"All India","Tobacco","Jul 2018","2630.29"
"All India","Tobacco","Aug 2018","2986.54"
"All India","Tobacco","Sep 2018","2312.62"
"All India","Tobacco","Oct 2018","2173.80"
"All India","Tobacco","Nov 2018","2417.64"
"All India","Tobacco","Dec 2018","2785.05"
"All India","Tobacco","Jan 2019","2542.07"
"All India","Tobacco","Feb 2019","3145.75"
"All India","Tobacco","Mar 2019","4650.11"
"All India","Tobacco","Apr 2019","6194.46"
"All India","Tobacco","May 2019","5433.49"
"All India","Tobacco","Jun 2019","3272.50"
"All India","Tobacco","Jul 2019","3308.78"
"All India","Tobacco","Aug 2019","3305.65"
"All India","Tobacco","Sep 2019","3419.00"
"All India","Tobacco","Oct 2019","3099.83"
"All India","Tobacco","Nov 2019","2862.73"
"All India","Tobacco","Dec 2019","3120.07"
"All India","Tobacco","Jan 2020","2581.55"
"All India","Tobacco","Feb 2020","2542.08"
"All India","Tobacco","Mar 2020","2803.22"
"All India","Tobacco","Apr 2020","1683.22"
"All India","Tobacco","May 2020","4958.07"
"All India","Tobacco","Jun 2020","5282.07"
"All India","Tobacco","Jul 2020","4048.21"
"All India","Tobacco","Aug 2020","4038.13"
"All India","Tobacco","Sep 2020","4229.65"
"All India","Tobacco","Oct 2020","5082.18"
"All India","Tobacco","Nov 2020","4241.58"
"All India","Tobacco","Dec 2020","4503.18"
"All India","Tobacco","Jan 2021","3768.43"
"All India","Tobacco","Feb 2021","4126.96"
"All India","Tobacco","Mar 2021","7281.77"
"All India","Tobacco","Apr 2021","7979.37"
"All India","Tobacco","May 2021","7905.87"
"All India","Tobacco","Jun 2021","6662.47"
"All India","Tobacco","Jul 2021","4717.34"
"All India","Tobacco","Aug 2021","3805.33"
"All India","Tobacco","Sep 2021","4131.95"
"All India","Tobacco","Oct 2021","3324.20"
"All India","Tobacco","Nov 2021","3946.57"
"All India","Tobacco","Dec 2021","6461.53"
"All India","Tobacco","Jan 2022","4086.95"
"All India","Tobacco","Feb 2022","3426.48"
"All India","Tobacco","Mar 2022","7528.81"
"All India","Tobacco","Apr 2022","7779.19"
"All India","Tobacco","May 2022","7454.22"
"All India","Tobacco","Jun 2022","6198.22"
"All India","Tobacco","Jul 2022","3684.09"
"All India","Tobacco","Aug 2022","3317.41"
"All India","Tobacco","Sep 2022","3687.57"
"All India","Tobacco","Oct 2022","4001.03"
"All India","Tobacco","Nov 2022","2400.31"
"All India","Tobacco","Dec 2022","2521.25"
"All India","Tobacco","Jan 2023","2593.05"
"All India","Tobacco","Feb 2023","2392.20"
"All India","Tobacco","Mar 2023","2571.74"
"All India","Tobacco","Apr 2023","7434.87"
"All India","Tobacco","May 2023","6745.27"
"All India","Tobacco","Jun 2023","2678.52"
"All India","Tobacco","Jul 2023","2657.22"
"All India","Tobacco","Aug 2023","3203.14"
"All India","Tobacco","Sep 2023","3599.47"
"All India","Tobacco","Oct 2023","3512.52"
"All India","Tobacco","Nov 2023","3289.59"
"All India","Tobacco","Dec 2023","5147.36"
"All India","Tobacco","Aug 2024","2294.02"
"All India","Tobacco","Sep 2024","9136.95"
"All India","Tobacco","Oct 2024","3696.76"
"All India","Tobacco","Nov 2024","4371.79"
"All India","Tobacco","Dec 2024","10814.16"
"All India","Tobacco","Jan 2025","3639.38"
"All India","Tobacco","Feb 2025","1753.53"
"All India","Tobacco","Mar 2025","1506.00"
"All India","Tobacco","Apr 2025","10101.01"
"All India","Tobacco","May 2025","9293.98"
"All India","Tobacco","Jun 2025","9901.76"
"All India","Tobacco","Jul 2025","4407.69"
"All India","Tobacco","Aug 2025","5875.09"
"All India","Tobacco","Sep 2025","5989.05"
"All India","Tobacco","Oct 2025","6885.55"
"All India","Tobacco","Nov 2025","4376.34"
"All India","Tobacco","Dec 2025","4030.00"
"All India","Tobacco","Jan 2026","7264.65"
"All India","Tobacco","Feb 2026","3701.01"
"All India","Tobacco","Mar 2026","2241.44"
"All India","Tobacco","Apr 2026","6578.48"
"All India","Tobacco","May 2026","4331.72"
"All India","Tobacco","Jun 2026","2356.09"
"All India","Tobacco","Jul 2026","2434.87"
"All India","Tobacco","Aug 2026","2185.94"
"All India","Tobacco","Sep 2026","3144.45"
"All India","Masur/Lentil (Dal/Split)","Oct 2016","7564.96"
"All India","Masur/Lentil (Dal/Split)","Nov 2016","7531.03"
"All India","Masur/Lentil (Dal/Split)","Dec 2016","7447.67"
"All India","Masur/Lentil (Dal/Split)","Jan 2017","7447.81"
"All India","Masur/Lentil (Dal/Split)","Feb 2017","7063.60"
"All India","Masur/Lentil (Dal/Split)","Mar 2017","6548.40"
"All India","Masur/Lentil (Dal/Split)","Apr 2017","6448.13"
"All India","Masur/Lentil (Dal/Split)","May 2017","6253.87"
"All India","Masur/Lentil (Dal/Split)","Jun 2017","5750.64"
"All India","Masur/Lentil (Dal/Split)","Jul 2017","5490.76"
"All India","Masur/Lentil (Dal/Split)","Aug 2017","5714.74"
"All India","Masur/Lentil (Dal/Split)","Sep 2017","5894.93"
"All India","Masur/Lentil (Dal/Split)","Oct 2017","5645.08"
"All India","Masur/Lentil (Dal/Split)","Nov 2017","5406.29"
"All India","Masur/Lentil (Dal/Split)","Dec 2017","5984.90"
"All India","Masur/Lentil (Dal/Split)","Jan 2018","5658.10"
"All India","Masur/Lentil (Dal/Split)","Feb 2018","5320.96"
"All India","Masur/Lentil (Dal/Split)","Mar 2018","5552.62"
"All India","Masur/Lentil (Dal/Split)","Apr 2018","5717.65"
"All India","Masur/Lentil (Dal/Split)","May 2018","5559.50"
"All India","Masur/Lentil (Dal/Split)","Jun 2018","5533.15"
"All India","Masur/Lentil (Dal/Split)","Jul 2018","5498.91"
"All India","Masur/Lentil (Dal/Split)","Aug 2018","5777.32"
"All India","Masur/Lentil (Dal/Split)","Sep 2018","5710.81"
"All India","Masur/Lentil (Dal/Split)","Oct 2018","5657.90"
"All India","Masur/Lentil (Dal/Split)","Nov 2018","5524.14"
"All India","Masur/Lentil (Dal/Split)","Dec 2018","5605.94"
"All India","Masur/Lentil (Dal/Split)","Jan 2019","5761.40"
"All India","Masur/Lentil (Dal/Split)","Feb 2019","5920.95"
"All India","Masur/Lentil (Dal/Split)","Mar 2019","5955.37"
"All India","Masur/Lentil (Dal/Split)","Apr 2019","5658.38"
"All India","Masur/Lentil (Dal/Split)","May 2019","6018.31"
"All India","Masur/Lentil (Dal/Split)","Jun 2019","6637.71"
"All India","Masur/Lentil (Dal/Split)","Jul 2019","6678.25"
"All India","Masur/Lentil (Dal/Split)","Aug 2019","6804.35"
"All India","Masur/Lentil (Dal/Split)","Sep 2019","6728.40"
"All India","Masur/Lentil (Dal/Split)","Oct 2019","6381.60"
"All India","Masur/Lentil (Dal/Split)","Nov 2019","6546.27"
"All India","Masur/Lentil (Dal/Split)","Dec 2019","6396.39"
"All India","Masur/Lentil (Dal/Split)","Jan 2020","6330.83"
"All India","Masur/Lentil (Dal/Split)","Feb 2020","6477.22"
"All India","Masur/Lentil (Dal/Split)","Mar 2020","6100.36"
"All India","Masur/Lentil (Dal/Split)","Apr 2020","6172.04"
"All India","Masur/Lentil (Dal/Split)","May 2020","6138.92"
"All India","Masur/Lentil (Dal/Split)","Jun 2020","6754.91"
"All India","Masur/Lentil (Dal/Split)","Jul 2020","7215.99"
"All India","Masur/Lentil (Dal/Split)","Aug 2020","7226.88"
"All India","Masur/Lentil (Dal/Split)","Sep 2020","7235.43"
"All India","Masur/Lentil (Dal/Split)","Oct 2020","7577.97"
"All India","Masur/Lentil (Dal/Split)","Nov 2020","7377.27"
"All India","Masur/Lentil (Dal/Split)","Dec 2020","7371.28"
"All India","Masur/Lentil (Dal/Split)","Jan 2021","7371.76"
"All India","Masur/Lentil (Dal/Split)","Feb 2021","7150.03"
"All India","Masur/Lentil (Dal/Split)","Mar 2021","7213.74"
"All India","Masur/Lentil (Dal/Split)","Apr 2021","7443.04"
"All India","Masur/Lentil (Dal/Split)","May 2021","7853.87"
"All India","Masur/Lentil (Dal/Split)","Jun 2021","7868.05"
"All India","Masur/Lentil (Dal/Split)","Jul 2021","7815.16"
"All India","Masur/Lentil (Dal/Split)","Aug 2021","8041.69"
"All India","Masur/Lentil (Dal/Split)","Sep 2021","8476.61"
"All India","Masur/Lentil (Dal/Split)","Oct 2021","8738.89"
"All India","Masur/Lentil (Dal/Split)","Nov 2021","8658.05"
"All India","Masur/Lentil (Dal/Split)","Dec 2021","8611.64"
"All India","Masur/Lentil (Dal/Split)","Jan 2022","8599.14"
"All India","Masur/Lentil (Dal/Split)","Feb 2022","8593.67"
"All India","Masur/Lentil (Dal/Split)","Mar 2022","8300.20"
"All India","Masur/Lentil (Dal/Split)","Apr 2022","8285.75"
"All India","Masur/Lentil (Dal/Split)","May 2022","8287.77"
"All India","Masur/Lentil (Dal/Split)","Jun 2022","8364.96"
"All India","Masur/Lentil (Dal/Split)","Jul 2022","8457.34"
"All India","Masur/Lentil (Dal/Split)","Aug 2022","8528.00"
"All India","Masur/Lentil (Dal/Split)","Sep 2022","8656.81"
"All India","Masur/Lentil (Dal/Split)","Oct 2022","8334.48"
"All India","Masur/Lentil (Dal/Split)","Nov 2022","8570.22"
"All India","Masur/Lentil (Dal/Split)","Dec 2022","8609.00"
"All India","Masur/Lentil (Dal/Split)","Jan 2023","8437.29"
"All India","Masur/Lentil (Dal/Split)","Feb 2023","8347.45"
"All India","Masur/Lentil (Dal/Split)","Mar 2023","7737.62"
"All India","Masur/Lentil (Dal/Split)","Apr 2023","8085.97"
"All India","Masur/Lentil (Dal/Split)","May 2023","8219.43"
"All India","Masur/Lentil (Dal/Split)","Jun 2023","8228.52"
"All India","Masur/Lentil (Dal/Split)","Jul 2023","8405.47"
"All India","Masur/Lentil (Dal/Split)","Aug 2023","8281.34"
"All India","Masur/Lentil (Dal/Split)","Sep 2023","8725.39"
"All India","Masur/Lentil (Dal/Split)","Oct 2023","8719.21"
"All India","Masur/Lentil (Dal/Split)","Nov 2023","8632.52"
"All India","Masur/Lentil (Dal/Split)","Dec 2023","8564.28"
"All India","Masur/Lentil (Dal/Split)","Jan 2024","8760.91"
"All India","Masur/Lentil (Dal/Split)","Feb 2024","8623.72"
"All India","Masur/Lentil (Dal/Split)","Mar 2024","8735.70"
"All India","Masur/Lentil (Dal/Split)","Apr 2024","9201.51"
"All India","Masur/Lentil (Dal/Split)","May 2024","9268.75"
"All India","Masur/Lentil (Dal/Split)","Jun 2024","8877.21"
"All India","Masur/Lentil (Dal/Split)","Jul 2024","8865.65"
"All India","Masur/Lentil (Dal/Split)","Aug 2024","8916.99"
"All India","Masur/Lentil (Dal/Split)","Sep 2024","8738.04"
"All India","Masur/Lentil (Dal/Split)","Oct 2024","8677.05"
"All India","Masur/Lentil (Dal/Split)","Nov 2024","8440.75"
"All India","Masur/Lentil (Dal/Split)","Dec 2024","8448.32"
"All India","Masur/Lentil (Dal/Split)","Jan 2025","8576.48"
"All India","Masur/Lentil (Dal/Split)","Feb 2025","8595.31"
"All India","Masur/Lentil (Dal/Split)","Mar 2025","8463.80"
"All India","Masur/Lentil (Dal/Split)","Apr 2025","8478.02"
"All India","Masur/Lentil (Dal/Split)","May 2025","8210.47"
"All India","Masur/Lentil (Dal/Split)","Jun 2025","8300.11"
"All India","Masur/Lentil (Dal/Split)","Jul 2025","8420.24"
"All India","Masur/Lentil (Dal/Split)","Aug 2025","8754.94"
"All India","Masur/Lentil (Dal/Split)","Sep 2025","8974.09"
"All India","Masur/Lentil (Dal/Split)","Oct 2025","9007.19"
"All India","Masur/Lentil (Dal/Split)","Nov 2025","9104.49"
"All India","Masur/Lentil (Dal/Split)","Dec 2025","9230.10"
"All India","Masur/Lentil (Dal/Split)","Jan 2026","9341.76"
"All India","Masur/Lentil (Dal/Split)","Feb 2026","9012.69"
"All India","Masur/Lentil (Dal/Split)","Mar 2026","7093.86"
"All India","Masur/Lentil (Dal/Split)","Apr 2026","7638.57"
"All India","Masur/Lentil (Dal/Split)","May 2026","7365.47"
"All India","Masur/Lentil (Dal/Split)","Jun 2026","7564.92"
"All India","Masur/Lentil (Dal/Split)","Jul 2026","8064.75"
"All India","Masur/Lentil (Dal/Split)","Aug 2026","8236.83"
"All India","Masur/Lentil (Dal/Split)","Sep 2026","8926.94"
"All India","Peas","Oct 2016","3338.54"
"All India","Peas","Nov 2016","3269.54"
"All India","Peas","Dec 2016","3111.72"
"All India","Peas","Jan 2017","2967.93"
"All India","Peas","Feb 2017","2685.00"
"All India","Peas","Mar 2017","2518.61"
"All India","Peas","Apr 2017","2488.40"
"All India","Peas","May 2017","2470.09"
"All India","Peas","Jun 2017","2506.97"
"All India","Peas","Jul 2017","2447.87"
"All India","Peas","Aug 2017","2509.22"
"All India","Peas","Sep 2017","2401.21"
"All India","Peas","Oct 2017","2226.34"
"All India","Peas","Nov 2017","2295.36"
"All India","Peas","Dec 2017","2414.45"
"All India","Peas","Jan 2018","2442.41"
"All India","Peas","Feb 2018","2427.10"
"All India","Peas","Mar 2018","2508.07"
"All India","Peas","Apr 2018","2700.98"
"All India","Peas","May 2018","2878.16"
"All India","Peas","Jun 2018","2969.78"
"All India","Peas","Jul 2018","3489.27"
"All India","Peas","Aug 2018","3787.84"
"All India","Peas","Sep 2018","4028.30"
"All India","Peas","Oct 2018","3992.68"
"All India","Peas","Nov 2018","4009.01"
"All India","Peas","Dec 2018","4312.66"
"All India","Peas","Jan 2019","4333.05"
"All India","Peas","Feb 2019","4179.10"
"All India","Peas","Mar 2019","3845.29"
"All India","Peas","Apr 2019","4113.44"
"All India","Peas","May 2019","4431.49"
"All India","Peas","Jun 2019","4617.58"
"All India","Peas","Jul 2019","4577.58"
"All India","Peas","Aug 2019","4808.54"
"All India","Peas","Sep 2019","4936.63"
"All India","Peas","Oct 2019","4781.92"
"All India","Peas","Nov 2019","4981.28"
"All India","Peas","Dec 2019","4906.71"
"All India","Peas","Jan 2020","5032.62"
"All India","Peas","Feb 2020","4741.91"
"All India","Peas","Mar 2020","4162.43"
"All India","Peas","Apr 2020","4554.10"
"All India","Peas","May 2020","4428.57"
"All India","Peas","Jun 2020","4325.41"
"All India","Peas","Jul 2020","4626.17"
"All India","Peas","Aug 2020","4903.62"
"All India","Peas","Sep 2020","5304.88"
"All India","Peas","Oct 2020","5576.32"
"All India","Peas","Nov 2020","5353.84"
"All India","Peas","Dec 2020","5388.61"
"All India","Peas","Jan 2021","5215.97"
"All India","Peas","Feb 2021","4706.33"
"All India","Peas","Mar 2021","4922.06"
"All India","Peas","Apr 2021","5006.25"
"All India","Peas","May 2021","5147.91"
"All India","Peas","Jun 2021","4871.82"
"All India","Peas","Jul 2021","5195.37"
"All India","Peas","Aug 2021","5490.49"
"All India","Peas","Sep 2021","5507.86"
"All India","Peas","Oct 2021","5518.66"
"All India","Peas","Nov 2021","5361.11"
"All India","Peas","Dec 2021","5662.41"
"All India","Peas","Jan 2022","5844.96"
"All India","Peas","Feb 2022","5611.50"
"All India","Peas","Mar 2022","4926.31"
"All India","Peas","Apr 2022","4666.02"
"All India","Peas","May 2022","4392.11"
"All India","Peas","Jun 2022","4461.09"
"All India","Peas","Jul 2022","4500.64"
"All India","Peas","Aug 2022","4734.69"
"All India","Peas","Sep 2022","4743.05"
"All India","Peas","Oct 2022","4658.59"
"All India","Peas","Nov 2022","4502.77"
"All India","Peas","Dec 2022","4661.48"
"All India","Peas","Jan 2023","3503.74"
"All India","Peas","Feb 2023","3598.36"
"All India","Peas","Mar 2023","4186.26"
"All India","Peas","Apr 2023","4248.46"
"All India","Peas","May 2023","4140.84"
"All India","Peas","Jun 2023","4107.49"
"All India","Peas","Jul 2023","4328.76"
"All India","Peas","Aug 2023","4885.89"
"All India","Peas","Sep 2023","5107.82"
"All India","Peas","Oct 2023","4926.86"
"All India","Peas","Nov 2023","5495.06"
"All India","Peas","Dec 2023","5313.16"
"All India","Peas","Jan 2024","5022.09"
"All India","Peas","Feb 2024","4728.54"
"All India","Peas","Mar 2024","4650.05"
"All India","Peas","Apr 2024","4461.66"
"All India","Peas","May 2024","4257.48"
"All India","Peas","Jun 2024","4318.01"
"All India","Peas","Jul 2024","4250.11"
"All India","Peas","Aug 2024","4367.33"
"All India","Peas","Sep 2024","4423.93"
"All India","Peas","Oct 2024","4390.06"
"All India","Peas","Nov 2024","4378.28"
"All India","Peas","Dec 2024","3991.15"
"All India","Peas","Jan 2025","4034.66"
"All India","Peas","Feb 2025","3905.27"
"All India","Peas","Mar 2025","3704.41"
"All India","Peas","Apr 2025","3656.74"
"All India","Peas","May 2025","3621.22"
"All India","Peas","Jun 2025","3657.71"
"All India","Peas","Jul 2025","3842.63"
"All India","Peas","Aug 2025","4000.82"
"All India","Peas","Sep 2025","4002.39"
"All India","Peas","Oct 2025","3914.64"
"All India","Peas","Nov 2025","4040.02"
"All India","Peas","Dec 2025","4006.19"
"All India","Peas","Jan 2026","4239.74"
"All India","Peas","Feb 2026","4136.61"
"All India","Peas","Mar 2026","3879.01"
"All India","Peas","Apr 2026","3911.02"
"All India","Peas","May 2026","3671.26"
"All India","Peas","Jun 2026","3698.04"
"All India","Peas","Jul 2026","3792.12"
"All India","Peas","Aug 2026","3589.79"
"All India","Peas","Sep 2026","3775.74"
"All India","Moong","Oct 2016","4765.38"
"All India","Moong","Nov 2016","4823.01"
"All India","Moong","Dec 2016","4565.93"
"All India","Moong","Jan 2017","4588.93"
"All India","Moong","Feb 2017","4642.41"
"All India","Moong","Mar 2017","4844.94"
"All India","Moong","Apr 2017","5115.50"
"All India","Moong","May 2017","4730.60"
"All India","Moong","Jun 2017","5120.64"
"All India","Moong","Jul 2017","5128.12"
"All India","Moong","Aug 2017","4943.06"
"All India","Moong","Sep 2017","4544.42"
"All India","Moong","Oct 2017","4450.49"
"All India","Moong","Nov 2017","4626.96"
"All India","Moong","Dec 2017","4935.48"
"All India","Moong","Jan 2018","5060.82"
"All India","Moong","Feb 2018","5140.81"
"All India","Moong","Mar 2018","5249.59"
"All India","Moong","Apr 2018","5051.39"
"All India","Moong","May 2018","5034.55"
"All India","Moong","Jun 2018","4986.75"
"All India","Moong","Jul 2018","4470.92"
"All India","Moong","Aug 2018","4578.01"
"All India","Moong","Sep 2018","4770.83"
"All India","Moong","Oct 2018","4768.38"
"All India","Moong","Nov 2018","5168.00"
"All India","Moong","Dec 2018","5408.53"
"All India","Moong","Jan 2019","5466.71"
"All India","Moong","Feb 2019","5424.41"
"All India","Moong","Mar 2019","5459.95"
"All India","Moong","Apr 2019","5686.15"
"All India","Moong","May 2019","5975.14"
"All India","Moong","Jun 2019","5327.36"
"All India","Moong","Jul 2019","5328.08"
"All India","Moong","Aug 2019","5788.39"
"All India","Moong","Sep 2019","5555.95"
"All India","Moong","Oct 2019","5776.23"
"All India","Moong","Nov 2019","6229.62"
"All India","Moong","Dec 2019","6520.37"
"All India","Moong","Jan 2020","7200.79"
"All India","Moong","Feb 2020","7328.35"
"All India","Moong","Mar 2020","7682.20"
"All India","Moong","Apr 2020","9040.10"
"All India","Moong","May 2020","6980.04"
"All India","Moong","Jun 2020","6215.86"
"All India","Moong","Jul 2020","5573.75"
"All India","Moong","Aug 2020","5575.61"
"All India","Moong","Sep 2020","5603.78"
"All India","Moong","Oct 2020","6386.85"
"All India","Moong","Nov 2020","6360.38"
"All India","Moong","Dec 2020","6430.48"
"All India","Moong","Jan 2021","6532.35"
"All India","Moong","Feb 2021","6662.33"
"All India","Moong","Mar 2021","6598.25"
"All India","Moong","Apr 2021","7045.85"
"All India","Moong","May 2021","6532.16"
"All India","Moong","Jun 2021","5879.44"
"All India","Moong","Jul 2021","5767.19"
"All India","Moong","Aug 2021","6023.87"
"All India","Moong","Sep 2021","6259.59"
"All India","Moong","Oct 2021","6201.62"
"All India","Moong","Nov 2021","6087.49"
"All India","Moong","Dec 2021","5870.81"
"All India","Moong","Jan 2022","5942.34"
"All India","Moong","Feb 2022","6240.74"
"All India","Moong","Mar 2022","6783.71"
"All India","Moong","Apr 2022","7029.07"
"All India","Moong","May 2022","6509.44"
"All India","Moong","Jun 2022","6037.26"
"All India","Moong","Jul 2022","6100.65"
"All India","Moong","Aug 2022","6252.86"
"All India","Moong","Sep 2022","6375.52"
"All India","Moong","Oct 2022","6542.07"
"All India","Moong","Nov 2022","6823.63"
"All India","Moong","Dec 2022","6930.49"
"All India","Moong","Jan 2023","7244.55"
"All India","Moong","Feb 2023","7407.71"
"All India","Moong","Mar 2023","7855.09"
"All India","Moong","Apr 2023","7733.49"
"All India","Moong","May 2023","7540.68"
"All India","Moong","Jun 2023","7210.72"
"All India","Moong","Jul 2023","7322.10"
"All India","Moong","Aug 2023","8021.42"
"All India","Moong","Sep 2023","8509.64"
"All India","Moong","Oct 2023","7799.11"
"All India","Moong","Nov 2023","7879.09"
"All India","Moong","Dec 2023","8019.49"
"All India","Moong","Jan 2024","8001.77"
"All India","Moong","Feb 2024","8516.20"
"All India","Moong","Mar 2024","8762.19"
"All India","Moong","Apr 2024","8713.36"
"All India","Moong","May 2024","8458.93"
"All India","Moong","Jun 2024","7917.08"
"All India","Moong","Jul 2024","7911.92"
"All India","Moong","Aug 2024","7693.28"
"All India","Moong","Sep 2024","7258.85"
"All India","Moong","Oct 2024","6834.02"
"All India","Moong","Nov 2024","6958.66"
"All India","Moong","Dec 2024","6963.94"
"All India","Moong","Jan 2025","7464.32"
"All India","Moong","Feb 2025","7641.16"
"All India","Moong","Mar 2025","7588.86"
"All India","Moong","Apr 2025","8177.74"
"All India","Moong","May 2025","7625.07"
"All India","Moong","Jun 2025","6886.97"
"All India","Moong","Jul 2025","7108.19"
"All India","Moong","Aug 2025","7536.76"
"All India","Moong","Sep 2025","6831.94"
"All India","Moong","Oct 2025","6616.55"
"All India","Moong","Nov 2025","6475.08"
"All India","Moong","Dec 2025","6669.98"
"All India","Moong","Jan 2026","7230.41"
"All India","Moong","Feb 2026","7071.06"
"All India","Moong","Mar 2026","6614.36"
"All India","Moong","Apr 2026","7553.63"
"All India","Moong","May 2026","7411.86"
"All India","Moong","Jun 2026","6876.65"
"All India","Moong","Jul 2026","6804.46"
"All India","Moong","Aug 2026","7218.30"
"All India","Moong","Sep 2026","7768.88"
"All India","Barley","Oct 2016","1616.69"
"All India","Barley","Nov 2016","1764.45"
"All India","Barley","Dec 2016","1789.43"
"All India","Barley","Jan 2017","1836.36"
"All India","Barley","Feb 2017","1763.42"
"All India","Barley","Mar 2017","1398.43"
"All India","Barley","Apr 2017","1429.41"
"All India","Barley","May 2017","1476.58"
"All India","Barley","Jun 2017","1436.82"
"All India","Barley","Jul 2017","1431.33"
"All India","Barley","Aug 2017","1429.55"
"All India","Barley","Sep 2017","1469.94"
"All India","Barley","Oct 2017","1430.31"
"All India","Barley","Nov 2017","1399.58"
"All India","Barley","Dec 2017","1416.63"
"All India","Barley","Jan 2018","1490.83"
"All India","Barley","Feb 2018","1426.95"
"All India","Barley","Mar 2018","1254.71"
"All India","Barley","Apr 2018","1237.98"
"All India","Barley","May 2018","1346.78"
"All India","Barley","Jun 2018","1411.84"
"All India","Barley","Jul 2018","1465.80"
"All India","Barley","Aug 2018","1522.70"
"All India","Barley","Sep 2018","1562.79"
"All India","Barley","Oct 2018","1549.96"
"All India","Barley","Nov 2018","1599.07"
"All India","Barley","Dec 2018","1847.91"
"All India","Barley","Jan 2019","1764.52"
"All India","Barley","Feb 2019","1777.91"
"All India","Barley","Mar 2019","1514.79"
"All India","Barley","Apr 2019","1527.07"
"All India","Barley","May 2019","1649.41"
"All India","Barley","Jun 2019","1624.48"
"All India","Barley","Jul 2019","1731.85"
"All India","Barley","Aug 2019","1728.88"
"All India","Barley","Sep 2019","1750.61"
"All India","Barley","Oct 2019","1774.62"
"All India","Barley","Nov 2019","1828.69"
"All India","Barley","Dec 2019","1863.70"
"All India","Barley","Jan 2020","1921.90"
"All India","Barley","Feb 2020","1903.01"
"All India","Barley","Mar 2020","1607.67"
"All India","Barley","Apr 2020","1402.26"
"All India","Barley","May 2020","1434.03"
"All India","Barley","Jun 2020","1341.70"
"All India","Barley","Jul 2020","1305.00"
"All India","Barley","Aug 2020","1307.83"
"All India","Barley","Sep 2020","1409.46"
"All India","Barley","Oct 2020","1479.76"
"All India","Barley","Nov 2020","1524.18"
"All India","Barley","Dec 2020","1493.85"
"All India","Barley","Jan 2021","1502.69"
"All India","Barley","Feb 2021","1438.81"
"All India","Barley","Mar 2021","1441.88"
"All India","Barley","Apr 2021","1563.06"
"All India","Barley","May 2021","1652.36"
"All India","Barley","Jun 2021","1663.45"
"All India","Barley","Jul 2021","1685.16"
"All India","Barley","Aug 2021","1800.16"
"All India","Barley","Sep 2021","1867.40"
"All India","Barley","Oct 2021","1887.03"
"All India","Barley","Nov 2021","1955.57"
"All India","Barley","Dec 2021","2011.91"
"All India","Barley","Jan 2022","2044.31"
"All India","Barley","Feb 2022","2101.10"
"All India","Barley","Mar 2022","2592.24"
"All India","Barley","Apr 2022","2722.78"
"All India","Barley","May 2022","2605.58"
"All India","Barley","Jun 2022","2501.04"
"All India","Barley","Jul 2022","2494.46"
"All India","Barley","Aug 2022","2571.41"
"All India","Barley","Sep 2022","2602.77"
"All India","Barley","Oct 2022","2613.25"
"All India","Barley","Nov 2022","2641.52"
"All India","Barley","Dec 2022","2723.38"
"All India","Barley","Jan 2023","2779.60"
"All India","Barley","Feb 2023","2734.75"
"All India","Barley","Mar 2023","2025.72"
"All India","Barley","Apr 2023","1892.06"
"All India","Barley","May 2023","1854.39"
"All India","Barley","Jun 2023","1812.19"
"All India","Barley","Jul 2023","1829.89"
"All India","Barley","Aug 2023","1899.41"
"All India","Barley","Sep 2023","1900.06"
"All India","Barley","Oct 2023","1995.98"
"All India","Barley","Nov 2023","1946.65"
"All India","Barley","Dec 2023","1971.52"
"All India","Barley","Jan 2024","2032.29"
"All India","Barley","Feb 2024","2038.75"
"All India","Barley","Mar 2024","1889.75"
"All India","Barley","Apr 2024","1781.01"
"All India","Barley","May 2024","1971.75"
"All India","Barley","Jun 2024","2132.21"
"All India","Barley","Jul 2024","2148.67"
"All India","Barley","Aug 2024","2210.82"
"All India","Barley","Sep 2024","2228.90"
"All India","Barley","Oct 2024","2305.36"
"All India","Barley","Nov 2024","2342.94"
"All India","Barley","Dec 2024","2361.34"
"All India","Barley","Jan 2025","2436.22"
"All India","Barley","Feb 2025","2445.93"
"All India","Barley","Mar 2025","1999.28"
"All India","Barley","Apr 2025","2045.95"
"All India","Barley","May 2025","2227.87"
"All India","Barley","Jun 2025","2256.56"
"All India","Barley","Jul 2025","2264.95"
"All India","Barley","Aug 2025","2281.63"
"All India","Barley","Sep 2025","2259.14"
"All India","Barley","Oct 2025","2275.68"
"All India","Barley","Nov 2025","2273.12"
"All India","Moong (Dal/Split)","Oct 2016","7075.13"
"All India","Moong (Dal/Split)","Nov 2016","7060.35"
"All India","Moong (Dal/Split)","Dec 2016","6730.12"
"All India","Moong (Dal/Split)","Jan 2017","6587.31"
"All India","Moong (Dal/Split)","Feb 2017","6536.22"
"All India","Moong (Dal/Split)","Mar 2017","6286.15"
"All India","Moong (Dal/Split)","Apr 2017","7111.74"
"All India","Moong (Dal/Split)","May 2017","7130.75"
"All India","Moong (Dal/Split)","Jun 2017","7083.67"
"All India","Moong (Dal/Split)","Jul 2017","6285.12"
"All India","Moong (Dal/Split)","Aug 2017","6225.87"
"All India","Moong (Dal/Split)","Sep 2017","6619.59"
"All India","Moong (Dal/Split)","Oct 2017","6513.10"
"All India","Moong (Dal/Split)","Nov 2017","6438.39"
"All India","Moong (Dal/Split)","Dec 2017","6541.44"
"All India","Moong (Dal/Split)","Jan 2018","6622.30"
"All India","Moong (Dal/Split)","Feb 2018","6562.61"
"All India","Moong (Dal/Split)","Mar 2018","6635.76"
"All India","Moong (Dal/Split)","Apr 2018","6637.50"
"All India","Moong (Dal/Split)","May 2018","6675.11"
"All India","Moong (Dal/Split)","Jun 2018","6618.12"
"All India","Moong (Dal/Split)","Jul 2018","6507.61"
"All India","Moong (Dal/Split)","Aug 2018","6585.61"
"All India","Moong (Dal/Split)","Sep 2018","6628.11"
"All India","Moong (Dal/Split)","Oct 2018","6715.70"
"All India","Moong (Dal/Split)","Nov 2018","5909.47"
"All India","Moong (Dal/Split)","Dec 2018","7112.83"
"All India","Moong (Dal/Split)","Jan 2019","7205.71"
"All India","Moong (Dal/Split)","Feb 2019","7246.20"
"All India","Moong (Dal/Split)","Mar 2019","6323.47"
"All India","Moong (Dal/Split)","Apr 2019","6969.30"
"All India","Moong (Dal/Split)","May 2019","7566.61"
"All India","Moong (Dal/Split)","Jun 2019","7838.18"
"All India","Moong (Dal/Split)","Jul 2019","7900.55"
"All India","Moong (Dal/Split)","Aug 2019","8163.00"
"All India","Moong (Dal/Split)","Sep 2019","7989.52"
"All India","Moong (Dal/Split)","Oct 2019","8110.97"
"All India","Moong (Dal/Split)","Nov 2019","8234.19"
"All India","Moong (Dal/Split)","Dec 2019","8552.46"
"All India","Moong (Dal/Split)","Jan 2020","9181.32"
"All India","Moong (Dal/Split)","Feb 2020","9639.19"
"All India","Moong (Dal/Split)","Mar 2020","9648.85"
"All India","Moong (Dal/Split)","Apr 2020","10931.23"
"All India","Moong (Dal/Split)","May 2020","10197.76"
"All India","Moong (Dal/Split)","Jun 2020","10257.73"
"All India","Moong (Dal/Split)","Jul 2020","9944.79"
"All India","Moong (Dal/Split)","Aug 2020","9542.84"
"All India","Moong (Dal/Split)","Sep 2020","8839.31"
"All India","Moong (Dal/Split)","Oct 2020","9363.02"
"All India","Moong (Dal/Split)","Nov 2020","9589.22"
"All India","Moong (Dal/Split)","Dec 2020","9835.39"
"All India","Moong (Dal/Split)","Jan 2021","10008.66"
"All India","Moong (Dal/Split)","Feb 2021","10048.97"
"All India","Moong (Dal/Split)","Mar 2021","9981.83"
"All India","Moong (Dal/Split)","Apr 2021","10179.81"
"All India","Moong (Dal/Split)","May 2021","10015.16"
"All India","Moong (Dal/Split)","Jun 2021","9394.52"
"All India","Moong (Dal/Split)","Jul 2021","8745.38"
"All India","Moong (Dal/Split)","Aug 2021","8862.63"
"All India","Moong (Dal/Split)","Sep 2021","9074.67"
"All India","Moong (Dal/Split)","Oct 2021","9298.55"
"All India","Moong (Dal/Split)","Nov 2021","9335.11"
"All India","Moong (Dal/Split)","Dec 2021","9372.34"
"All India","Moong (Dal/Split)","Jan 2022","9233.60"
"All India","Moong (Dal/Split)","Feb 2022","9131.55"
"All India","Moong (Dal/Split)","Mar 2022","9206.59"
"All India","Moong (Dal/Split)","Apr 2022","9343.90"
"All India","Moong (Dal/Split)","May 2022","9168.88"
"All India","Moong (Dal/Split)","Jun 2022","9117.72"
"All India","Moong (Dal/Split)","Jul 2022","9105.96"
"All India","Moong (Dal/Split)","Aug 2022","9221.03"
"All India","Moong (Dal/Split)","Sep 2022","9343.62"
"All India","Moong (Dal/Split)","Oct 2022","9620.06"
"All India","Moong (Dal/Split)","Nov 2022","9323.98"
"All India","Moong (Dal/Split)","Dec 2022","9497.25"
"All India","Moong (Dal/Split)","Jan 2023","9619.13"
"All India","Moong (Dal/Split)","Feb 2023","9652.02"
"All India","Moong (Dal/Split)","Mar 2023","9737.88"
"All India","Moong (Dal/Split)","Apr 2023","9872.27"
"All India","Moong (Dal/Split)","May 2023","9728.92"
"All India","Moong (Dal/Split)","Jun 2023","10021.84"
"All India","Moong (Dal/Split)","Jul 2023","10345.59"
"All India","Moong (Dal/Split)","Aug 2023","10424.65"
"All India","Moong (Dal/Split)","Sep 2023","10224.78"
"All India","Moong (Dal/Split)","Oct 2023","10766.19"
"All India","Moong (Dal/Split)","Nov 2023","10742.47"
"All India","Moong (Dal/Split)","Dec 2023","10802.28"
"All India","Moong (Dal/Split)","Jan 2024","10205.73"
"All India","Moong (Dal/Split)","Feb 2024","10612.59"
"All India","Moong (Dal/Split)","Mar 2024","11133.26"
"All India","Moong (Dal/Split)","Apr 2024","11114.79"
"All India","Moong (Dal/Split)","May 2024","11134.56"
"All India","Moong (Dal/Split)","Jun 2024","10352.38"
"All India","Moong (Dal/Split)","Jul 2024","10482.44"
"All India","Moong (Dal/Split)","Aug 2024","7106.68"
"All India","Moong (Dal/Split)","Sep 2024","8254.92"
"All India","Moong (Dal/Split)","Oct 2024","8330.76"
"All India","Moong (Dal/Split)","Nov 2024","8611.34"
"All India","Moong (Dal/Split)","Dec 2024","9043.41"
"All India","Moong (Dal/Split)","Jan 2025","9536.43"
"All India","Moong (Dal/Split)","Feb 2025","9865.25"
"All India","Moong (Dal/Split)","Mar 2025","9458.21"
"All India","Moong (Dal/Split)","Apr 2025","9118.78"
"All India","Moong (Dal/Split)","May 2025","8006.85"
"All India","Moong (Dal/Split)","Jun 2025","9933.03"
"All India","Moong (Dal/Split)","Jul 2025","9613.95"
"All India","Moong (Dal/Split)","Aug 2025","9995.34"
"All India","Moong (Dal/Split)","Sep 2025","9523.72"
"All India","Moong (Dal/Split)","Oct 2025","8572.73"
"All India","Moong (Dal/Split)","Nov 2025","9021.10"
"All India","Cotton","Oct 2016","4743.22"
"All India","Cotton","Nov 2016","4964.67"
"All India","Cotton","Dec 2016","4958.71"
"All India","Cotton","Jan 2017","5183.38"
"All India","Cotton","Feb 2017","5317.48"
"All India","Cotton","Mar 2017","3008.89"
"All India","Cotton","Apr 2017","2931.53"
"All India","Cotton","May 2017","2628.44"
"All India","Cotton","Jun 2017","2703.53"
"All India","Cotton","Jul 2017","2429.89"
"All India","Cotton","Aug 2017","3955.18"
"All India","Cotton","Sep 2017","3976.51"
"All India","Cotton","Oct 2017","4112.17"
"All India","Cotton","Nov 2017","4525.17"
"All India","Cotton","Dec 2017","4937.08"
"All India","Cotton","Jan 2018","5105.67"
"All India","Cotton","Feb 2018","4887.42"
"All India","Cotton","Mar 2018","3860.46"
"All India","Cotton","Apr 2018","3085.49"
"All India","Cotton","May 2018","2305.63"
"All India","Cotton","Jun 2018","3714.82"
"All India","Cotton","Jul 2018","2101.10"
"All India","Cotton","Aug 2018","9983.71"
"All India","Cotton","Sep 2018","4132.46"
"All India","Cotton","Oct 2018","5594.81"
"All India","Cotton","Nov 2018","5543.18"
"All India","Cotton","Dec 2018","5407.11"
"All India","Cotton","Jan 2019","5494.42"
"All India","Cotton","Feb 2019","5385.94"
"All India","Cotton","Mar 2019","5626.02"
"All India","Cotton","Apr 2019","2456.90"
"All India","Cotton","May 2019","2707.69"
"All India","Cotton","Jun 2019","2885.71"
"All India","Cotton","Jul 2019","2734.54"
"All India","Cotton","Aug 2019","2946.36"
"All India","Cotton","Sep 2019","4473.15"
"All India","Cotton","Oct 2019","4109.39"
"All India","Cotton","Nov 2019","4553.91"
"All India","Cotton","Dec 2019","4721.92"
"All India","Cotton","Jan 2020","2270.00"
"All India","Cotton","Apr 2020","2304.00"
"All India","Cotton","May 2020","2417.91"
"All India","Cotton","Sep 2020","2000.00"
"All India","Cotton","Nov 2020","2363.11"
"All India","Cotton","Feb 2021","6257.60"
"All India","Cotton","Sep 2021","7234.00"
"All India","Cotton","Dec 2021","6916.43"
"All India","Cotton","Jan 2022","9273.55"
"All India","Cotton","Feb 2022","9390.57"
"All India","Cotton","Mar 2022","10070.68"
"All India","Cotton","Apr 2022","7594.17"
"All India","Cotton","May 2022","12526.92"
"All India","Cotton","Jul 2022","3179.00"
"All India","Cotton","Aug 2022","9805.27"
"All India","Cotton","Sep 2022","9569.34"
"All India","Cotton","Oct 2022","8384.90"
"All India","Cotton","Nov 2022","8546.34"
"All India","Cotton","Dec 2022","7622.49"
"All India","Cotton","Jan 2023","8035.90"
"All India","Cotton","Feb 2023","8095.99"
"All India","Cotton","Mar 2023","7931.24"
"All India","Cotton","Apr 2023","8115.12"
"All India","Cotton","May 2023","7882.31"
"All India","Cotton","Jun 2023","7455.30"
"All India","Cotton","Aug 2023","6378.55"
"All India","Cotton","Sep 2023","6759.59"
"All India","Cotton","Oct 2023","6877.87"
"All India","Cotton","Nov 2023","6938.77"
"All India","Cotton","Dec 2023","6926.29"
"All India","Cotton","May 2024","7364.22"
"All India","Cotton","Jun 2024","7283.58"
"All India","Cotton","Aug 2024","6046.01"
"All India","Cotton","Sep 2024","6641.89"
"All India","Cotton","Oct 2024","7129.33"
"All India","Cotton","Nov 2024","7284.50"
"All India","Cotton","Dec 2024","7099.96"
"All India","Cotton","Aug 2025","3300.00"
"All India","Cotton","Sep 2025","7083.77"
"All India","Cotton","Oct 2025","7232.36"
"All India","Cotton","Nov 2025","6982.48"
"All India","Cotton","Dec 2025","7066.93"
"All India","Cotton","Jan 2026","7238.39"
"All India","Cotton","Feb 2026","7114.55"
"All India","Cotton","Mar 2026","7220.13"
"All India","Cotton","Apr 2026","7917.56"
"All India","Cotton","May 2026","6444.91"
"All India","Cotton","Jun 2026","5121.08"
"All India","Cotton","Jul 2026","7904.30"
"All India","Cotton","Aug 2026","7083.82"
"All India","Cotton","Sep 2026","8232.71"
"All India","Paddy","Oct 2016","1520.72"
"All India","Paddy","Nov 2016","1696.68"
"All India","Paddy","Dec 2016","1658.76"
"All India","Paddy","Jan 2017","1615.48"
"All India","Paddy","Feb 2017","1710.79"
"All India","Paddy","Mar 2017","1726.90"
"All India","Paddy","Apr 2017","1633.47"
"All India","Paddy","May 2017","1570.92"
"All India","Paddy","Jun 2017","1598.63"
"All India","Paddy","Jul 2017","1667.49"
"All India","Paddy","Aug 2017","1698.72"
"All India","Paddy","Sep 2017","1820.03"
"All India","Paddy","Oct 2017","1802.95"
"All India","Paddy","Nov 2017","1934.23"
"All India","Paddy","Dec 2017","1817.76"
"All India","Paddy","Jan 2018","1839.74"
"All India","Paddy","Feb 2018","2130.24"
"All India","Paddy","Mar 2018","1931.02"
"All India","Paddy","Apr 2018","1746.46"
"All India","Paddy","May 2018","1674.80"
"All India","Paddy","Jun 2018","1686.38"
"All India","Paddy","Jul 2018","1678.38"
"All India","Paddy","Aug 2018","1729.36"
"All India","Paddy","Sep 2018","1806.57"
"All India","Paddy","Oct 2018","2006.84"
"All India","Paddy","Nov 2018","2067.65"
"All India","Paddy","Dec 2018","2003.11"
"All India","Paddy","Jan 2019","1880.89"
"All India","Paddy","Feb 2019","1968.46"
"All India","Paddy","Mar 2019","1985.14"
"All India","Paddy","Apr 2019","1836.51"
"All India","Paddy","May 2019","1747.69"
"All India","Paddy","Jun 2019","1772.94"
"All India","Paddy","Jul 2019","1740.92"
"All India","Paddy","Aug 2019","1751.65"
"All India","Paddy","Sep 2019","1937.39"
"All India","Paddy","Oct 2019","1856.04"
"All India","Paddy","Nov 2019","1858.41"
"All India","Paddy","Dec 2019","1867.62"
"All India","Paddy","Jan 2020","1845.57"
"All India","Paddy","Feb 2020","1851.64"
"All India","Paddy","Mar 2020","1865.42"
"All India","Paddy","Apr 2020","1876.62"
"All India","Paddy","May 2020","1743.54"
"All India","Paddy","Jun 2020","1754.83"
"All India","Paddy","Jul 2020","1758.29"
"All India","Paddy","Aug 2020","1794.47"
"All India","Paddy","Sep 2020","1810.89"
"All India","Paddy","Oct 2020","1876.74"
"All India","Paddy","Nov 2020","1867.97"
"All India","Paddy","Dec 2020","1892.55"
"All India","Paddy","Jan 2021","1882.42"
"All India","Paddy","Feb 2021","1822.61"
"All India","Paddy","Mar 2021","1782.85"
"All India","Paddy","Apr 2021","1690.50"
"All India","Paddy","May 2021","1642.28"
"All India","Paddy","Jun 2021","1644.02"
"All India","Paddy","Jul 2021","1643.60"
"All India","Paddy","Aug 2021","1643.08"
"All India","Paddy","Sep 2021","1659.92"
"All India","Paddy","Oct 2021","1947.60"
"All India","Paddy","Nov 2021","2076.65"
"All India","Paddy","Dec 2021","2046.12"
"All India","Paddy","Jan 2022","2068.93"
"All India","Paddy","Feb 2022","2110.91"
"All India","Paddy","Mar 2022","1940.73"
"All India","Paddy","Apr 2022","1675.89"
"All India","Paddy","May 2022","1672.38"
"All India","Paddy","Jun 2022","1821.66"
"All India","Paddy","Jul 2022","1866.97"
"All India","Paddy","Aug 2022","1821.27"
"All India","Paddy","Sep 2022","1861.30"
"All India","Paddy","Oct 2022","2061.10"
"All India","Paddy","Nov 2022","2225.01"
"All India","Paddy","Dec 2022","2253.91"
"All India","Paddy","Jan 2023","2190.87"
"All India","Paddy","Feb 2023","2198.46"
"All India","Paddy","Mar 2023","2086.52"
"All India","Paddy","Apr 2023","1933.23"
"All India","Paddy","May 2023","1915.70"
"All India","Paddy","Jun 2023","2094.18"
"All India","Paddy","Jul 2023","2129.17"
"All India","Paddy","Aug 2023","2111.56"
"All India","Paddy","Sep 2023","2207.26"
"All India","Paddy","Oct 2023","2219.02"
"All India","Paddy","Nov 2023","2358.45"
"All India","Paddy","Dec 2023","2417.35"
"All India","Paddy","Jan 2024","2297.37"
"All India","Paddy","Feb 2024","2570.64"
"All India","Paddy","Mar 2024","2617.68"
"All India","Paddy","Apr 2024","2359.15"
"All India","Paddy","May 2024","2258.28"
"All India","Paddy","Jun 2024","2331.50"
"All India","Paddy","Jul 2024","2251.48"
"All India","Paddy","Aug 2024","2406.99"
"All India","Paddy","Sep 2024","2334.15"
"All India","Paddy","Oct 2024","2314.22"
"All India","Paddy","Nov 2024","2391.53"
"All India","Paddy","Dec 2024","2364.39"
"All India","Paddy","Jan 2025","2346.59"
"All India","Paddy","Feb 2025","2399.09"
"All India","Paddy","Mar 2025","2408.81"
"All India","Paddy","Apr 2025","2261.24"
"All India","Paddy","May 2025","2167.02"
"All India","Paddy","Jun 2025","2126.34"
"All India","Paddy","Jul 2025","2077.69"
"All India","Paddy","Aug 2025","2168.91"
"All India","Paddy","Sep 2025","2267.48"
"All India","Paddy","Oct 2025","2345.83"
"All India","Paddy","Nov 2025","2427.78"
"All India","Paddy","Dec 2025","2504.00"
"All India","Paddy","Jan 2026","2508.49"
"All India","Paddy","Feb 2026","2866.33"
"All India","Paddy","Mar 2026","2358.87"
"All India","Paddy","Apr 2026","2378.68"
"All India","Paddy","May 2026","2223.44"
"All India","Paddy","Jun 2026","2325.91"
"All India","Paddy","Jul 2026","2564.41"
"All India","Paddy","Aug 2026","2478.90"
"All India","Paddy","Sep 2026","2035.16"
"All India","Maize","Oct 2016","1365.93"
"All India","Maize","Nov 2016","1337.41"
"All India","Maize","Dec 2016","1349.23"
"All India","Maize","Jan 2017","1388.58"
"All India","Maize","Feb 2017","1423.35"
"All India","Maize","Mar 2017","1433.89"
"All India","Maize","Apr 2017","1403.83"
"All India","Maize","May 2017","1384.22"
"All India","Maize","Jun 2017","1270.93"
"All India","Maize","Jul 2017","1171.63"
"All India","Maize","Aug 2017","1207.18"
"All India","Maize","Sep 2017","1225.25"
"All India","Maize","Oct 2017","1197.69"
"All India","Maize","Nov 2017","1150.61"
"All India","Maize","Dec 2017","1154.68"
"All India","Maize","Jan 2018","1137.88"
"All India","Maize","Feb 2018","1188.47"
"All India","Maize","Mar 2018","1169.15"
"All India","Maize","Apr 2018","1164.20"
"All India","Maize","May 2018","1178.94"
"All India","Maize","Jun 2018","1186.26"
"All India","Maize","Jul 2018","1169.46"
"All India","Maize","Aug 2018","1276.76"
"All India","Maize","Sep 2018","1252.76"
"All India","Maize","Oct 2018","1330.83"
"All India","Maize","Nov 2018","1359.18"
"All India","Maize","Dec 2018","1537.55"
"All India","Maize","Jan 2019","1648.35"
"All India","Maize","Feb 2019","1830.84"
"All India","Maize","Mar 2019","1855.15"
"All India","Maize","Apr 2019","1969.58"
"All India","Maize","May 2019","1948.53"
"All India","Maize","Jun 2019","1808.19"
"All India","Maize","Jul 2019","1861.59"
"All India","Maize","Aug 2019","1992.21"
"All India","Maize","Sep 2019","1966.54"
"All India","Maize","Oct 2019","1835.00"
"All India","Maize","Nov 2019","1694.17"
"All India","Maize","Dec 2019","1865.89"
"All India","Maize","Jan 2020","1835.28"
"All India","Maize","Feb 2020","1667.65"
"All India","Maize","Mar 2020","1493.40"
"All India","Maize","Apr 2020","1432.08"
"All India","Maize","May 2020","1268.30"
"All India","Maize","Jun 2020","1271.95"
"All India","Maize","Jul 2020","1267.16"
"All India","Maize","Aug 2020","1248.11"
"All India","Maize","Sep 2020","1221.32"
"All India","Maize","Oct 2020","1229.16"
"All India","Maize","Nov 2020","1366.75"
"All India","Maize","Dec 2020","1341.77"
"All India","Maize","Jan 2021","1291.03"
"All India","Maize","Feb 2021","1292.68"
"All India","Maize","Mar 2021","1459.26"
"All India","Maize","Apr 2021","1473.27"
"All India","Maize","May 2021","1471.20"
"All India","Maize","Jun 2021","1481.96"
"All India","Maize","Jul 2021","1582.77"
"All India","Maize","Aug 2021","1659.99"
"All India","Maize","Sep 2021","1671.75"
"All India","Maize","Oct 2021","1464.89"
"All India","Maize","Nov 2021","1527.88"
"All India","Maize","Dec 2021","1572.31"
"All India","Maize","Jan 2022","1722.99"
"All India","Maize","Feb 2022","1848.52"
"All India","Maize","Mar 2022","1982.60"
"All India","Maize","Apr 2022","2042.52"
"All India","Maize","May 2022","2030.10"
"All India","Maize","Jun 2022","1956.44"
"All India","Maize","Jul 2022","1971.62"
"All India","Maize","Aug 2022","2111.99"
"All India","Maize","Sep 2022","2136.59"
"All India","Maize","Oct 2022","1850.76"
"All India","Maize","Nov 2022","1927.93"
"All India","Maize","Dec 2022","2065.31"
"All India","Maize","Jan 2023","2112.36"
"All India","Maize","Feb 2023","2095.74"
"All India","Maize","Mar 2023","2077.53"
"All India","Maize","Apr 2023","1909.93"
"All India","Maize","May 2023","1769.94"
"All India","Maize","Jun 2023","1765.44"
"All India","Maize","Jul 2023","1829.98"
"All India","Maize","Aug 2023","1860.91"
"All India","Maize","Sep 2023","1935.85"
"All India","Maize","Oct 2023","1874.11"
"All India","Maize","Nov 2023","2005.54"
"All India","Maize","Dec 2023","2051.31"
"All India","Maize","Jan 2024","2105.20"
"All India","Maize","Feb 2024","2132.44"
"All India","Maize","Mar 2024","2130.67"
"All India","Maize","Apr 2024","2054.69"
"All India","Maize","May 2024","2120.71"
"All India","Maize","Jun 2024","2086.57"
"All India","Maize","Jul 2024","2185.80"
"All India","Maize","Aug 2024","2306.69"
"All India","Maize","Sep 2024","2245.39"
"All India","Maize","Oct 2024","2125.72"
"All India","Maize","Nov 2024","2184.77"
"All India","Maize","Dec 2024","2232.41"
"All India","Maize","Jan 2025","2281.97"
"All India","Maize","Feb 2025","2267.52"
"All India","Maize","Mar 2025","2176.61"
"All India","Maize","Apr 2025","2042.00"
"All India","Maize","May 2025","2053.72"
"All India","Maize","Jun 2025","2086.91"
"All India","Maize","Jul 2025","2063.19"
"All India","Maize","Aug 2025","2154.74"
"All India","Maize","Sep 2025","2101.91"
"All India","Maize","Oct 2025","1821.08"
"All India","Maize","Nov 2025","1634.74"
"All India","Maize","Dec 2025","1682.27"
"All India","Maize","Jan 2026","1663.41"
"All India","Maize","Feb 2026","1609.09"
"All India","Maize","Mar 2026","1663.23"
"All India","Maize","Apr 2026","1747.09"
"All India","Maize","May 2026","1864.63"
"All India","Maize","Jun 2026","1855.99"
"All India","Maize","Jul 2026","1966.02"
"All India","Maize","Aug 2026","1975.92"
"All India","Maize","Sep 2026","2163.34"
"All India","Lentil","Oct 2016","6228.58"
"All India","Lentil","Nov 2016","6569.43"
"All India","Lentil","Dec 2016","6021.36"
"All India","Lentil","Jan 2017","5939.73"
"All India","Lentil","Feb 2017","4462.02"
"All India","Lentil","Mar 2017","4462.60"
"All India","Lentil","Apr 2017","4555.86"
"All India","Lentil","May 2017","4287.80"
"All India","Lentil","Jun 2017","4522.01"
"All India","Lentil","Jul 2017","3973.25"
"All India","Lentil","Aug 2017","4069.12"
"All India","Lentil","Sep 2017","4046.67"
"All India","Lentil","Oct 2017","3780.67"
"All India","Lentil","Nov 2017","3694.08"
"All India","Lentil","Dec 2017","3814.57"
"All India","Lentil","Jan 2018","3830.51"
"All India","Lentil","Feb 2018","3708.55"
"All India","Lentil","Mar 2018","3668.38"
"All India","Lentil","Apr 2018","3598.37"
"All India","Lentil","May 2018","3609.92"
"All India","Lentil","Jun 2018","3670.53"
"All India","Lentil","Jul 2018","3746.17"
"All India","Lentil","Aug 2018","3862.76"
"All India","Lentil","Sep 2018","3747.93"
"All India","Lentil","Oct 2018","3711.12"
"All India","Lentil","Nov 2018","3842.66"
"All India","Lentil","Dec 2018","3926.46"
"All India","Lentil","Jan 2019","4090.89"
"All India","Lentil","Feb 2019","3962.60"
"All India","Lentil","Mar 2019","3802.21"
"All India","Lentil","Apr 2019","3914.40"
"All India","Lentil","May 2019","4120.70"
"All India","Lentil","Jun 2019","4176.31"
"All India","Lentil","Jul 2019","4271.92"
"All India","Lentil","Aug 2019","4294.32"
"All India","Lentil","Sep 2019","4417.22"
"All India","Lentil","Oct 2019","4397.14"
"All India","Lentil","Nov 2019","4377.70"
"All India","Lentil","Dec 2019","4564.25"
"All India","Lentil","Jan 2020","4875.27"
"All India","Lentil","Feb 2020","4702.37"
"All India","Lentil","Mar 2020","4282.06"
"All India","Lentil","Apr 2020","5051.04"
"All India","Lentil","May 2020","5064.31"
"All India","Lentil","Jun 2020","5188.95"
"All India","Lentil","Jul 2020","5446.62"
"All India","Lentil","Aug 2020","5602.39"
"All India","Lentil","Sep 2020","5682.73"
"All India","Lentil","Oct 2020","5573.98"
"All India","Lentil","Nov 2020","5424.60"
"All India","Lentil","Dec 2020","5364.06"
"All India","Lentil","Jan 2021","5330.34"
"All India","Lentil","Feb 2021","5166.19"
"All India","Lentil","Mar 2021","5176.30"
"All India","Lentil","Apr 2021","5560.05"
"All India","Lentil","May 2021","6023.48"
"All India","Lentil","Jun 2021","5836.74"
"All India","Lentil","Jul 2021","5942.19"
"All India","Lentil","Aug 2021","6395.80"
"All India","Lentil","Sep 2021","6836.25"
"All India","Lentil","Oct 2021","6749.53"
"All India","Lentil","Nov 2021","6769.79"
"All India","Lentil","Dec 2021","6684.16"
"All India","Lentil","Jan 2022","6894.89"
"All India","Lentil","Feb 2022","6699.18"
"All India","Lentil","Mar 2022","6164.46"
"All India","Lentil","Apr 2022","6356.08"
"All India","Lentil","May 2022","6407.09"
"All India","Lentil","Jun 2022","6527.38"
"All India","Lentil","Jul 2022","6732.15"
"All India","Lentil","Aug 2022","6782.97"
"All India","Lentil","Sep 2022","6480.36"
"All India","Lentil","Oct 2022","6536.96"
"All India","Lentil","Nov 2022","6441.27"
"All India","Lentil","Dec 2022","6295.63"
"All India","Lentil","Jan 2023","6545.01"
"All India","Lentil","Feb 2023","5899.04"
"All India","Lentil","Mar 2023","5717.41"
"All India","Lentil","Apr 2023","5622.93"
"All India","Lentil","May 2023","5699.93"
"All India","Lentil","Jun 2023","5759.48"
"All India","Lentil","Jul 2023","5812.43"
"All India","Lentil","Aug 2023","6208.98"
"All India","Lentil","Sep 2023","6377.78"
"All India","Lentil","Oct 2023","6189.45"
"All India","Lentil","Nov 2023","6275.98"
"All India","Lentil","Dec 2023","6147.79"
"All India","Lentil","Jan 2024","6179.63"
"All India","Lentil","Feb 2024","5767.89"
"All India","Lentil","Mar 2024","5761.92"
"All India","Lentil","Apr 2024","5884.66"
"All India","Lentil","May 2024","6039.95"
"All India","Lentil","Jun 2024","6192.99"
"All India","Lentil","Jul 2024","6437.79"
"All India","Lentil","Aug 2024","6544.86"
"All India","Lentil","Sep 2024","6259.31"
"All India","Lentil","Oct 2024","6241.15"
"All India","Lentil","Nov 2024","6132.38"
"All India","Lentil","Dec 2024","6241.62"
"All India","Lentil","Jan 2025","6377.55"
"All India","Lentil","Feb 2025","6042.42"
"All India","Lentil","Mar 2025","6031.10"
"All India","Lentil","Apr 2025","6335.33"
"All India","Lentil","May 2025","6451.19"
"All India","Lentil","Jun 2025","6485.71"
"All India","Lentil","Jul 2025","6757.83"
"All India","Lentil","Aug 2025","6963.87"
"All India","Lentil","Sep 2025","6857.21"
"All India","Lentil","Oct 2025","6803.94"
"All India","Lentil","Nov 2025","6650.47"
"All India","Lentil","Dec 2025","6782.60"
"All India","Lentil","Jan 2026","6857.37"
"All India","Lentil","Feb 2026","6378.46"
"All India","Lentil","Mar 2026","6427.95"
"All India","Lentil","Apr 2026","6963.04"
"All India","Lentil","May 2026","7068.29"
"All India","Lentil","Jun 2026","6829.76"
"All India","Lentil","Jul 2026","7281.10"
"All India","Lentil","Aug 2026","7362.37"
"All India","Lentil","Sep 2026","7972.65"
"All India","Groundnut Oil","May 2017","5100.00"
"All India","Groundnut Oil","Oct 2017","5549.00"
"All India","Groundnut Oil","Apr 2018","3471.71"
"All India","Groundnut Oil","May 2018","3660.17"
"All India","Groundnut Oil","Jun 2018","3739.13"
"All India","Groundnut Oil","Jul 2018","3719.21"
"All India","Groundnut Oil","Aug 2018","4663.04"
"All India","Groundnut Oil","Feb 2019","7274.00"
"All India","Groundnut Oil","Mar 2019","7022.13"
"All India","Groundnut Oil","Jun 2022","5550.00"
"All India","Groundnut Oil","Nov 2024","7750.00"
"All India","Groundnut Oil","Jun 2026","6500.00"
"All India","Groundnut Oil","Jul 2026","1300.00"