"State","Crop","Calendar","Mandi Modal Price (AgMarknet)"
"Madhya Pradesh","Potato","Oct 2016","918.01"
"Madhya Pradesh","Potato","Nov 2016","732.60"
"Madhya Pradesh","Potato","Dec 2016","464.79"
"Madhya Pradesh","Potato","Jan 2017","456.47"
"Madhya Pradesh","Potato","Feb 2017","401.48"
"Madhya Pradesh","Potato","Mar 2017","362.70"
"Madhya Pradesh","Potato","Apr 2017","389.71"
"Madhya Pradesh","Potato","May 2017","387.82"
"Madhya Pradesh","Potato","Jun 2017","483.24"
"Madhya Pradesh","Potato","Jul 2017","435.47"
"Madhya Pradesh","Potato","Aug 2017","454.81"
"Madhya Pradesh","Potato","Sep 2017","417.54"
"Madhya Pradesh","Potato","Oct 2017","365.06"
"Madhya Pradesh","Potato","Nov 2017","423.18"
"Madhya Pradesh","Potato","Dec 2017","397.12"
"Madhya Pradesh","Potato","Jan 2018","528.86"
"Madhya Pradesh","Potato","Feb 2018","598.67"
"Madhya Pradesh","Potato","Mar 2018","730.02"
"Madhya Pradesh","Potato","Apr 2018","1004.79"
"Madhya Pradesh","Potato","May 2018","1075.32"
"Madhya Pradesh","Potato","Jun 2018","1065.53"
"Madhya Pradesh","Potato","Jul 2018","1057.33"
"Madhya Pradesh","Potato","Aug 2018","999.70"
"Madhya Pradesh","Potato","Sep 2018","1010.93"
"Madhya Pradesh","Potato","Oct 2018","1042.84"
"Madhya Pradesh","Potato","Nov 2018","1051.58"
"Madhya Pradesh","Potato","Dec 2018","716.98"
"Madhya Pradesh","Potato","Jan 2019","666.12"
"Madhya Pradesh","Potato","Feb 2019","680.47"
"Madhya Pradesh","Potato","Mar 2019","691.09"
"Madhya Pradesh","Potato","Apr 2019","740.27"
"Madhya Pradesh","Potato","May 2019","780.38"
"Madhya Pradesh","Potato","Jun 2019","707.92"
"Madhya Pradesh","Potato","Jul 2019","726.82"
"Madhya Pradesh","Potato","Aug 2019","692.50"
"Madhya Pradesh","Potato","Sep 2019","744.90"
"Madhya Pradesh","Potato","Oct 2019","810.37"
"Madhya Pradesh","Potato","Nov 2019","968.30"
"Madhya Pradesh","Potato","Dec 2019","1144.01"
"Madhya Pradesh","Potato","Jan 2020","1150.26"
"Madhya Pradesh","Potato","Feb 2020","941.55"
"Madhya Pradesh","Potato","Mar 2020","1044.12"
"Madhya Pradesh","Potato","Apr 2020","1455.06"
"Madhya Pradesh","Potato","May 2020","1356.70"
"Madhya Pradesh","Potato","Jun 2020","1463.60"
"Madhya Pradesh","Potato","Jul 2020","1604.89"
"Madhya Pradesh","Potato","Aug 2020","2000.92"
"Madhya Pradesh","Potato","Sep 2020","2355.05"
"Madhya Pradesh","Potato","Oct 2020","2706.91"
"Madhya Pradesh","Potato","Nov 2020","2770.00"
"Madhya Pradesh","Potato","Dec 2020","1841.66"
"Madhya Pradesh","Potato","Jan 2021","896.78"
"Madhya Pradesh","Potato","Feb 2021","741.23"
"Madhya Pradesh","Potato","Mar 2021","805.63"
"Madhya Pradesh","Potato","Apr 2021","950.60"
"Madhya Pradesh","Potato","May 2021","1077.96"
"Madhya Pradesh","Potato","Jun 2021","915.15"
"Madhya Pradesh","Potato","Jul 2021","954.59"
"Madhya Pradesh","Potato","Aug 2021","929.81"
"Madhya Pradesh","Potato","Sep 2021","811.73"
"Madhya Pradesh","Potato","Oct 2021","953.90"
"Madhya Pradesh","Potato","Nov 2021","1068.64"
"Madhya Pradesh","Potato","Dec 2021","783.19"
"Madhya Pradesh","Potato","Jan 2022","618.20"
"Madhya Pradesh","Potato","Feb 2022","618.62"
"Madhya Pradesh","Potato","Mar 2022","754.27"
"Madhya Pradesh","Potato","Apr 2022","795.61"
"Madhya Pradesh","Potato","May 2022","987.69"
"Madhya Pradesh","Potato","Jun 2022","1153.95"
"Madhya Pradesh","Potato","Jul 2022","1209.88"
"Madhya Pradesh","Potato","Aug 2022","1233.02"
"Madhya Pradesh","Potato","Sep 2022","1283.97"
"Madhya Pradesh","Potato","Oct 2022","1424.10"
"Madhya Pradesh","Potato","Nov 2022","1356.70"
"Madhya Pradesh","Potato","Dec 2022","1044.17"
"Madhya Pradesh","Potato","Jan 2023","830.09"
"Madhya Pradesh","Potato","Feb 2023","700.92"
"Madhya Pradesh","Potato","Mar 2023","706.57"
"Madhya Pradesh","Potato","Apr 2023","880.85"
"Madhya Pradesh","Potato","May 2023","962.22"
"Madhya Pradesh","Potato","Jun 2023","1033.97"
"Madhya Pradesh","Potato","Jul 2023","1076.42"
"Madhya Pradesh","Potato","Aug 2023","974.52"
"Madhya Pradesh","Potato","Sep 2023","919.99"
"Madhya Pradesh","Potato","Oct 2023","949.57"
"Madhya Pradesh","Potato","Nov 2023","897.89"
"Madhya Pradesh","Potato","Dec 2023","717.36"
"Madhya Pradesh","Potato","Jan 2024","658.77"
"Madhya Pradesh","Potato","Feb 2024","865.92"
"Madhya Pradesh","Potato","Mar 2024","1208.15"
"Madhya Pradesh","Potato","Apr 2024","1781.58"
"Madhya Pradesh","Potato","May 2024","1706.84"
"Madhya Pradesh","Potato","Jun 2024","1803.08"
"Madhya Pradesh","Potato","Jul 2024","1783.08"
"Madhya Pradesh","Potato","Aug 2024","1932.87"
"Madhya Pradesh","Potato","Sep 2024","1630.77"
"Madhya Pradesh","Potato","Oct 2024","1421.13"
"Madhya Pradesh","Potato","Nov 2024","1486.41"
"Madhya Pradesh","Potato","Dec 2024","1554.07"
"Madhya Pradesh","Potato","Jan 2025","1614.61"
"Madhya Pradesh","Potato","Feb 2025","1221.84"
"Madhya Pradesh","Potato","Mar 2025","972.65"
"Madhya Pradesh","Potato","Apr 2025","1094.12"
"Madhya Pradesh","Potato","May 2025","1024.54"
"Madhya Pradesh","Potato","Jun 2025","975.74"
"Madhya Pradesh","Potato","Jul 2025","934.51"
"Madhya Pradesh","Potato","Aug 2025","901.36"
"Madhya Pradesh","Potato","Sep 2025","925.92"
"Madhya Pradesh","Potato","Oct 2025","889.71"
"Madhya Pradesh","Potato","Nov 2025","987.10"
"Madhya Pradesh","Potato","Dec 2025","953.80"
"Madhya Pradesh","Potato","Jan 2026","784.64"
"Madhya Pradesh","Potato","Feb 2026","596.31"
"Madhya Pradesh","Potato","Mar 2026","486.99"
"Madhya Pradesh","Potato","Apr 2026","523.02"
"Madhya Pradesh","Potato","May 2026","580.62"
"Madhya Pradesh","Potato","Jun 2026","795.44"
"Madhya Pradesh","Potato","Jul 2026","834.82"
"Madhya Pradesh","Potato","Aug 2026","735.00"
"Madhya Pradesh","Potato","Sep 2026","680.28"
"Madhya Pradesh","Linseed","Oct 2016","5997.53"
"Madhya Pradesh","Linseed","Nov 2016","5612.64"
"Madhya Pradesh","Linseed","Dec 2016","4414.94"
"Madhya Pradesh","Linseed","Jan 2017","5135.68"
"Madhya Pradesh","Linseed","Feb 2017","4582.88"
"Madhya Pradesh","Linseed","Mar 2017","3360.05"
"Madhya Pradesh","Linseed","Apr 2017","3866.72"
"Madhya Pradesh","Linseed","May 2017","3944.07"
"Madhya Pradesh","Linseed","Jun 2017","3766.93"
"Madhya Pradesh","Linseed","Jul 2017","3824.79"
"Madhya Pradesh","Linseed","Aug 2017","3951.89"
"Madhya Pradesh","Linseed","Sep 2017","4091.18"
"Madhya Pradesh","Linseed","Oct 2017","3746.01"
"Madhya Pradesh","Linseed","Nov 2017","2945.55"
"Madhya Pradesh","Linseed","Dec 2017","2783.90"
"Madhya Pradesh","Linseed","Jan 2018","3757.82"
"Madhya Pradesh","Linseed","Feb 2018","3773.26"
"Madhya Pradesh","Linseed","Mar 2018","3563.97"
"Madhya Pradesh","Linseed","Apr 2018","3460.88"
"Madhya Pradesh","Linseed","May 2018","3542.47"
"Madhya Pradesh","Linseed","Jun 2018","3694.49"
"Madhya Pradesh","Linseed","Jul 2018","3796.34"
"Madhya Pradesh","Linseed","Aug 2018","3991.95"
"Madhya Pradesh","Linseed","Sep 2018","3925.72"
"Madhya Pradesh","Linseed","Oct 2018","3893.34"
"Madhya Pradesh","Linseed","Nov 2018","4037.34"
"Madhya Pradesh","Linseed","Dec 2018","3974.37"
"Madhya Pradesh","Linseed","Jan 2019","3977.07"
"Madhya Pradesh","Linseed","Feb 2019","3922.58"
"Madhya Pradesh","Linseed","Mar 2019","3971.64"
"Madhya Pradesh","Linseed","Apr 2019","4161.35"
"Madhya Pradesh","Linseed","May 2019","4476.49"
"Madhya Pradesh","Linseed","Jun 2019","4339.58"
"Madhya Pradesh","Linseed","Jul 2019","4426.11"
"Madhya Pradesh","Linseed","Aug 2019","4428.36"
"Madhya Pradesh","Linseed","Sep 2019","4362.52"
"Madhya Pradesh","Linseed","Oct 2019","4486.32"
"Madhya Pradesh","Linseed","Nov 2019","4947.24"
"Madhya Pradesh","Linseed","Dec 2019","4931.02"
"Madhya Pradesh","Linseed","Jan 2020","4898.55"
"Madhya Pradesh","Linseed","Feb 2020","4257.01"
"Madhya Pradesh","Linseed","Mar 2020","4059.32"
"Madhya Pradesh","Linseed","Apr 2020","4271.65"
"Madhya Pradesh","Linseed","May 2020","4303.03"
"Madhya Pradesh","Linseed","Jun 2020","4344.92"
"Madhya Pradesh","Linseed","Jul 2020","4727.69"
"Madhya Pradesh","Linseed","Aug 2020","5109.18"
"Madhya Pradesh","Linseed","Sep 2020","5074.50"
"Madhya Pradesh","Linseed","Oct 2020","5106.93"
"Madhya Pradesh","Linseed","Nov 2020","5119.92"
"Madhya Pradesh","Linseed","Dec 2020","5105.41"
"Madhya Pradesh","Linseed","Jan 2021","5017.64"
"Madhya Pradesh","Linseed","Feb 2021","5069.70"
"Madhya Pradesh","Linseed","Mar 2021","5724.86"
"Madhya Pradesh","Linseed","Apr 2021","6694.10"
"Madhya Pradesh","Linseed","May 2021","6200.00"
"Madhya Pradesh","Linseed","Jun 2021","6591.92"
"Madhya Pradesh","Linseed","Jul 2021","7043.90"
"Madhya Pradesh","Linseed","Aug 2021","7470.53"
"Madhya Pradesh","Linseed","Sep 2021","7889.00"
"Madhya Pradesh","Linseed","Oct 2021","7847.89"
"Madhya Pradesh","Linseed","Nov 2021","8906.75"
"Madhya Pradesh","Linseed","Dec 2021","8473.79"
"Madhya Pradesh","Linseed","Jan 2022","8034.38"
"Madhya Pradesh","Linseed","Feb 2022","7798.90"
"Madhya Pradesh","Linseed","Mar 2022","7538.16"
"Madhya Pradesh","Linseed","Apr 2022","6788.59"
"Madhya Pradesh","Linseed","May 2022","6505.39"
"Madhya Pradesh","Linseed","Jun 2022","6021.69"
"Madhya Pradesh","Linseed","Jul 2022","5596.53"
"Madhya Pradesh","Linseed","Aug 2022","6080.96"
"Madhya Pradesh","Linseed","Sep 2022","5711.82"
"Madhya Pradesh","Linseed","Oct 2022","5820.70"
"Madhya Pradesh","Linseed","Nov 2022","5978.61"
"Madhya Pradesh","Linseed","Dec 2022","5640.92"
"Madhya Pradesh","Linseed","Jan 2023","5433.96"
"Madhya Pradesh","Linseed","Feb 2023","5193.17"
"Madhya Pradesh","Linseed","Mar 2023","4680.85"
"Madhya Pradesh","Linseed","Apr 2023","4213.44"
"Madhya Pradesh","Linseed","May 2023","4263.74"
"Madhya Pradesh","Linseed","Jun 2023","3971.53"
"Madhya Pradesh","Linseed","Jul 2023","4755.07"
"Madhya Pradesh","Linseed","Aug 2023","4777.22"
"Madhya Pradesh","Linseed","Sep 2023","4965.10"
"Madhya Pradesh","Linseed","Oct 2023","5133.47"
"Madhya Pradesh","Linseed","Nov 2023","5027.99"
"Madhya Pradesh","Linseed","Dec 2023","5120.39"
"Madhya Pradesh","Linseed","Jan 2024","4894.11"
"Madhya Pradesh","Linseed","Feb 2024","4790.00"
"Madhya Pradesh","Linseed","Mar 2024","4898.47"
"Madhya Pradesh","Linseed","Apr 2024","5005.76"
"Madhya Pradesh","Linseed","May 2024","5747.87"
"Madhya Pradesh","Linseed","Jun 2024","6023.47"
"Madhya Pradesh","Linseed","Jul 2024","6005.60"
"Madhya Pradesh","Linseed","Aug 2024","6008.09"
"Madhya Pradesh","Linseed","Sep 2024","5917.32"
"Madhya Pradesh","Linseed","Oct 2024","5956.93"
"Madhya Pradesh","Linseed","Nov 2024","5888.30"
"Madhya Pradesh","Linseed","Dec 2024","5825.18"
"Madhya Pradesh","Linseed","Jan 2025","5876.21"
"Madhya Pradesh","Linseed","Feb 2025","5862.73"
"Madhya Pradesh","Linseed","Mar 2025","5777.26"
"Madhya Pradesh","Linseed","Apr 2025","6751.42"
"Madhya Pradesh","Linseed","May 2025","6967.00"
"Madhya Pradesh","Linseed","Jun 2025","6942.53"
"Madhya Pradesh","Linseed","Jul 2025","7145.65"
"Madhya Pradesh","Linseed","Aug 2025","7508.15"
"Madhya Pradesh","Linseed","Sep 2025","7297.84"
"Madhya Pradesh","Linseed","Oct 2025","7275.02"
"Madhya Pradesh","Linseed","Nov 2025","8135.88"
"Madhya Pradesh","Linseed","Dec 2025","8137.13"
"Madhya Pradesh","Linseed","Jan 2026","8063.34"
"Madhya Pradesh","Linseed","Feb 2026","7391.36"
"Madhya Pradesh","Linseed","Mar 2026","7008.43"
"Madhya Pradesh","Linseed","Apr 2026","7931.70"
"Madhya Pradesh","Linseed","May 2026","8848.64"
"Madhya Pradesh","Linseed","Jun 2026","8827.69"
"Madhya Pradesh","Linseed","Jul 2026","9253.49"
"Madhya Pradesh","Linseed","Aug 2026","9056.13"
"Madhya Pradesh","Linseed","Sep 2026","9223.19"
"Madhya Pradesh","Bajra","Oct 2016","1243.03"
"Madhya Pradesh","Bajra","Nov 2016","1363.64"
"Madhya Pradesh","Bajra","Dec 2016","1329.69"
"Madhya Pradesh","Bajra","Jan 2017","1326.09"
"Madhya Pradesh","Bajra","Feb 2017","1311.59"
"Madhya Pradesh","Bajra","Mar 2017","1283.96"
"Madhya Pradesh","Bajra","Apr 2017","1241.21"
"Madhya Pradesh","Bajra","May 2017","1225.11"
"Madhya Pradesh","Bajra","Jun 2017","1176.76"
"Madhya Pradesh","Bajra","Jul 2017","1185.84"
"Madhya Pradesh","Bajra","Aug 2017","1196.84"
"Madhya Pradesh","Bajra","Sep 2017","1124.41"
"Madhya Pradesh","Bajra","Oct 2017","1057.57"
"Madhya Pradesh","Bajra","Nov 2017","1096.36"
"Madhya Pradesh","Bajra","Dec 2017","1063.02"
"Madhya Pradesh","Bajra","Jan 2018","1047.77"
"Madhya Pradesh","Bajra","Feb 2018","1046.19"
"Madhya Pradesh","Bajra","Mar 2018","1059.52"
"Madhya Pradesh","Bajra","Apr 2018","1105.55"
"Madhya Pradesh","Bajra","May 2018","1109.73"
"Madhya Pradesh","Bajra","Jun 2018","1163.83"
"Madhya Pradesh","Bajra","Jul 2018","1143.69"
"Madhya Pradesh","Bajra","Aug 2018","1225.22"
"Madhya Pradesh","Bajra","Sep 2018","1216.21"
"Madhya Pradesh","Bajra","Oct 2018","1537.62"
"Madhya Pradesh","Bajra","Nov 2018","1631.84"
"Madhya Pradesh","Bajra","Dec 2018","1661.45"
"Madhya Pradesh","Bajra","Jan 2019","1679.20"
"Madhya Pradesh","Bajra","Feb 2019","1696.03"
"Madhya Pradesh","Bajra","Mar 2019","1664.26"
"Madhya Pradesh","Bajra","Apr 2019","1681.04"
"Madhya Pradesh","Bajra","May 2019","1733.93"
"Madhya Pradesh","Bajra","Jun 2019","1740.01"
"Madhya Pradesh","Bajra","Jul 2019","1663.85"
"Madhya Pradesh","Bajra","Aug 2019","1709.73"
"Madhya Pradesh","Bajra","Sep 2019","1666.40"
"Madhya Pradesh","Bajra","Oct 2019","1562.82"
"Madhya Pradesh","Bajra","Nov 2019","1681.36"
"Madhya Pradesh","Bajra","Dec 2019","1789.88"
"Madhya Pradesh","Bajra","Jan 2020","1796.66"
"Madhya Pradesh","Bajra","Feb 2020","1603.68"
"Madhya Pradesh","Bajra","Mar 2020","1525.11"
"Madhya Pradesh","Bajra","Apr 2020","1511.43"
"Madhya Pradesh","Bajra","May 2020","1347.85"
"Madhya Pradesh","Bajra","Sep 2020","1090.00"
"Madhya Pradesh","Bajra","Oct 2020","1371.97"
"Madhya Pradesh","Bajra","Nov 2020","1421.60"
"Madhya Pradesh","Bajra","Dec 2020","1300.17"
"Madhya Pradesh","Bajra","Jan 2021","1265.69"
"Madhya Pradesh","Bajra","Feb 2021","1189.58"
"Madhya Pradesh","Bajra","Mar 2021","1174.65"
"Madhya Pradesh","Bajra","Apr 2021","1542.82"
"Madhya Pradesh","Bajra","May 2021","1222.61"
"Madhya Pradesh","Bajra","Jun 2021","1245.62"
"Madhya Pradesh","Bajra","Jul 2021","1349.72"
"Madhya Pradesh","Bajra","Aug 2021","1447.20"
"Madhya Pradesh","Bajra","Sep 2021","1544.94"
"Madhya Pradesh","Bajra","Oct 2021","1523.07"
"Madhya Pradesh","Bajra","Nov 2021","1665.31"
"Madhya Pradesh","Bajra","Dec 2021","1570.74"
"Madhya Pradesh","Bajra","Jan 2022","1628.60"
"Madhya Pradesh","Bajra","Feb 2022","1739.04"
"Madhya Pradesh","Bajra","Mar 2022","1917.88"
"Madhya Pradesh","Bajra","Apr 2022","1925.31"
"Madhya Pradesh","Bajra","May 2022","1722.69"
"Madhya Pradesh","Bajra","Jun 2022","1576.83"
"Madhya Pradesh","Bajra","Jul 2022","1678.26"
"Madhya Pradesh","Bajra","Aug 2022","1972.89"
"Madhya Pradesh","Bajra","Sep 2022","1644.36"
"Madhya Pradesh","Bajra","Oct 2022","1621.37"
"Madhya Pradesh","Bajra","Nov 2022","1846.50"
"Madhya Pradesh","Bajra","Dec 2022","1972.86"
"Madhya Pradesh","Bajra","Jan 2023","2125.91"
"Madhya Pradesh","Bajra","Feb 2023","2039.59"
"Madhya Pradesh","Bajra","Mar 2023","2051.56"
"Madhya Pradesh","Bajra","Apr 2023","2070.62"
"Madhya Pradesh","Bajra","May 2023","1907.61"
"Madhya Pradesh","Bajra","Jun 2023","1734.87"
"Madhya Pradesh","Bajra","Jul 2023","1654.65"
"Madhya Pradesh","Bajra","Aug 2023","1632.35"
"Madhya Pradesh","Bajra","Sep 2023","1782.92"
"Madhya Pradesh","Bajra","Oct 2023","1911.46"
"Madhya Pradesh","Bajra","Nov 2023","2080.65"
"Madhya Pradesh","Bajra","Dec 2023","2121.43"
"Madhya Pradesh","Bajra","Jan 2024","2182.72"
"Madhya Pradesh","Bajra","Feb 2024","2231.84"
"Madhya Pradesh","Bajra","Mar 2024","2151.16"
"Madhya Pradesh","Bajra","Apr 2024","2186.50"
"Madhya Pradesh","Bajra","May 2024","2141.99"
"Madhya Pradesh","Bajra","Jun 2024","2142.49"
"Madhya Pradesh","Bajra","Jul 2024","2416.60"
"Madhya Pradesh","Bajra","Aug 2024","2497.99"
"Madhya Pradesh","Bajra","Sep 2024","2302.72"
"Madhya Pradesh","Bajra","Oct 2024","2389.46"
"Madhya Pradesh","Bajra","Nov 2024","2370.68"
"Madhya Pradesh","Bajra","Dec 2024","2401.16"
"Madhya Pradesh","Bajra","Jan 2025","2461.12"
"Madhya Pradesh","Bajra","Feb 2025","2368.40"
"Madhya Pradesh","Bajra","Mar 2025","2278.47"
"Madhya Pradesh","Bajra","Apr 2025","2204.62"
"Madhya Pradesh","Bajra","May 2025","2208.08"
"Madhya Pradesh","Bajra","Jun 2025","2224.13"
"Madhya Pradesh","Bajra","Jul 2025","2235.51"
"Madhya Pradesh","Bajra","Aug 2025","2091.45"
"Madhya Pradesh","Bajra","Sep 2025","2207.46"
"Madhya Pradesh","Bajra","Oct 2025","2123.20"
"Madhya Pradesh","Bajra","Nov 2025","2115.24"
"Madhya Pradesh","Bajra","Dec 2025","2099.96"
"Madhya Pradesh","Bajra","Jan 2026","2052.58"
"Madhya Pradesh","Bajra","Feb 2026","1934.28"
"Madhya Pradesh","Bajra","Mar 2026","1801.15"
"Madhya Pradesh","Bajra","Apr 2026","1809.22"
"Madhya Pradesh","Bajra","May 2026","1914.11"
"Madhya Pradesh","Bajra","Jun 2026","1948.04"
"Madhya Pradesh","Bajra","Jul 2026","1965.66"
"Madhya Pradesh","Bajra","Aug 2026","1874.74"
"Madhya Pradesh","Bajra","Sep 2026","2092.02"
"Madhya Pradesh","Tomato","Oct 2016","647.64"
"Madhya Pradesh","Tomato","Nov 2016","564.54"
"Madhya Pradesh","Tomato","Dec 2016","396.76"
"Madhya Pradesh","Tomato","Jan 2017","243.27"
"Madhya Pradesh","Tomato","Feb 2017","326.82"
"Madhya Pradesh","Tomato","Mar 2017","501.15"
"Madhya Pradesh","Tomato","Apr 2017","604.37"
"Madhya Pradesh","Tomato","May 2017","607.08"
"Madhya Pradesh","Tomato","Jun 2017","924.69"
"Madhya Pradesh","Tomato","Jul 2017","3327.64"
"Madhya Pradesh","Tomato","Aug 2017","2324.09"
"Madhya Pradesh","Tomato","Sep 2017","879.52"
"Madhya Pradesh","Tomato","Oct 2017","1047.23"
"Madhya Pradesh","Tomato","Nov 2017","1769.62"
"Madhya Pradesh","Tomato","Dec 2017","766.76"
"Madhya Pradesh","Tomato","Jan 2018","651.10"
"Madhya Pradesh","Tomato","Feb 2018","474.91"
"Madhya Pradesh","Tomato","Mar 2018","409.36"
"Madhya Pradesh","Tomato","Apr 2018","414.39"
"Madhya Pradesh","Tomato","May 2018","576.02"
"Madhya Pradesh","Tomato","Jun 2018","947.11"
"Madhya Pradesh","Tomato","Jul 2018","1395.97"
"Madhya Pradesh","Tomato","Aug 2018","981.50"
"Madhya Pradesh","Tomato","Sep 2018","725.73"
"Madhya Pradesh","Tomato","Oct 2018","612.10"
"Madhya Pradesh","Tomato","Nov 2018","584.18"
"Madhya Pradesh","Tomato","Dec 2018","411.56"
"Madhya Pradesh","Tomato","Jan 2019","483.19"
"Madhya Pradesh","Tomato","Feb 2019","715.68"
"Madhya Pradesh","Tomato","Mar 2019","975.85"
"Madhya Pradesh","Tomato","Apr 2019","777.81"
"Madhya Pradesh","Tomato","May 2019","1481.13"
"Madhya Pradesh","Tomato","Jun 2019","1197.63"
"Madhya Pradesh","Tomato","Jul 2019","1562.35"
"Madhya Pradesh","Tomato","Aug 2019","1466.36"
"Madhya Pradesh","Tomato","Sep 2019","995.73"
"Madhya Pradesh","Tomato","Oct 2019","1406.20"
"Madhya Pradesh","Tomato","Nov 2019","1085.36"
"Madhya Pradesh","Tomato","Dec 2019","773.36"
"Madhya Pradesh","Tomato","Jan 2020","976.34"
"Madhya Pradesh","Tomato","Feb 2020","865.16"
"Madhya Pradesh","Tomato","Mar 2020","682.33"
"Madhya Pradesh","Tomato","Apr 2020","735.81"
"Madhya Pradesh","Tomato","May 2020","685.76"
"Madhya Pradesh","Tomato","Jun 2020","1294.32"
"Madhya Pradesh","Tomato","Jul 2020","2878.07"
"Madhya Pradesh","Tomato","Aug 2020","2480.58"
"Madhya Pradesh","Tomato","Sep 2020","2733.00"
"Madhya Pradesh","Tomato","Oct 2020","2333.51"
"Madhya Pradesh","Tomato","Nov 2020","1845.73"
"Madhya Pradesh","Tomato","Dec 2020","1501.99"
"Madhya Pradesh","Tomato","Jan 2021","936.73"
"Madhya Pradesh","Tomato","Feb 2021","870.94"
"Madhya Pradesh","Tomato","Mar 2021","632.11"
"Madhya Pradesh","Tomato","Apr 2021","799.28"
"Madhya Pradesh","Tomato","May 2021","928.11"
"Madhya Pradesh","Tomato","Jun 2021","959.53"
"Madhya Pradesh","Tomato","Jul 2021","1494.53"
"Madhya Pradesh","Tomato","Aug 2021","1341.92"
"Madhya Pradesh","Tomato","Sep 2021","1021.45"
"Madhya Pradesh","Tomato","Oct 2021","1879.89"
"Madhya Pradesh","Tomato","Nov 2021","2254.21"
"Madhya Pradesh","Tomato","Dec 2021","1491.66"
"Madhya Pradesh","Tomato","Jan 2022","775.36"
"Madhya Pradesh","Tomato","Feb 2022","928.29"
"Madhya Pradesh","Tomato","Mar 2022","815.18"
"Madhya Pradesh","Tomato","Apr 2022","892.77"
"Madhya Pradesh","Tomato","May 2022","1811.40"
"Madhya Pradesh","Tomato","Jun 2022","2465.85"
"Madhya Pradesh","Tomato","Jul 2022","1824.33"
"Madhya Pradesh","Tomato","Aug 2022","1273.37"
"Madhya Pradesh","Tomato","Sep 2022","1542.35"
"Madhya Pradesh","Tomato","Oct 2022","1763.16"
"Madhya Pradesh","Tomato","Nov 2022","1157.50"
"Madhya Pradesh","Tomato","Dec 2022","794.10"
"Madhya Pradesh","Tomato","Jan 2023","739.28"
"Madhya Pradesh","Tomato","Feb 2023","664.22"
"Madhya Pradesh","Tomato","Mar 2023","670.16"
"Madhya Pradesh","Tomato","Apr 2023","687.30"
"Madhya Pradesh","Tomato","May 2023","720.86"
"Madhya Pradesh","Tomato","Jun 2023","1736.77"
"Madhya Pradesh","Tomato","Jul 2023","4214.47"
"Madhya Pradesh","Tomato","Aug 2023","2855.13"
"Madhya Pradesh","Tomato","Sep 2023","1102.76"
"Madhya Pradesh","Tomato","Oct 2023","981.42"
"Madhya Pradesh","Tomato","Nov 2023","1630.88"
"Madhya Pradesh","Tomato","Dec 2023","881.59"
"Madhya Pradesh","Tomato","Jan 2024","570.24"
"Madhya Pradesh","Tomato","Feb 2024","670.24"
"Madhya Pradesh","Tomato","Mar 2024","1672.94"
"Madhya Pradesh","Tomato","Apr 2024","1785.36"
"Madhya Pradesh","Tomato","May 2024","941.81"
"Madhya Pradesh","Tomato","Jun 2024","1765.47"
"Madhya Pradesh","Tomato","Jul 2024","3511.19"
"Madhya Pradesh","Tomato","Aug 2024","1826.66"
"Madhya Pradesh","Tomato","Sep 2024","1735.62"
"Madhya Pradesh","Tomato","Oct 2024","1905.63"
"Madhya Pradesh","Tomato","Nov 2024","1611.84"
"Madhya Pradesh","Tomato","Dec 2024","1117.74"
"Madhya Pradesh","Tomato","Jan 2025","771.66"
"Madhya Pradesh","Tomato","Feb 2025","509.58"
"Madhya Pradesh","Tomato","Mar 2025","493.86"
"Madhya Pradesh","Tomato","Apr 2025","704.26"
"Madhya Pradesh","Tomato","May 2025","724.68"
"Madhya Pradesh","Tomato","Jun 2025","1060.83"
"Madhya Pradesh","Tomato","Jul 2025","1754.88"
"Madhya Pradesh","Tomato","Aug 2025","2433.55"
"Madhya Pradesh","Tomato","Sep 2025","1528.71"
"Madhya Pradesh","Tomato","Oct 2025","1284.82"
"Madhya Pradesh","Tomato","Nov 2025","1007.86"
"Madhya Pradesh","Tomato","Dec 2025","529.24"
"Madhya Pradesh","Tomato","Jan 2026","577.41"
"Madhya Pradesh","Tomato","Feb 2026","1174.02"
"Madhya Pradesh","Tomato","Mar 2026","891.29"
"Madhya Pradesh","Tomato","Apr 2026","953.62"
"Madhya Pradesh","Tomato","May 2026","1291.32"
"Madhya Pradesh","Tomato","Jun 2026","1660.55"
"Madhya Pradesh","Tomato","Jul 2026","1552.55"
"Madhya Pradesh","Tomato","Aug 2026","1258.65"
"Madhya Pradesh","Tomato","Sep 2026","1406.90"
"Madhya Pradesh","Gram","Oct 2016","9176.87"
"Madhya Pradesh","Gram","Nov 2016","8886.29"
"Madhya Pradesh","Gram","Dec 2016","8620.91"
"Madhya Pradesh","Gram","Jan 2017","6392.18"
"Madhya Pradesh","Gram","Feb 2017","4984.73"
"Madhya Pradesh","Gram","Mar 2017","5196.98"
"Madhya Pradesh","Gram","Apr 2017","5511.03"
"Madhya Pradesh","Gram","May 2017","5212.52"
"Madhya Pradesh","Gram","Jun 2017","4791.79"
"Madhya Pradesh","Gram","Jul 2017","4803.93"
"Madhya Pradesh","Gram","Aug 2017","5243.23"
"Madhya Pradesh","Gram","Sep 2017","5473.14"
"Madhya Pradesh","Gram","Oct 2017","4804.29"
"Madhya Pradesh","Gram","Nov 2017","4256.95"
"Madhya Pradesh","Gram","Dec 2017","3776.18"
"Madhya Pradesh","Gram","Jan 2018","3527.52"
"Madhya Pradesh","Gram","Feb 2018","3740.71"
"Madhya Pradesh","Gram","Mar 2018","3470.58"
"Madhya Pradesh","Gram","Apr 2018","3489.94"
"Madhya Pradesh","Gram","May 2018","3779.48"
"Madhya Pradesh","Gram","Jun 2018","3695.61"
"Madhya Pradesh","Gram","Jul 2018","3659.61"
"Madhya Pradesh","Gram","Aug 2018","3826.67"
"Madhya Pradesh","Gram","Sep 2018","3636.92"
"Madhya Pradesh","Gram","Oct 2018","3669.51"
"Madhya Pradesh","Gram","Nov 2018","3907.19"
"Madhya Pradesh","Gram","Dec 2018","3924.94"
"Madhya Pradesh","Gram","Jan 2019","4057.33"
"Madhya Pradesh","Gram","Feb 2019","3905.63"
"Madhya Pradesh","Gram","Mar 2019","3770.11"
"Madhya Pradesh","Gram","Apr 2019","3944.85"
"Madhya Pradesh","Gram","May 2019","4240.82"
"Madhya Pradesh","Gram","Jun 2019","4019.13"
"Madhya Pradesh","Gram","Jul 2019","3906.21"
"Madhya Pradesh","Gram","Aug 2019","3910.41"
"Madhya Pradesh","Gram","Sep 2019","3876.15"
"Madhya Pradesh","Gram","Oct 2019","4025.02"
"Madhya Pradesh","Gram","Nov 2019","4051.53"
"Madhya Pradesh","Gram","Dec 2019","3989.48"
"Madhya Pradesh","Gram","Jan 2020","3828.81"
"Madhya Pradesh","Gram","Feb 2020","3802.47"
"Madhya Pradesh","Gram","Mar 2020","3732.09"
"Madhya Pradesh","Gram","Apr 2020","3851.64"
"Madhya Pradesh","Gram","May 2020","4016.41"
"Madhya Pradesh","Gram","Jun 2020","4216.71"
"Madhya Pradesh","Gram","Jul 2020","3884.64"
"Madhya Pradesh","Gram","Aug 2020","4251.60"
"Madhya Pradesh","Gram","Sep 2020","4579.50"
"Madhya Pradesh","Gram","Oct 2020","4823.19"
"Madhya Pradesh","Gram","Nov 2020","4541.27"
"Madhya Pradesh","Gram","Dec 2020","4354.99"
"Madhya Pradesh","Gram","Jan 2021","4208.01"
"Madhya Pradesh","Gram","Feb 2021","4413.04"
"Madhya Pradesh","Gram","Mar 2021","4693.08"
"Madhya Pradesh","Gram","Apr 2021","5106.41"
"Madhya Pradesh","Gram","May 2021","5053.87"
"Madhya Pradesh","Gram","Jun 2021","4789.93"
"Madhya Pradesh","Gram","Jul 2021","4593.37"
"Madhya Pradesh","Gram","Aug 2021","4825.33"
"Madhya Pradesh","Gram","Sep 2021","4940.99"
"Madhya Pradesh","Gram","Oct 2021","4629.42"
"Madhya Pradesh","Gram","Nov 2021","4559.31"
"Madhya Pradesh","Gram","Dec 2021","4427.75"
"Madhya Pradesh","Gram","Jan 2022","4651.94"
"Madhya Pradesh","Gram","Feb 2022","4535.89"
"Madhya Pradesh","Gram","Mar 2022","4692.59"
"Madhya Pradesh","Gram","Apr 2022","4617.79"
"Madhya Pradesh","Gram","May 2022","4575.39"
"Madhya Pradesh","Gram","Jun 2022","4428.94"
"Madhya Pradesh","Gram","Jul 2022","4511.57"
"Madhya Pradesh","Gram","Aug 2022","4595.72"
"Madhya Pradesh","Gram","Sep 2022","4491.13"
"Madhya Pradesh","Gram","Oct 2022","4494.33"
"Madhya Pradesh","Gram","Nov 2022","4512.82"
"Madhya Pradesh","Gram","Dec 2022","4574.18"
"Madhya Pradesh","Gram","Jan 2023","4594.92"
"Madhya Pradesh","Gram","Feb 2023","4768.34"
"Madhya Pradesh","Gram","Mar 2023","4922.56"
"Madhya Pradesh","Gram","Apr 2023","4929.87"
"Madhya Pradesh","Gram","May 2023","5005.71"
"Madhya Pradesh","Gram","Jun 2023","4992.29"
"Madhya Pradesh","Gram","Jul 2023","4947.38"
"Madhya Pradesh","Gram","Aug 2023","5422.49"
"Madhya Pradesh","Gram","Sep 2023","5949.57"
"Madhya Pradesh","Gram","Oct 2023","5911.06"
"Madhya Pradesh","Gram","Nov 2023","5900.98"
"Madhya Pradesh","Gram","Dec 2023","5506.53"
"Madhya Pradesh","Gram","Jan 2024","5180.02"
"Madhya Pradesh","Gram","Feb 2024","5371.48"
"Madhya Pradesh","Gram","Mar 2024","5416.41"
"Madhya Pradesh","Gram","Apr 2024","5650.57"
"Madhya Pradesh","Gram","May 2024","6146.40"
"Madhya Pradesh","Gram","Jun 2024","6584.34"
"Madhya Pradesh","Gram","Jul 2024","6444.44"
"Madhya Pradesh","Gram","Aug 2024","7365.16"
"Madhya Pradesh","Gram","Sep 2024","7180.10"
"Madhya Pradesh","Gram","Oct 2024","6812.00"
"Madhya Pradesh","Gram","Nov 2024","6412.51"
"Madhya Pradesh","Gram","Dec 2024","6142.34"
"Madhya Pradesh","Gram","Jan 2025","5908.64"
"Madhya Pradesh","Gram","Feb 2025","5594.42"
"Madhya Pradesh","Gram","Mar 2025","5476.90"
"Madhya Pradesh","Gram","Apr 2025","5710.21"
"Madhya Pradesh","Gram","May 2025","5627.53"
"Madhya Pradesh","Gram","Jun 2025","5452.84"
"Madhya Pradesh","Gram","Jul 2025","5702.11"
"Madhya Pradesh","Gram","Aug 2025","5844.60"
"Madhya Pradesh","Gram","Sep 2025","5526.09"
"Madhya Pradesh","Gram","Oct 2025","5387.97"
"Madhya Pradesh","Gram","Nov 2025","5189.29"
"Madhya Pradesh","Gram","Dec 2025","5121.00"
"Madhya Pradesh","Gram","Jan 2026","5377.72"
"Madhya Pradesh","Gram","Feb 2026","5336.56"
"Madhya Pradesh","Gram","Mar 2026","4909.10"
"Madhya Pradesh","Gram","Apr 2026","5249.84"
"Madhya Pradesh","Gram","May 2026","5513.35"
"Madhya Pradesh","Gram","Jun 2026","5608.27"
"Madhya Pradesh","Gram","Jul 2026","5779.09"
"Madhya Pradesh","Gram","Aug 2026","5777.35"
"Madhya Pradesh","Gram","Sep 2026","6010.73"
"Madhya Pradesh","Jowar","Oct 2016","1234.13"
"Madhya Pradesh","Jowar","Nov 2016","1360.43"
"Madhya Pradesh","Jowar","Dec 2016","1704.03"
"Madhya Pradesh","Jowar","Jan 2017","1865.03"
"Madhya Pradesh","Jowar","Feb 2017","1586.07"
"Madhya Pradesh","Jowar","Mar 2017","1468.39"
"Madhya Pradesh","Jowar","Apr 2017","1372.52"
"Madhya Pradesh","Jowar","May 2017","1565.87"
"Madhya Pradesh","Jowar","Jun 2017","1434.46"
"Madhya Pradesh","Jowar","Jul 2017","1565.29"
"Madhya Pradesh","Jowar","Aug 2017","1407.25"
"Madhya Pradesh","Jowar","Sep 2017","1390.03"
"Madhya Pradesh","Jowar","Oct 2017","1138.72"
"Madhya Pradesh","Jowar","Nov 2017","1401.73"
"Madhya Pradesh","Jowar","Dec 2017","1888.72"
"Madhya Pradesh","Jowar","Jan 2018","1347.72"
"Madhya Pradesh","Jowar","Feb 2018","1439.71"
"Madhya Pradesh","Jowar","Mar 2018","1161.96"
"Madhya Pradesh","Jowar","Apr 2018","1186.13"
"Madhya Pradesh","Jowar","May 2018","1373.62"
"Madhya Pradesh","Jowar","Jun 2018","1246.71"
"Madhya Pradesh","Jowar","Jul 2018","1162.08"
"Madhya Pradesh","Jowar","Aug 2018","1409.67"
"Madhya Pradesh","Jowar","Sep 2018","1344.09"
"Madhya Pradesh","Jowar","Oct 2018","1557.74"
"Madhya Pradesh","Jowar","Nov 2018","1793.07"
"Madhya Pradesh","Jowar","Dec 2018","2462.49"
"Madhya Pradesh","Jowar","Jan 2019","2220.99"
"Madhya Pradesh","Jowar","Feb 2019","1954.28"
"Madhya Pradesh","Jowar","Mar 2019","1890.67"
"Madhya Pradesh","Jowar","Apr 2019","1424.13"
"Madhya Pradesh","Jowar","May 2019","1536.42"
"Madhya Pradesh","Jowar","Jun 2019","1524.37"
"Madhya Pradesh","Jowar","Jul 2019","2019.98"
"Madhya Pradesh","Jowar","Aug 2019","2138.93"
"Madhya Pradesh","Jowar","Sep 2019","1771.83"
"Madhya Pradesh","Jowar","Oct 2019","1609.09"
"Madhya Pradesh","Jowar","Nov 2019","1857.31"
"Madhya Pradesh","Jowar","Dec 2019","2627.50"
"Madhya Pradesh","Jowar","Jan 2020","2129.20"
"Madhya Pradesh","Jowar","Feb 2020","1767.75"
"Madhya Pradesh","Jowar","Mar 2020","1436.94"
"Madhya Pradesh","Jowar","May 2020","3800.00"
"Madhya Pradesh","Jowar","Jun 2020","1372.39"
"Madhya Pradesh","Jowar","Jul 2020","974.17"
"Madhya Pradesh","Jowar","Aug 2020","1085.60"
"Madhya Pradesh","Jowar","Sep 2020","1754.95"
"Madhya Pradesh","Jowar","Oct 2020","1164.08"
"Madhya Pradesh","Jowar","Nov 2020","1764.00"
"Madhya Pradesh","Jowar","Dec 2020","1889.42"
"Madhya Pradesh","Jowar","Jan 2021","1579.37"
"Madhya Pradesh","Jowar","Feb 2021","1247.02"
"Madhya Pradesh","Jowar","Mar 2021","1292.26"
"Madhya Pradesh","Jowar","Apr 2021","1145.53"
"Madhya Pradesh","Jowar","May 2021","1287.62"
"Madhya Pradesh","Jowar","Jun 2021","1264.24"
"Madhya Pradesh","Jowar","Jul 2021","1032.29"
"Madhya Pradesh","Jowar","Aug 2021","1431.96"
"Madhya Pradesh","Jowar","Sep 2021","1419.42"
"Madhya Pradesh","Jowar","Oct 2021","1253.08"
"Madhya Pradesh","Jowar","Nov 2021","1683.59"
"Madhya Pradesh","Jowar","Dec 2021","1939.30"
"Madhya Pradesh","Jowar","Jan 2022","1899.90"
"Madhya Pradesh","Jowar","Feb 2022","2149.77"
"Madhya Pradesh","Jowar","Mar 2022","1952.08"
"Madhya Pradesh","Jowar","Apr 2022","1885.09"
"Madhya Pradesh","Jowar","May 2022","1727.38"
"Madhya Pradesh","Jowar","Jun 2022","1996.03"
"Madhya Pradesh","Jowar","Jul 2022","1952.19"
"Madhya Pradesh","Jowar","Aug 2022","1849.93"
"Madhya Pradesh","Jowar","Sep 2022","1831.08"
"Madhya Pradesh","Jowar","Oct 2022","1693.12"
"Madhya Pradesh","Jowar","Nov 2022","2664.06"
"Madhya Pradesh","Jowar","Dec 2022","3307.28"
"Madhya Pradesh","Jowar","Jan 2023","2728.18"
"Madhya Pradesh","Jowar","Feb 2023","2217.21"
"Madhya Pradesh","Jowar","Mar 2023","2179.47"
"Madhya Pradesh","Jowar","Apr 2023","2097.80"
"Madhya Pradesh","Jowar","May 2023","1922.86"
"Madhya Pradesh","Jowar","Jun 2023","1831.37"
"Madhya Pradesh","Jowar","Jul 2023","2474.00"
"Madhya Pradesh","Jowar","Aug 2023","2083.65"
"Madhya Pradesh","Jowar","Sep 2023","2290.00"
"Madhya Pradesh","Jowar","Oct 2023","2277.71"
"Madhya Pradesh","Jowar","Nov 2023","3207.08"
"Madhya Pradesh","Jowar","Dec 2023","3988.56"
"Madhya Pradesh","Jowar","Jan 2024","2251.97"
"Madhya Pradesh","Jowar","Feb 2024","2382.85"
"Madhya Pradesh","Jowar","Mar 2024","2323.19"
"Madhya Pradesh","Jowar","Apr 2024","2215.41"
"Madhya Pradesh","Jowar","May 2024","2211.86"
"Madhya Pradesh","Jowar","Jun 2024","2373.63"
"Madhya Pradesh","Jowar","Jul 2024","2403.30"
"Madhya Pradesh","Jowar","Aug 2024","2923.21"
"Madhya Pradesh","Jowar","Sep 2024","2557.39"
"Madhya Pradesh","Jowar","Oct 2024","2451.15"
"Madhya Pradesh","Jowar","Nov 2024","2529.35"
"Madhya Pradesh","Jowar","Dec 2024","2994.95"
"Madhya Pradesh","Jowar","Jan 2025","3616.39"
"Madhya Pradesh","Jowar","Feb 2025","2519.80"
"Madhya Pradesh","Jowar","Mar 2025","2205.60"
"Madhya Pradesh","Jowar","Apr 2025","2207.18"
"Madhya Pradesh","Jowar","May 2025","2086.07"
"Madhya Pradesh","Jowar","Jun 2025","2220.24"
"Madhya Pradesh","Jowar","Jul 2025","2227.23"
"Madhya Pradesh","Jowar","Aug 2025","2487.04"
"Madhya Pradesh","Jowar","Sep 2025","2415.51"
"Madhya Pradesh","Jowar","Oct 2025","2428.98"
"Madhya Pradesh","Jowar","Nov 2025","2404.78"
"Madhya Pradesh","Jowar","Dec 2025","4207.49"
"Madhya Pradesh","Jowar","Jan 2026","4554.33"
"Madhya Pradesh","Jowar","Feb 2026","2799.41"
"Madhya Pradesh","Jowar","Mar 2026","2422.11"
"Madhya Pradesh","Jowar","Apr 2026","2224.18"
"Madhya Pradesh","Jowar","May 2026","2267.74"
"Madhya Pradesh","Jowar","Jun 2026","2251.45"
"Madhya Pradesh","Jowar","Jul 2026","2580.77"
"Madhya Pradesh","Jowar","Aug 2026","1796.51"
"Madhya Pradesh","Guarseed","Oct 2016","2813.53"
"Madhya Pradesh","Guarseed","Nov 2016","2754.40"
"Madhya Pradesh","Guarseed","Dec 2016","2652.42"
"Madhya Pradesh","Guarseed","Jan 2017","2786.87"
"Madhya Pradesh","Guarseed","Feb 2017","2840.82"
"Madhya Pradesh","Guarseed","Mar 2017","3263.59"
"Madhya Pradesh","Guarseed","Apr 2017","3380.72"
"Madhya Pradesh","Guarseed","May 2017","3090.80"
"Madhya Pradesh","Guarseed","Jun 2017","2706.85"
"Madhya Pradesh","Guarseed","Jul 2017","2819.19"
"Madhya Pradesh","Guarseed","Aug 2017","3242.77"
"Madhya Pradesh","Guarseed","Sep 2017","3254.44"
"Madhya Pradesh","Guarseed","Oct 2017","3106.41"
"Madhya Pradesh","Guarseed","Nov 2017","3189.94"
"Madhya Pradesh","Guarseed","Dec 2017","3465.82"
"Madhya Pradesh","Guarseed","Jan 2018","3828.77"
"Madhya Pradesh","Guarseed","Feb 2018","3939.33"
"Madhya Pradesh","Guarseed","Mar 2018","3615.01"
"Madhya Pradesh","Guarseed","Apr 2018","3396.67"
"Madhya Pradesh","Guarseed","May 2018","3195.43"
"Madhya Pradesh","Guarseed","Jun 2018","3166.39"
"Madhya Pradesh","Guarseed","Jul 2018","3488.96"
"Madhya Pradesh","Guarseed","Aug 2018","3767.36"
"Madhya Pradesh","Guarseed","Sep 2018","3655.92"
"Madhya Pradesh","Guarseed","Oct 2018","3710.14"
"Madhya Pradesh","Guarseed","Nov 2018","3915.42"
"Madhya Pradesh","Guarseed","Dec 2018","3756.16"
"Madhya Pradesh","Guarseed","Jan 2019","3670.16"
"Madhya Pradesh","Guarseed","Feb 2019","3766.62"
"Madhya Pradesh","Guarseed","Mar 2019","3693.01"
"Madhya Pradesh","Guarseed","Apr 2019","3750.58"
"Madhya Pradesh","Guarseed","May 2019","3730.47"
"Madhya Pradesh","Guarseed","Jun 2019","3764.99"
"Madhya Pradesh","Guarseed","Jul 2019","3637.85"
"Madhya Pradesh","Guarseed","Aug 2019","3685.23"
"Madhya Pradesh","Guarseed","Sep 2019","3145.25"
"Madhya Pradesh","Guarseed","Oct 2019","3404.26"
"Madhya Pradesh","Guarseed","Nov 2019","3334.70"
"Madhya Pradesh","Guarseed","Dec 2019","3179.98"
"Madhya Pradesh","Guarseed","Oct 2020","3442.50"
"Madhya Pradesh","Guarseed","Nov 2020","3548.81"
"Madhya Pradesh","Guarseed","Dec 2020","3423.79"
"Madhya Pradesh","Guarseed","Jan 2021","3338.29"
"Madhya Pradesh","Guarseed","Feb 2021","3379.12"
"Madhya Pradesh","Guarseed","May 2021","3497.35"
"Madhya Pradesh","Guarseed","Jun 2021","3470.62"
"Madhya Pradesh","Guarseed","Jul 2021","3519.68"
"Madhya Pradesh","Guarseed","Aug 2021","4820.18"
"Madhya Pradesh","Guarseed","Sep 2021","5408.00"
"Madhya Pradesh","Guarseed","Oct 2021","5974.86"
"Madhya Pradesh","Guarseed","Nov 2021","5180.57"
"Madhya Pradesh","Guarseed","Dec 2021","4924.58"
"Madhya Pradesh","Guarseed","Jan 2022","4942.84"
"Madhya Pradesh","Guarseed","Feb 2022","4997.19"
"Madhya Pradesh","Guarseed","Mar 2022","5414.99"
"Madhya Pradesh","Guarseed","Apr 2022","5686.18"
"Madhya Pradesh","Guarseed","May 2022","4560.50"
"Madhya Pradesh","Guarseed","Jun 2022","4722.28"
"Madhya Pradesh","Guarseed","Jul 2022","4682.71"
"Madhya Pradesh","Guarseed","Aug 2022","4578.83"
"Madhya Pradesh","Guarseed","Sep 2022","4520.00"
"Madhya Pradesh","Guarseed","Oct 2022","3705.00"
"Madhya Pradesh","Guarseed","Nov 2022","4843.33"
"Madhya Pradesh","Guarseed","Dec 2022","4702.03"
"Madhya Pradesh","Guarseed","Jan 2023","4951.15"
"Madhya Pradesh","Guarseed","Feb 2023","4790.56"
"Madhya Pradesh","Guarseed","May 2023","4501.61"
"Madhya Pradesh","Guarseed","Jun 2023","4526.11"
"Madhya Pradesh","Guarseed","Aug 2023","3900.00"
"Madhya Pradesh","Guarseed","Dec 2023","4257.14"
"Madhya Pradesh","Wheat","Oct 2016","1746.79"
"Madhya Pradesh","Wheat","Nov 2016","1898.24"
"Madhya Pradesh","Wheat","Dec 2016","1892.71"
"Madhya Pradesh","Wheat","Jan 2017","1869.33"
"Madhya Pradesh","Wheat","Feb 2017","1758.76"
"Madhya Pradesh","Wheat","Mar 2017","1656.17"
"Madhya Pradesh","Wheat","Apr 2017","1659.89"
"Madhya Pradesh","Wheat","May 2017","1642.45"
"Madhya Pradesh","Wheat","Jun 2017","1588.56"
"Madhya Pradesh","Wheat","Jul 2017","1609.06"
"Madhya Pradesh","Wheat","Aug 2017","1642.71"
"Madhya Pradesh","Wheat","Sep 2017","1628.89"
"Madhya Pradesh","Wheat","Oct 2017","1635.71"
"Madhya Pradesh","Wheat","Nov 2017","1649.21"
"Madhya Pradesh","Wheat","Dec 2017","1640.69"
"Madhya Pradesh","Wheat","Jan 2018","1662.11"
"Madhya Pradesh","Wheat","Feb 2018","1730.47"
"Madhya Pradesh","Wheat","Mar 2018","1783.47"
"Madhya Pradesh","Wheat","Apr 2018","1748.96"
"Madhya Pradesh","Wheat","May 2018","1747.31"
"Madhya Pradesh","Wheat","Jun 2018","1789.26"
"Madhya Pradesh","Wheat","Jul 2018","1838.43"
"Madhya Pradesh","Wheat","Aug 2018","1916.52"
"Madhya Pradesh","Wheat","Sep 2018","1915.06"
"Madhya Pradesh","Wheat","Oct 2018","1899.05"
"Madhya Pradesh","Wheat","Nov 2018","1949.80"
"Madhya Pradesh","Wheat","Dec 2018","1952.90"
"Madhya Pradesh","Wheat","Jan 2019","1990.91"
"Madhya Pradesh","Wheat","Feb 2019","1940.22"
"Madhya Pradesh","Wheat","Mar 2019","1881.13"
"Madhya Pradesh","Wheat","Apr 2019","1841.02"
"Madhya Pradesh","Wheat","May 2019","1866.37"
"Madhya Pradesh","Wheat","Jun 2019","1849.58"
"Madhya Pradesh","Wheat","Jul 2019","1901.77"
"Madhya Pradesh","Wheat","Aug 2019","1974.32"
"Madhya Pradesh","Wheat","Sep 2019","1956.38"
"Madhya Pradesh","Wheat","Oct 2019","2008.19"
"Madhya Pradesh","Wheat","Nov 2019","2065.70"
"Madhya Pradesh","Wheat","Dec 2019","2075.85"
"Madhya Pradesh","Wheat","Jan 2020","2154.60"
"Madhya Pradesh","Wheat","Feb 2020","2037.11"
"Madhya Pradesh","Wheat","Mar 2020","1837.17"
"Madhya Pradesh","Wheat","Apr 2020","1901.35"
"Madhya Pradesh","Wheat","May 2020","1900.01"
"Madhya Pradesh","Wheat","Jun 2020","1845.96"
"Madhya Pradesh","Wheat","Jul 2020","1836.63"
"Madhya Pradesh","Wheat","Aug 2020","1755.75"
"Madhya Pradesh","Wheat","Sep 2020","1712.66"
"Madhya Pradesh","Wheat","Oct 2020","1758.47"
"Madhya Pradesh","Wheat","Nov 2020","1761.02"
"Madhya Pradesh","Wheat","Dec 2020","1685.36"
"Madhya Pradesh","Wheat","Jan 2021","1827.94"
"Madhya Pradesh","Wheat","Feb 2021","1744.73"
"Madhya Pradesh","Wheat","Mar 2021","1850.52"
"Madhya Pradesh","Wheat","Apr 2021","1929.22"
"Madhya Pradesh","Wheat","May 2021","1928.85"
"Madhya Pradesh","Wheat","Jun 2021","1858.52"
"Madhya Pradesh","Wheat","Jul 2021","1818.36"
"Madhya Pradesh","Wheat","Aug 2021","1815.79"
"Madhya Pradesh","Wheat","Sep 2021","1905.78"
"Madhya Pradesh","Wheat","Oct 2021","1947.02"
"Madhya Pradesh","Wheat","Nov 2021","1977.25"
"Madhya Pradesh","Wheat","Dec 2021","1951.56"
"Madhya Pradesh","Wheat","Jan 2022","1969.75"
"Madhya Pradesh","Wheat","Feb 2022","2000.65"
"Madhya Pradesh","Wheat","Mar 2022","2153.59"
"Madhya Pradesh","Wheat","Apr 2022","2110.76"
"Madhya Pradesh","Wheat","May 2022","2128.74"
"Madhya Pradesh","Wheat","Jun 2022","2035.05"
"Madhya Pradesh","Wheat","Jul 2022","2128.94"
"Madhya Pradesh","Wheat","Aug 2022","2270.49"
"Madhya Pradesh","Wheat","Sep 2022","2261.46"
"Madhya Pradesh","Wheat","Oct 2022","2307.26"
"Madhya Pradesh","Wheat","Nov 2022","2483.80"
"Madhya Pradesh","Wheat","Dec 2022","2571.49"
"Madhya Pradesh","Wheat","Jan 2023","2670.32"
"Madhya Pradesh","Wheat","Feb 2023","2322.79"
"Madhya Pradesh","Wheat","Mar 2023","2156.08"
"Madhya Pradesh","Wheat","Apr 2023","2171.20"
"Madhya Pradesh","Wheat","May 2023","2223.03"
"Madhya Pradesh","Wheat","Jun 2023","2266.49"
"Madhya Pradesh","Wheat","Jul 2023","2259.20"
"Madhya Pradesh","Wheat","Aug 2023","2387.08"
"Madhya Pradesh","Wheat","Sep 2023","2410.06"
"Madhya Pradesh","Wheat","Oct 2023","2523.55"
"Madhya Pradesh","Wheat","Nov 2023","2572.39"
"Madhya Pradesh","Wheat","Dec 2023","2522.79"
"Madhya Pradesh","Wheat","Jan 2024","2509.87"
"Madhya Pradesh","Wheat","Feb 2024","2365.37"
"Madhya Pradesh","Wheat","Mar 2024","2353.65"
"Madhya Pradesh","Wheat","Apr 2024","2360.87"
"Madhya Pradesh","Wheat","May 2024","2438.96"
"Madhya Pradesh","Wheat","Jun 2024","2478.00"
"Madhya Pradesh","Wheat","Jul 2024","2541.95"
"Madhya Pradesh","Wheat","Aug 2024","2754.00"
"Madhya Pradesh","Wheat","Sep 2024","2664.67"
"Madhya Pradesh","Wheat","Oct 2024","2777.73"
"Madhya Pradesh","Wheat","Nov 2024","2828.47"
"Madhya Pradesh","Wheat","Dec 2024","2838.14"
"Madhya Pradesh","Wheat","Jan 2025","2969.92"
"Madhya Pradesh","Wheat","Feb 2025","2913.60"
"Madhya Pradesh","Wheat","Mar 2025","2512.70"
"Madhya Pradesh","Wheat","Apr 2025","2477.30"
"Madhya Pradesh","Wheat","May 2025","2542.77"
"Madhya Pradesh","Wheat","Jun 2025","2510.35"
"Madhya Pradesh","Wheat","Jul 2025","2543.67"
"Madhya Pradesh","Wheat","Aug 2025","2619.14"
"Madhya Pradesh","Wheat","Sep 2025","2591.18"
"Madhya Pradesh","Wheat","Oct 2025","2527.19"
"Madhya Pradesh","Wheat","Nov 2025","2487.70"
"Madhya Pradesh","Wheat","Dec 2025","2486.15"
"Madhya Pradesh","Wheat","Jan 2026","2559.84"
"Madhya Pradesh","Wheat","Feb 2026","2410.44"
"Madhya Pradesh","Wheat","Mar 2026","2140.61"
"Madhya Pradesh","Wheat","Apr 2026","2352.29"
"Madhya Pradesh","Wheat","May 2026","2418.66"
"Madhya Pradesh","Wheat","Jun 2026","2395.10"
"Madhya Pradesh","Wheat","Jul 2026","2510.17"
"Madhya Pradesh","Wheat","Aug 2026","2431.90"
"Madhya Pradesh","Wheat","Sep 2026","2654.24"
"Madhya Pradesh","Barley","Oct 2016","1635.50"
"Madhya Pradesh","Barley","Nov 2016","1797.29"
"Madhya Pradesh","Barley","Dec 2016","1733.73"
"Madhya Pradesh","Barley","Jan 2017","1741.44"
"Madhya Pradesh","Barley","Feb 2017","1505.04"
"Madhya Pradesh","Barley","Mar 2017","1318.16"
"Madhya Pradesh","Barley","Apr 2017","1357.11"
"Madhya Pradesh","Barley","May 2017","1350.19"
"Madhya Pradesh","Barley","Jun 2017","1302.73"
"Madhya Pradesh","Barley","Jul 2017","1307.93"
"Madhya Pradesh","Barley","Aug 2017","1301.05"
"Madhya Pradesh","Barley","Sep 2017","1343.96"
"Madhya Pradesh","Barley","Oct 2017","1312.89"
"Madhya Pradesh","Barley","Nov 2017","1491.11"
"Madhya Pradesh","Barley","Dec 2017","1481.06"
"Madhya Pradesh","Barley","Jan 2018","1319.14"
"Madhya Pradesh","Barley","Feb 2018","1315.20"
"Madhya Pradesh","Barley","Mar 2018","1239.98"
"Madhya Pradesh","Barley","Apr 2018","1232.56"
"Madhya Pradesh","Barley","May 2018","1261.70"
"Madhya Pradesh","Barley","Jun 2018","1280.78"
"Madhya Pradesh","Barley","Jul 2018","1405.67"
"Madhya Pradesh","Barley","Aug 2018","1423.14"
"Madhya Pradesh","Barley","Sep 2018","1422.14"
"Madhya Pradesh","Barley","Oct 2018","1490.18"
"Madhya Pradesh","Barley","Nov 2018","1619.63"
"Madhya Pradesh","Barley","Dec 2018","2258.20"
"Madhya Pradesh","Barley","Jan 2019","1711.60"
"Madhya Pradesh","Barley","Feb 2019","1760.95"
"Madhya Pradesh","Barley","Mar 2019","1435.50"
"Madhya Pradesh","Barley","Apr 2019","1442.70"
"Madhya Pradesh","Barley","May 2019","1527.34"
"Madhya Pradesh","Barley","Jun 2019","1503.26"
"Madhya Pradesh","Barley","Jul 2019","1627.59"
"Madhya Pradesh","Barley","Aug 2019","1655.76"
"Madhya Pradesh","Barley","Sep 2019","1681.10"
"Madhya Pradesh","Barley","Oct 2019","1740.71"
"Madhya Pradesh","Barley","Nov 2019","1824.84"
"Madhya Pradesh","Barley","Dec 2019","1818.04"
"Madhya Pradesh","Barley","Jan 2020","1968.85"
"Madhya Pradesh","Barley","Feb 2020","1627.30"
"Madhya Pradesh","Barley","Mar 2020","1419.80"
"Madhya Pradesh","Barley","Apr 2020","1494.47"
"Madhya Pradesh","Barley","May 2020","1485.59"
"Madhya Pradesh","Barley","Jun 2020","1450.88"
"Madhya Pradesh","Barley","Jul 2020","1383.32"
"Madhya Pradesh","Barley","Aug 2020","1268.79"
"Madhya Pradesh","Barley","Sep 2020","1171.36"
"Madhya Pradesh","Barley","Oct 2020","1198.40"
"Madhya Pradesh","Barley","Nov 2020","1226.26"
"Madhya Pradesh","Barley","Dec 2020","1232.05"
"Madhya Pradesh","Barley","Jan 2021","1332.35"
"Madhya Pradesh","Barley","Feb 2021","1262.85"
"Madhya Pradesh","Barley","Mar 2021","1297.94"
"Madhya Pradesh","Barley","Apr 2021","1764.05"
"Madhya Pradesh","Barley","May 2021","1508.12"
"Madhya Pradesh","Barley","Jun 2021","1537.45"
"Madhya Pradesh","Barley","Jul 2021","1559.50"
"Madhya Pradesh","Barley","Aug 2021","1876.53"
"Madhya Pradesh","Barley","Sep 2021","1927.52"
"Madhya Pradesh","Barley","Oct 2021","1823.31"
"Madhya Pradesh","Barley","Nov 2021","1953.15"
"Madhya Pradesh","Barley","Dec 2021","2044.86"
"Madhya Pradesh","Barley","Jan 2022","2080.30"
"Madhya Pradesh","Barley","Feb 2022","2190.95"
"Madhya Pradesh","Barley","Mar 2022","2128.05"
"Madhya Pradesh","Barley","Apr 2022","2455.84"
"Madhya Pradesh","Barley","May 2022","2420.70"
"Madhya Pradesh","Barley","Jun 2022","2395.80"
"Madhya Pradesh","Barley","Jul 2022","2389.83"
"Madhya Pradesh","Barley","Aug 2022","2430.80"
"Madhya Pradesh","Barley","Sep 2022","2490.15"
"Madhya Pradesh","Barley","Oct 2022","2531.58"
"Madhya Pradesh","Barley","Nov 2022","2646.00"
"Madhya Pradesh","Barley","Dec 2022","2620.23"
"Madhya Pradesh","Barley","Jan 2023","2553.87"
"Madhya Pradesh","Barley","Feb 2023","2211.88"
"Madhya Pradesh","Barley","Mar 2023","1974.08"
"Madhya Pradesh","Barley","Apr 2023","1845.97"
"Madhya Pradesh","Barley","May 2023","1824.47"
"Madhya Pradesh","Barley","Jun 2023","1776.31"
"Madhya Pradesh","Barley","Jul 2023","1710.73"
"Madhya Pradesh","Barley","Aug 2023","1724.11"
"Madhya Pradesh","Barley","Sep 2023","1765.60"
"Madhya Pradesh","Barley","Oct 2023","1789.73"
"Madhya Pradesh","Barley","Nov 2023","1825.93"
"Madhya Pradesh","Barley","Dec 2023","1833.22"
"Madhya Pradesh","Barley","Jan 2024","1800.15"
"Madhya Pradesh","Barley","Feb 2024","1873.38"
"Madhya Pradesh","Barley","Mar 2024","1883.95"
"Madhya Pradesh","Barley","Apr 2024","1850.58"
"Madhya Pradesh","Barley","May 2024","2005.87"
"Madhya Pradesh","Barley","Jun 2024","2115.69"
"Madhya Pradesh","Barley","Jul 2024","2125.15"
"Madhya Pradesh","Barley","Aug 2024","2183.84"
"Madhya Pradesh","Barley","Sep 2024","2168.53"
"Madhya Pradesh","Barley","Oct 2024","2232.15"
"Madhya Pradesh","Barley","Nov 2024","2291.92"
"Madhya Pradesh","Barley","Dec 2024","2307.27"
"Madhya Pradesh","Barley","Jan 2025","2334.94"
"Madhya Pradesh","Barley","Feb 2025","2355.28"
"Madhya Pradesh","Barley","Mar 2025","2032.76"
"Madhya Pradesh","Barley","Apr 2025","2168.47"
"Madhya Pradesh","Barley","May 2025","2187.71"
"Madhya Pradesh","Barley","Jun 2025","2234.26"
"Madhya Pradesh","Barley","Jul 2025","2214.39"
"Madhya Pradesh","Barley","Aug 2025","2264.44"
"Madhya Pradesh","Barley","Sep 2025","2250.40"
"Madhya Pradesh","Barley","Oct 2025","2222.64"
"Madhya Pradesh","Barley","Nov 2025","2206.06"
"Madhya Pradesh","Paddy","Oct 2016","1669.37"
"Madhya Pradesh","Paddy","Nov 2016","1847.26"
"Madhya Pradesh","Paddy","Dec 2016","1846.31"
"Madhya Pradesh","Paddy","Jan 2017","1831.96"
"Madhya Pradesh","Paddy","Feb 2017","2310.10"
"Madhya Pradesh","Paddy","Mar 2017","2268.99"
"Madhya Pradesh","Paddy","Apr 2017","2231.25"
"Madhya Pradesh","Paddy","May 2017","1821.29"
"Madhya Pradesh","Paddy","Jun 2017","1666.69"
"Madhya Pradesh","Paddy","Jul 2017","1753.57"
"Madhya Pradesh","Paddy","Aug 2017","1638.00"
"Madhya Pradesh","Paddy","Sep 2017","1655.58"
"Madhya Pradesh","Paddy","Oct 2017","2161.17"
"Madhya Pradesh","Paddy","Nov 2017","2360.59"
"Madhya Pradesh","Paddy","Dec 2017","2269.24"
"Madhya Pradesh","Paddy","Jan 2018","2341.89"
"Madhya Pradesh","Paddy","Feb 2018","2554.22"
"Madhya Pradesh","Paddy","Mar 2018","2535.47"
"Madhya Pradesh","Paddy","Apr 2018","2349.05"
"Madhya Pradesh","Paddy","May 2018","2193.78"
"Madhya Pradesh","Paddy","Jun 2018","2011.66"
"Madhya Pradesh","Paddy","Jul 2018","2155.65"
"Madhya Pradesh","Paddy","Aug 2018","1939.97"
"Madhya Pradesh","Paddy","Sep 2018","1884.29"
"Madhya Pradesh","Paddy","Oct 2018","2367.31"
"Madhya Pradesh","Paddy","Nov 2018","2577.94"
"Madhya Pradesh","Paddy","Dec 2018","2315.63"
"Madhya Pradesh","Paddy","Jan 2019","2068.68"
"Madhya Pradesh","Paddy","Feb 2019","2270.77"
"Madhya Pradesh","Paddy","Mar 2019","2122.54"
"Madhya Pradesh","Paddy","Apr 2019","1998.53"
"Madhya Pradesh","Paddy","May 2019","2061.98"
"Madhya Pradesh","Paddy","Jun 2019","1970.78"
"Madhya Pradesh","Paddy","Jul 2019","1769.27"
"Madhya Pradesh","Paddy","Aug 2019","1870.40"
"Madhya Pradesh","Paddy","Sep 2019","1761.32"
"Madhya Pradesh","Paddy","Oct 2019","2109.18"
"Madhya Pradesh","Paddy","Nov 2019","2071.12"
"Madhya Pradesh","Paddy","Dec 2019","2109.23"
"Madhya Pradesh","Paddy","Jan 2020","2127.00"
"Madhya Pradesh","Paddy","Feb 2020","2183.62"
"Madhya Pradesh","Paddy","Mar 2020","2100.59"
"Madhya Pradesh","Paddy","Apr 2020","2241.44"
"Madhya Pradesh","Paddy","May 2020","2074.90"
"Madhya Pradesh","Paddy","Jun 2020","2203.59"
"Madhya Pradesh","Paddy","Jul 2020","2233.22"
"Madhya Pradesh","Paddy","Aug 2020","2103.49"
"Madhya Pradesh","Paddy","Sep 2020","2482.80"
"Madhya Pradesh","Paddy","Oct 2020","2041.25"
"Madhya Pradesh","Paddy","Nov 2020","2154.40"
"Madhya Pradesh","Paddy","Dec 2020","2384.77"
"Madhya Pradesh","Paddy","Jan 2021","2452.08"
"Madhya Pradesh","Paddy","Feb 2021","2364.43"
"Madhya Pradesh","Paddy","Mar 2021","2247.29"
"Madhya Pradesh","Paddy","Apr 2021","2131.68"
"Madhya Pradesh","Paddy","May 2021","1696.33"
"Madhya Pradesh","Paddy","Jun 2021","1742.33"
"Madhya Pradesh","Paddy","Jul 2021","1783.27"
"Madhya Pradesh","Paddy","Aug 2021","1795.59"
"Madhya Pradesh","Paddy","Sep 2021","1918.28"
"Madhya Pradesh","Paddy","Oct 2021","2242.15"
"Madhya Pradesh","Paddy","Nov 2021","2774.04"
"Madhya Pradesh","Paddy","Dec 2021","2630.87"
"Madhya Pradesh","Paddy","Jan 2022","2657.42"
"Madhya Pradesh","Paddy","Feb 2022","2929.31"
"Madhya Pradesh","Paddy","Mar 2022","2668.43"
"Madhya Pradesh","Paddy","Apr 2022","2353.00"
"Madhya Pradesh","Paddy","May 2022","1527.72"
"Madhya Pradesh","Paddy","Jun 2022","1724.14"
"Madhya Pradesh","Paddy","Jul 2022","1756.88"
"Madhya Pradesh","Paddy","Aug 2022","1906.32"
"Madhya Pradesh","Paddy","Sep 2022","1729.52"
"Madhya Pradesh","Paddy","Oct 2022","2489.24"
"Madhya Pradesh","Paddy","Nov 2022","3155.66"
"Madhya Pradesh","Paddy","Dec 2022","3217.52"
"Madhya Pradesh","Paddy","Jan 2023","3347.05"
"Madhya Pradesh","Paddy","Feb 2023","3376.04"
"Madhya Pradesh","Paddy","Mar 2023","3199.21"
"Madhya Pradesh","Paddy","Apr 2023","2439.97"
"Madhya Pradesh","Paddy","May 2023","1819.76"
"Madhya Pradesh","Paddy","Jun 2023","1971.11"
"Madhya Pradesh","Paddy","Jul 2023","2163.29"
"Madhya Pradesh","Paddy","Aug 2023","2037.11"
"Madhya Pradesh","Paddy","Sep 2023","2045.70"
"Madhya Pradesh","Paddy","Oct 2023","2984.15"
"Madhya Pradesh","Paddy","Nov 2023","3630.48"
"Madhya Pradesh","Paddy","Dec 2023","3658.01"
"Madhya Pradesh","Paddy","Jan 2024","3819.93"
"Madhya Pradesh","Paddy","Feb 2024","3504.18"
"Madhya Pradesh","Paddy","Mar 2024","3468.58"
"Madhya Pradesh","Paddy","Apr 2024","3311.23"
"Madhya Pradesh","Paddy","May 2024","2665.85"
"Madhya Pradesh","Paddy","Jun 2024","2791.60"
"Madhya Pradesh","Paddy","Jul 2024","2823.57"
"Madhya Pradesh","Paddy","Aug 2024","2454.18"
"Madhya Pradesh","Paddy","Sep 2024","2469.17"
"Madhya Pradesh","Paddy","Oct 2024","2527.16"
"Madhya Pradesh","Paddy","Nov 2024","2768.56"
"Madhya Pradesh","Paddy","Dec 2024","2739.41"
"Madhya Pradesh","Paddy","Jan 2025","2808.63"
"Madhya Pradesh","Paddy","Feb 2025","2678.90"
"Madhya Pradesh","Paddy","Mar 2025","2627.34"
"Madhya Pradesh","Paddy","Apr 2025","2759.10"
"Madhya Pradesh","Paddy","May 2025","2511.43"
"Madhya Pradesh","Paddy","Jun 2025","2276.05"
"Madhya Pradesh","Paddy","Jul 2025","2453.05"
"Madhya Pradesh","Paddy","Aug 2025","2463.71"
"Madhya Pradesh","Paddy","Sep 2025","2538.76"
"Madhya Pradesh","Paddy","Oct 2025","2528.47"
"Madhya Pradesh","Paddy","Nov 2025","2773.05"
"Madhya Pradesh","Paddy","Dec 2025","3224.12"
"Madhya Pradesh","Paddy","Jan 2026","3611.40"
"Madhya Pradesh","Paddy","Feb 2026","3746.61"
"Madhya Pradesh","Paddy","Mar 2026","3424.54"
"Madhya Pradesh","Paddy","Apr 2026","3122.86"
"Madhya Pradesh","Paddy","May 2026","2199.22"
"Madhya Pradesh","Paddy","Jun 2026","2372.43"
"Madhya Pradesh","Paddy","Jul 2026","3246.29"
"Madhya Pradesh","Paddy","Aug 2026","2540.72"
"Madhya Pradesh","Paddy","Sep 2026","2429.65"
"Madhya Pradesh","Maize","Oct 2016","1229.35"
"Madhya Pradesh","Maize","Nov 2016","1305.06"
"Madhya Pradesh","Maize","Dec 2016","1313.69"
"Madhya Pradesh","Maize","Jan 2017","1327.51"
"Madhya Pradesh","Maize","Feb 2017","1311.01"
"Madhya Pradesh","Maize","Mar 2017","1334.74"
"Madhya Pradesh","Maize","Apr 2017","1279.51"
"Madhya Pradesh","Maize","May 2017","1258.37"
"Madhya Pradesh","Maize","Jun 2017","1306.19"
"Madhya Pradesh","Maize","Jul 2017","1341.44"
"Madhya Pradesh","Maize","Aug 2017","1325.23"
"Madhya Pradesh","Maize","Sep 2017","1302.01"
"Madhya Pradesh","Maize","Oct 2017","1160.56"
"Madhya Pradesh","Maize","Nov 2017","1090.56"
"Madhya Pradesh","Maize","Dec 2017","1032.96"
"Madhya Pradesh","Maize","Jan 2018","1042.92"
"Madhya Pradesh","Maize","Feb 2018","1096.54"
"Madhya Pradesh","Maize","Mar 2018","1108.31"
"Madhya Pradesh","Maize","Apr 2018","1112.26"
"Madhya Pradesh","Maize","May 2018","1134.87"
"Madhya Pradesh","Maize","Jun 2018","1169.30"
"Madhya Pradesh","Maize","Jul 2018","1232.34"
"Madhya Pradesh","Maize","Aug 2018","1264.65"
"Madhya Pradesh","Maize","Sep 2018","1216.89"
"Madhya Pradesh","Maize","Oct 2018","1229.51"
"Madhya Pradesh","Maize","Nov 2018","1288.95"
"Madhya Pradesh","Maize","Dec 2018","1484.13"
"Madhya Pradesh","Maize","Jan 2019","1602.91"
"Madhya Pradesh","Maize","Feb 2019","1866.28"
"Madhya Pradesh","Maize","Mar 2019","1905.62"
"Madhya Pradesh","Maize","Apr 2019","2008.20"
"Madhya Pradesh","Maize","May 2019","1836.97"
"Madhya Pradesh","Maize","Jun 2019","1855.49"
"Madhya Pradesh","Maize","Jul 2019","2000.62"
"Madhya Pradesh","Maize","Aug 2019","2006.19"
"Madhya Pradesh","Maize","Sep 2019","1918.20"
"Madhya Pradesh","Maize","Oct 2019","1574.88"
"Madhya Pradesh","Maize","Nov 2019","1677.85"
"Madhya Pradesh","Maize","Dec 2019","1903.44"
"Madhya Pradesh","Maize","Jan 2020","1806.27"
"Madhya Pradesh","Maize","Feb 2020","1514.99"
"Madhya Pradesh","Maize","Mar 2020","1394.06"
"Madhya Pradesh","Maize","Apr 2020","1220.88"
"Madhya Pradesh","Maize","May 2020","1080.92"
"Madhya Pradesh","Maize","Jun 2020","1131.20"
"Madhya Pradesh","Maize","Jul 2020","1157.10"
"Madhya Pradesh","Maize","Aug 2020","1144.65"
"Madhya Pradesh","Maize","Sep 2020","1108.46"
"Madhya Pradesh","Maize","Oct 2020","1134.73"
"Madhya Pradesh","Maize","Nov 2020","1320.01"
"Madhya Pradesh","Maize","Dec 2020","1251.58"
"Madhya Pradesh","Maize","Jan 2021","1212.80"
"Madhya Pradesh","Maize","Feb 2021","1241.50"
"Madhya Pradesh","Maize","Mar 2021","1282.49"
"Madhya Pradesh","Maize","Apr 2021","1344.54"
"Madhya Pradesh","Maize","May 2021","1460.99"
"Madhya Pradesh","Maize","Jun 2021","1510.19"
"Madhya Pradesh","Maize","Jul 2021","1647.06"
"Madhya Pradesh","Maize","Aug 2021","1630.06"
"Madhya Pradesh","Maize","Sep 2021","1475.12"
"Madhya Pradesh","Maize","Oct 2021","1383.92"
"Madhya Pradesh","Maize","Nov 2021","1487.87"
"Madhya Pradesh","Maize","Dec 2021","1536.63"
"Madhya Pradesh","Maize","Jan 2022","1710.36"
"Madhya Pradesh","Maize","Feb 2022","1848.22"
"Madhya Pradesh","Maize","Mar 2022","2017.46"
"Madhya Pradesh","Maize","Apr 2022","2076.61"
"Madhya Pradesh","Maize","May 2022","2053.13"
"Madhya Pradesh","Maize","Jun 2022","2031.69"
"Madhya Pradesh","Maize","Jul 2022","2045.75"
"Madhya Pradesh","Maize","Aug 2022","2104.95"
"Madhya Pradesh","Maize","Sep 2022","1835.92"
"Madhya Pradesh","Maize","Oct 2022","1696.96"
"Madhya Pradesh","Maize","Nov 2022","1916.54"
"Madhya Pradesh","Maize","Dec 2022","2040.05"
"Madhya Pradesh","Maize","Jan 2023","2085.77"
"Madhya Pradesh","Maize","Feb 2023","1993.07"
"Madhya Pradesh","Maize","Mar 2023","2049.37"
"Madhya Pradesh","Maize","Apr 2023","1723.48"
"Madhya Pradesh","Maize","May 2023","1659.87"
"Madhya Pradesh","Maize","Jun 2023","1767.98"
"Madhya Pradesh","Maize","Jul 2023","1980.08"
"Madhya Pradesh","Maize","Aug 2023","1987.30"
"Madhya Pradesh","Maize","Sep 2023","1960.93"
"Madhya Pradesh","Maize","Oct 2023","1780.96"
"Madhya Pradesh","Maize","Nov 2023","1967.91"
"Madhya Pradesh","Maize","Dec 2023","2006.84"
"Madhya Pradesh","Maize","Jan 2024","2048.05"
"Madhya Pradesh","Maize","Feb 2024","2080.08"
"Madhya Pradesh","Maize","Mar 2024","2066.97"
"Madhya Pradesh","Maize","Apr 2024","1975.07"
"Madhya Pradesh","Maize","May 2024","2059.32"
"Madhya Pradesh","Maize","Jun 2024","2090.89"
"Madhya Pradesh","Maize","Jul 2024","2248.23"
"Madhya Pradesh","Maize","Aug 2024","2345.85"
"Madhya Pradesh","Maize","Sep 2024","1929.87"
"Madhya Pradesh","Maize","Oct 2024","2041.57"
"Madhya Pradesh","Maize","Nov 2024","2173.56"
"Madhya Pradesh","Maize","Dec 2024","2225.51"
"Madhya Pradesh","Maize","Jan 2025","2258.00"
"Madhya Pradesh","Maize","Feb 2025","2202.33"
"Madhya Pradesh","Maize","Mar 2025","2093.04"
"Madhya Pradesh","Maize","Apr 2025","1932.01"
"Madhya Pradesh","Maize","May 2025","1987.67"
"Madhya Pradesh","Maize","Jun 2025","2059.97"
"Madhya Pradesh","Maize","Jul 2025","2153.74"
"Madhya Pradesh","Maize","Aug 2025","2157.40"
"Madhya Pradesh","Maize","Sep 2025","1703.65"
"Madhya Pradesh","Maize","Oct 2025","1579.93"
"Madhya Pradesh","Maize","Nov 2025","1558.78"
"Madhya Pradesh","Maize","Dec 2025","1608.68"
"Madhya Pradesh","Maize","Jan 2026","1601.43"
"Madhya Pradesh","Maize","Feb 2026","1537.34"
"Madhya Pradesh","Maize","Mar 2026","1532.86"
"Madhya Pradesh","Maize","Apr 2026","1669.81"
"Madhya Pradesh","Maize","May 2026","1882.42"
"Madhya Pradesh","Maize","Jun 2026","1985.80"
"Madhya Pradesh","Maize","Jul 2026","2225.13"
"Madhya Pradesh","Maize","Aug 2026","2054.74"
"Madhya Pradesh","Maize","Sep 2026","1967.68"
"Madhya Pradesh","Urad","Oct 2016","6008.60"
"Madhya Pradesh","Urad","Nov 2016","5796.41"
"Madhya Pradesh","Urad","Dec 2016","5440.16"
"Madhya Pradesh","Urad","Jan 2017","5127.62"
"Madhya Pradesh","Urad","Feb 2017","4578.83"
"Madhya Pradesh","Urad","Mar 2017","4830.21"
"Madhya Pradesh","Urad","Apr 2017","4753.03"
"Madhya Pradesh","Urad","May 2017","4572.18"
"Madhya Pradesh","Urad","Jun 2017","4367.67"
"Madhya Pradesh","Urad","Jul 2017","4042.92"
"Madhya Pradesh","Urad","Aug 2017","3930.04"
"Madhya Pradesh","Urad","Sep 2017","3688.37"
"Madhya Pradesh","Urad","Oct 2017","2887.80"
"Madhya Pradesh","Urad","Nov 2017","2521.43"
"Madhya Pradesh","Urad","Dec 2017","2580.19"
"Madhya Pradesh","Urad","Jan 2018","2760.53"
"Madhya Pradesh","Urad","Feb 2018","2943.72"
"Madhya Pradesh","Urad","Mar 2018","2775.22"
"Madhya Pradesh","Urad","Apr 2018","2877.48"
"Madhya Pradesh","Urad","May 2018","2819.81"
"Madhya Pradesh","Urad","Jun 2018","2732.88"
"Madhya Pradesh","Urad","Jul 2018","3162.58"
"Madhya Pradesh","Urad","Aug 2018","3272.19"
"Madhya Pradesh","Urad","Sep 2018","3031.31"
"Madhya Pradesh","Urad","Oct 2018","3481.31"
"Madhya Pradesh","Urad","Nov 2018","3676.94"
"Madhya Pradesh","Urad","Dec 2018","3714.19"
"Madhya Pradesh","Urad","Jan 2019","3916.33"
"Madhya Pradesh","Urad","Feb 2019","3330.27"
"Madhya Pradesh","Urad","Mar 2019","3332.55"
"Madhya Pradesh","Urad","Apr 2019","3706.13"
"Madhya Pradesh","Urad","May 2019","3910.03"
"Madhya Pradesh","Urad","Jun 2019","4088.84"
"Madhya Pradesh","Urad","Jul 2019","4037.39"
"Madhya Pradesh","Urad","Aug 2019","4035.69"
"Madhya Pradesh","Urad","Sep 2019","3982.95"
"Madhya Pradesh","Urad","Oct 2019","4445.94"
"Madhya Pradesh","Urad","Nov 2019","4475.78"
"Madhya Pradesh","Urad","Dec 2019","3934.22"
"Madhya Pradesh","Urad","Jan 2020","4199.78"
"Madhya Pradesh","Urad","Feb 2020","4063.90"
"Madhya Pradesh","Urad","Mar 2020","3853.15"
"Madhya Pradesh","Urad","Apr 2020","3997.06"
"Madhya Pradesh","Urad","May 2020","4995.24"
"Madhya Pradesh","Urad","Jun 2020","5889.70"
"Madhya Pradesh","Urad","Jul 2020","4975.31"
"Madhya Pradesh","Urad","Aug 2020","5183.43"
"Madhya Pradesh","Urad","Sep 2020","5714.38"
"Madhya Pradesh","Urad","Oct 2020","6152.36"
"Madhya Pradesh","Urad","Nov 2020","5630.61"
"Madhya Pradesh","Urad","Dec 2020","5644.89"
"Madhya Pradesh","Urad","Jan 2021","6104.45"
"Madhya Pradesh","Urad","Feb 2021","5752.42"
"Madhya Pradesh","Urad","Mar 2021","5681.44"
"Madhya Pradesh","Urad","Apr 2021","5757.39"
"Madhya Pradesh","Urad","May 2021","6374.13"
"Madhya Pradesh","Urad","Jun 2021","5987.75"
"Madhya Pradesh","Urad","Jul 2021","5620.91"
"Madhya Pradesh","Urad","Aug 2021","5969.87"
"Madhya Pradesh","Urad","Sep 2021","5602.34"
"Madhya Pradesh","Urad","Oct 2021","4873.61"
"Madhya Pradesh","Urad","Nov 2021","5028.02"
"Madhya Pradesh","Urad","Dec 2021","4865.15"
"Madhya Pradesh","Urad","Jan 2022","4543.66"
"Madhya Pradesh","Urad","Feb 2022","4464.41"
"Madhya Pradesh","Urad","Mar 2022","4996.81"
"Madhya Pradesh","Urad","Apr 2022","5137.61"
"Madhya Pradesh","Urad","May 2022","5356.90"
"Madhya Pradesh","Urad","Jun 2022","6064.57"
"Madhya Pradesh","Urad","Jul 2022","5990.09"
"Madhya Pradesh","Urad","Aug 2022","6130.03"
"Madhya Pradesh","Urad","Sep 2022","5443.88"
"Madhya Pradesh","Urad","Oct 2022","5069.60"
"Madhya Pradesh","Urad","Nov 2022","5314.03"
"Madhya Pradesh","Urad","Dec 2022","5304.76"
"Madhya Pradesh","Urad","Jan 2023","5196.28"
"Madhya Pradesh","Urad","Feb 2023","5325.88"
"Madhya Pradesh","Urad","Mar 2023","5578.74"
"Madhya Pradesh","Urad","Apr 2023","5945.95"
"Madhya Pradesh","Urad","May 2023","7447.31"
"Madhya Pradesh","Urad","Jun 2023","7596.39"
"Madhya Pradesh","Urad","Jul 2023","7387.82"
"Madhya Pradesh","Urad","Aug 2023","7751.22"
"Madhya Pradesh","Urad","Sep 2023","6536.32"
"Madhya Pradesh","Urad","Oct 2023","6621.88"
"Madhya Pradesh","Urad","Nov 2023","6920.13"
"Madhya Pradesh","Urad","Dec 2023","6443.57"
"Madhya Pradesh","Urad","Aug 2024","8430.33"
"Madhya Pradesh","Urad","Sep 2024","7523.45"
"Madhya Pradesh","Urad","Oct 2024","7036.16"
"Madhya Pradesh","Urad","Nov 2024","6715.21"
"Madhya Pradesh","Urad","Dec 2024","6629.57"
"Madhya Pradesh","Urad","Jan 2025","6803.35"
"Madhya Pradesh","Urad","Feb 2025","6457.06"
"Madhya Pradesh","Urad","Mar 2025","7047.93"
"Madhya Pradesh","Urad","Apr 2025","6817.74"
"Madhya Pradesh","Urad","May 2025","6660.19"
"Madhya Pradesh","Urad","Jun 2025","6360.01"
"Madhya Pradesh","Urad","Jul 2025","6348.92"
"Madhya Pradesh","Urad","Aug 2025","6593.43"
"Madhya Pradesh","Urad","Sep 2025","6338.34"
"Madhya Pradesh","Urad","Oct 2025","6031.65"
"Madhya Pradesh","Urad","Nov 2025","6155.30"
"Madhya Pradesh","Urad","Dec 2025","6455.49"
"Madhya Pradesh","Urad","Jan 2026","7058.07"
"Madhya Pradesh","Urad","Feb 2026","7722.79"
"Madhya Pradesh","Urad","Mar 2026","7885.55"
"Madhya Pradesh","Urad","Apr 2026","7711.30"
"Madhya Pradesh","Urad","May 2026","7617.17"
"Madhya Pradesh","Urad","Jun 2026","7685.22"
"Madhya Pradesh","Urad","Jul 2026","8732.17"
"Madhya Pradesh","Urad","Aug 2026","8148.14"
"Madhya Pradesh","Urad","Sep 2026","8262.47"
"Madhya Pradesh","Rice","Oct 2016","1669.36"
"Madhya Pradesh","Rice","Nov 2016","1847.12"
"Madhya Pradesh","Rice","Dec 2016","1846.27"
"Madhya Pradesh","Rice","Jan 2017","1831.49"
"Madhya Pradesh","Rice","Feb 2017","2310.09"
"Madhya Pradesh","Rice","Mar 2017","2268.98"
"Madhya Pradesh","Rice","Apr 2017","2231.25"
"Madhya Pradesh","Rice","May 2017","1819.98"
"Madhya Pradesh","Rice","Jun 2017","1666.68"
"Madhya Pradesh","Rice","Jul 2017","1753.56"
"Madhya Pradesh","Rice","Aug 2017","1638.00"
"Madhya Pradesh","Rice","Sep 2017","1655.58"
"Madhya Pradesh","Rice","Oct 2017","2161.17"
"Madhya Pradesh","Rice","Nov 2017","2360.58"
"Madhya Pradesh","Rice","Dec 2017","2269.23"
"Madhya Pradesh","Rice","Jan 2018","2341.87"
"Madhya Pradesh","Rice","Feb 2018","2555.69"
"Madhya Pradesh","Rice","Mar 2018","2535.44"
"Madhya Pradesh","Rice","Apr 2018","2291.96"
"Madhya Pradesh","Rice","May 2018","2193.46"
"Madhya Pradesh","Rice","Jun 2018","2006.55"
"Madhya Pradesh","Rice","Jul 2018","2155.43"
"Madhya Pradesh","Rice","Aug 2018","1939.96"
"Madhya Pradesh","Rice","Sep 2018","1884.29"
"Madhya Pradesh","Rice","Oct 2018","2366.97"
"Madhya Pradesh","Rice","Nov 2018","2577.97"
"Madhya Pradesh","Rice","Dec 2018","2345.22"
"Madhya Pradesh","Rice","Jan 2019","2267.75"
"Madhya Pradesh","Rice","Feb 2019","2557.55"
"Madhya Pradesh","Rice","Mar 2019","2597.33"
"Madhya Pradesh","Rice","Apr 2019","2741.03"
"Madhya Pradesh","Rice","May 2019","2691.98"
"Madhya Pradesh","Rice","Jun 2019","2409.77"
"Madhya Pradesh","Rice","Jul 2019","2193.00"
"Madhya Pradesh","Rice","Aug 2019","2135.76"
"Madhya Pradesh","Rice","Sep 2019","1921.01"
"Madhya Pradesh","Rice","Oct 2019","2140.38"
"Madhya Pradesh","Rice","Nov 2019","2096.61"
"Madhya Pradesh","Rice","Dec 2019","2126.39"
"Madhya Pradesh","Rice","Jan 2020","2148.73"
"Madhya Pradesh","Rice","Feb 2020","2212.21"
"Madhya Pradesh","Rice","Mar 2020","2147.56"
"Madhya Pradesh","Rice","Apr 2020","2193.65"
"Madhya Pradesh","Rice","May 2020","2234.10"
"Madhya Pradesh","Rice","Jun 2020","2432.23"
"Madhya Pradesh","Rice","Jul 2020","2233.29"
"Madhya Pradesh","Rice","Aug 2020","2110.19"
"Madhya Pradesh","Rice","Sep 2020","2482.79"
"Madhya Pradesh","Rice","Oct 2020","1781.81"
"Madhya Pradesh","Rice","Nov 2020","2094.25"
"Madhya Pradesh","Rice","Dec 2020","2408.09"
"Madhya Pradesh","Rice","Jan 2021","2432.69"
"Madhya Pradesh","Rice","Feb 2021","2320.87"
"Madhya Pradesh","Rice","Mar 2021","2321.36"
"Madhya Pradesh","Rice","Apr 2021","2330.24"
"Madhya Pradesh","Rice","May 2021","1883.28"
"Madhya Pradesh","Rice","Jun 2021","1908.92"
"Madhya Pradesh","Rice","Jul 2021","2087.62"
"Madhya Pradesh","Rice","Aug 2021","2038.09"
"Madhya Pradesh","Rice","Sep 2021","1997.69"
"Madhya Pradesh","Rice","Oct 2021","2335.29"
"Madhya Pradesh","Rice","Nov 2021","2704.24"
"Madhya Pradesh","Rice","Dec 2021","2636.22"
"Madhya Pradesh","Rice","Jan 2022","2645.21"
"Madhya Pradesh","Rice","Feb 2022","2880.71"
"Madhya Pradesh","Rice","Mar 2022","2943.00"
"Madhya Pradesh","Rice","Apr 2022","2558.55"
"Madhya Pradesh","Rice","May 2022","1623.22"
"Madhya Pradesh","Rice","Jun 2022","1988.37"
"Madhya Pradesh","Rice","Jul 2022","2243.09"
"Madhya Pradesh","Rice","Aug 2022","2000.50"
"Madhya Pradesh","Rice","Sep 2022","1770.75"
"Madhya Pradesh","Rice","Oct 2022","2657.16"
"Madhya Pradesh","Rice","Nov 2022","3165.75"
"Madhya Pradesh","Rice","Dec 2022","3429.99"
"Madhya Pradesh","Rice","Jan 2023","3821.55"
"Madhya Pradesh","Rice","Feb 2023","3915.04"
"Madhya Pradesh","Rice","Mar 2023","3706.77"
"Madhya Pradesh","Rice","Apr 2023","3801.23"
"Madhya Pradesh","Rice","May 2023","2285.47"
"Madhya Pradesh","Rice","Jun 2023","2467.09"
"Madhya Pradesh","Rice","Jul 2023","2647.96"
"Madhya Pradesh","Rice","Aug 2023","2427.69"
"Madhya Pradesh","Rice","Sep 2023","2168.31"
"Madhya Pradesh","Rice","Oct 2023","3045.07"
"Madhya Pradesh","Rice","Nov 2023","3728.89"
"Madhya Pradesh","Rice","Dec 2023","3773.96"
"Madhya Pradesh","Rice","Jan 2024","3819.92"
"Madhya Pradesh","Rice","Feb 2024","3504.18"
"Madhya Pradesh","Rice","Mar 2024","3468.58"
"Madhya Pradesh","Rice","Apr 2024","3311.22"
"Madhya Pradesh","Rice","May 2024","2665.84"
"Madhya Pradesh","Rice","Jun 2024","2791.59"
"Madhya Pradesh","Rice","Jul 2024","2823.57"
"Madhya Pradesh","Rice","Aug 2024","2400.53"
"Madhya Pradesh","Rice","Sep 2024","2469.16"
"Madhya Pradesh","Rice","Oct 2024","2527.16"
"Madhya Pradesh","Rice","Nov 2024","2768.56"
"Madhya Pradesh","Rice","Dec 2024","2739.40"
"Madhya Pradesh","Rice","Jan 2025","2808.63"
"Madhya Pradesh","Rice","Feb 2025","2678.81"
"Madhya Pradesh","Rice","Mar 2025","2627.04"
"Madhya Pradesh","Rice","Apr 2025","2855.48"
"Madhya Pradesh","Rice","May 2025","2566.28"
"Madhya Pradesh","Rice","Jun 2025","2505.47"
"Madhya Pradesh","Rice","Jul 2025","2560.39"
"Madhya Pradesh","Rice","Aug 2025","2708.76"
"Madhya Pradesh","Rice","Sep 2025","2606.55"
"Madhya Pradesh","Rice","Oct 2025","2547.30"
"Madhya Pradesh","Rice","Nov 2025","2521.44"
"Madhya Pradesh","Moong","Oct 2016","4306.84"
"Madhya Pradesh","Moong","Nov 2016","4388.08"
"Madhya Pradesh","Moong","Dec 2016","4242.36"
"Madhya Pradesh","Moong","Jan 2017","4199.53"
"Madhya Pradesh","Moong","Feb 2017","4016.34"
"Madhya Pradesh","Moong","Mar 2017","4430.20"
"Madhya Pradesh","Moong","Apr 2017","4515.86"
"Madhya Pradesh","Moong","May 2017","3998.48"
"Madhya Pradesh","Moong","Jun 2017","5175.22"
"Madhya Pradesh","Moong","Jul 2017","5173.59"
"Madhya Pradesh","Moong","Aug 2017","4016.24"
"Madhya Pradesh","Moong","Sep 2017","3912.17"
"Madhya Pradesh","Moong","Oct 2017","3714.71"
"Madhya Pradesh","Moong","Nov 2017","3817.59"
"Madhya Pradesh","Moong","Dec 2017","3977.07"
"Madhya Pradesh","Moong","Jan 2018","3933.04"
"Madhya Pradesh","Moong","Feb 2018","3776.13"
"Madhya Pradesh","Moong","Mar 2018","3890.23"
"Madhya Pradesh","Moong","Apr 2018","4557.84"
"Madhya Pradesh","Moong","May 2018","4796.94"
"Madhya Pradesh","Moong","Jun 2018","4549.45"
"Madhya Pradesh","Moong","Jul 2018","4338.34"
"Madhya Pradesh","Moong","Aug 2018","4279.31"
"Madhya Pradesh","Moong","Sep 2018","4264.22"
"Madhya Pradesh","Moong","Oct 2018","4494.08"
"Madhya Pradesh","Moong","Nov 2018","4736.10"
"Madhya Pradesh","Moong","Dec 2018","4432.87"
"Madhya Pradesh","Moong","Jan 2019","4734.31"
"Madhya Pradesh","Moong","Feb 2019","4306.53"
"Madhya Pradesh","Moong","Mar 2019","4222.63"
"Madhya Pradesh","Moong","Apr 2019","5202.23"
"Madhya Pradesh","Moong","May 2019","5850.17"
"Madhya Pradesh","Moong","Jun 2019","5178.46"
"Madhya Pradesh","Moong","Jul 2019","5250.34"
"Madhya Pradesh","Moong","Aug 2019","5418.97"
"Madhya Pradesh","Moong","Sep 2019","5677.23"
"Madhya Pradesh","Moong","Oct 2019","5699.60"
"Madhya Pradesh","Moong","Nov 2019","6224.92"
"Madhya Pradesh","Moong","Dec 2019","6291.78"
"Madhya Pradesh","Moong","Jan 2020","7323.32"
"Madhya Pradesh","Moong","Feb 2020","7027.84"
"Madhya Pradesh","Moong","Mar 2020","7175.35"
"Madhya Pradesh","Moong","Apr 2020","8351.25"
"Madhya Pradesh","Moong","May 2020","6643.77"
"Madhya Pradesh","Moong","Jun 2020","5997.71"
"Madhya Pradesh","Moong","Jul 2020","5188.21"
"Madhya Pradesh","Moong","Aug 2020","5291.60"
"Madhya Pradesh","Moong","Sep 2020","5420.05"
"Madhya Pradesh","Moong","Oct 2020","6311.64"
"Madhya Pradesh","Moong","Nov 2020","6434.73"
"Madhya Pradesh","Moong","Dec 2020","6519.90"
"Madhya Pradesh","Moong","Jan 2021","6747.78"
"Madhya Pradesh","Moong","Feb 2021","6583.17"
"Madhya Pradesh","Moong","Mar 2021","6263.55"
"Madhya Pradesh","Moong","Apr 2021","6455.35"
"Madhya Pradesh","Moong","May 2021","6144.10"
"Madhya Pradesh","Moong","Jun 2021","5800.28"
"Madhya Pradesh","Moong","Jul 2021","5668.00"
"Madhya Pradesh","Moong","Aug 2021","5801.00"
"Madhya Pradesh","Moong","Sep 2021","6219.14"
"Madhya Pradesh","Moong","Oct 2021","6167.23"
"Madhya Pradesh","Moong","Nov 2021","6296.20"
"Madhya Pradesh","Moong","Dec 2021","6304.09"
"Madhya Pradesh","Moong","Jan 2022","6352.44"
"Madhya Pradesh","Moong","Feb 2022","6545.82"
"Madhya Pradesh","Moong","Mar 2022","6475.42"
"Madhya Pradesh","Moong","Apr 2022","6359.06"
"Madhya Pradesh","Moong","May 2022","5955.75"
"Madhya Pradesh","Moong","Jun 2022","5693.37"
"Madhya Pradesh","Moong","Jul 2022","5649.67"
"Madhya Pradesh","Moong","Aug 2022","6048.59"
"Madhya Pradesh","Moong","Sep 2022","6166.40"
"Madhya Pradesh","Moong","Oct 2022","6217.05"
"Madhya Pradesh","Moong","Nov 2022","6375.95"
"Madhya Pradesh","Moong","Dec 2022","6218.02"
"Madhya Pradesh","Moong","Jan 2023","6656.24"
"Madhya Pradesh","Moong","Feb 2023","6886.82"
"Madhya Pradesh","Moong","Mar 2023","7167.41"
"Madhya Pradesh","Moong","Apr 2023","7400.97"
"Madhya Pradesh","Moong","May 2023","7184.23"
"Madhya Pradesh","Moong","Jun 2023","6994.72"
"Madhya Pradesh","Moong","Jul 2023","7269.46"
"Madhya Pradesh","Moong","Aug 2023","7065.95"
"Madhya Pradesh","Moong","Sep 2023","7983.47"
"Madhya Pradesh","Moong","Oct 2023","7464.87"
"Madhya Pradesh","Moong","Nov 2023","7399.95"
"Madhya Pradesh","Moong","Dec 2023","7296.56"
"Madhya Pradesh","Moong","Jun 2025","6852.85"
"Madhya Pradesh","Moong","Jul 2025","6999.39"
"Madhya Pradesh","Moong","Aug 2025","6938.89"
"Madhya Pradesh","Moong","Sep 2025","6803.86"
"Madhya Pradesh","Moong","Oct 2025","6884.68"
"Madhya Pradesh","Moong","Nov 2025","5870.83"
"Madhya Pradesh","Moong","Dec 2025","6914.47"
"Madhya Pradesh","Moong","Jan 2026","6765.52"
"Madhya Pradesh","Moong","Feb 2026","6660.04"
"Madhya Pradesh","Moong","Mar 2026","6694.50"
"Madhya Pradesh","Moong","Apr 2026","7429.42"
"Madhya Pradesh","Moong","May 2026","7324.20"
"Madhya Pradesh","Moong","Jun 2026","6834.75"
"Madhya Pradesh","Moong","Jul 2026","6661.61"
"Madhya Pradesh","Moong","Aug 2026","6628.51"
"Madhya Pradesh","Moong","Sep 2026","7189.81"
"Madhya Pradesh","Peas","Oct 2016","4021.36"
"Madhya Pradesh","Peas","Nov 2016","3827.42"
"Madhya Pradesh","Peas","Dec 2016","3771.69"
"Madhya Pradesh","Peas","Jan 2017","3268.91"
"Madhya Pradesh","Peas","Feb 2017","2645.46"
"Madhya Pradesh","Peas","Mar 2017","2625.81"
"Madhya Pradesh","Peas","Apr 2017","2513.24"
"Madhya Pradesh","Peas","May 2017","2286.03"
"Madhya Pradesh","Peas","Jun 2017","2170.67"
"Madhya Pradesh","Peas","Jul 2017","2010.65"
"Madhya Pradesh","Peas","Aug 2017","2275.19"
"Madhya Pradesh","Peas","Sep 2017","2003.29"
"Madhya Pradesh","Peas","Oct 2017","1861.53"
"Madhya Pradesh","Peas","Nov 2017","1959.85"
"Madhya Pradesh","Peas","Dec 2017","1971.20"
"Madhya Pradesh","Peas","Jan 2018","2045.73"
"Madhya Pradesh","Peas","Feb 2018","2144.15"
"Madhya Pradesh","Peas","Mar 2018","2321.71"
"Madhya Pradesh","Peas","Apr 2018","2469.78"
"Madhya Pradesh","Peas","May 2018","2590.75"
"Madhya Pradesh","Peas","Jun 2018","2610.01"
"Madhya Pradesh","Peas","Jul 2018","3209.68"
"Madhya Pradesh","Peas","Aug 2018","3309.28"
"Madhya Pradesh","Peas","Sep 2018","3548.30"
"Madhya Pradesh","Peas","Oct 2018","3806.55"
"Madhya Pradesh","Peas","Nov 2018","3573.39"
"Madhya Pradesh","Peas","Dec 2018","4040.41"
"Madhya Pradesh","Peas","Jan 2019","3796.77"
"Madhya Pradesh","Peas","Feb 2019","3706.10"
"Madhya Pradesh","Peas","Mar 2019","3568.42"
"Madhya Pradesh","Peas","Apr 2019","3916.26"
"Madhya Pradesh","Peas","May 2019","4389.17"
"Madhya Pradesh","Peas","Jun 2019","4374.21"
"Madhya Pradesh","Peas","Jul 2019","4274.72"
"Madhya Pradesh","Peas","Aug 2019","4609.07"
"Madhya Pradesh","Peas","Sep 2019","4269.02"
"Madhya Pradesh","Peas","Oct 2019","4181.25"
"Madhya Pradesh","Peas","Nov 2019","4436.19"
"Madhya Pradesh","Peas","Dec 2019","4268.17"
"Madhya Pradesh","Peas","Jan 2020","4677.09"
"Madhya Pradesh","Peas","Feb 2020","4193.06"
"Madhya Pradesh","Peas","Mar 2020","3840.39"
"Madhya Pradesh","Peas","Apr 2020","4088.60"
"Madhya Pradesh","Peas","May 2020","3857.01"
"Madhya Pradesh","Peas","Jun 2020","3937.07"
"Madhya Pradesh","Peas","Jul 2020","4232.56"
"Madhya Pradesh","Peas","Aug 2020","4444.21"
"Madhya Pradesh","Peas","Sep 2020","4690.08"
"Madhya Pradesh","Peas","Oct 2020","4665.57"
"Madhya Pradesh","Peas","Nov 2020","4495.41"
"Madhya Pradesh","Peas","Dec 2020","4493.45"
"Madhya Pradesh","Peas","Jan 2021","4193.09"
"Madhya Pradesh","Peas","Feb 2021","4187.62"
"Madhya Pradesh","Peas","Mar 2021","4584.85"
"Madhya Pradesh","Peas","Apr 2021","4866.68"
"Madhya Pradesh","Peas","May 2021","4638.26"
"Madhya Pradesh","Peas","Jun 2021","4659.09"
"Madhya Pradesh","Peas","Jul 2021","5140.12"
"Madhya Pradesh","Peas","Aug 2021","5089.62"
"Madhya Pradesh","Peas","Sep 2021","5146.11"
"Madhya Pradesh","Peas","Oct 2021","5086.95"
"Madhya Pradesh","Peas","Nov 2021","4932.67"
"Madhya Pradesh","Peas","Dec 2021","4838.49"
"Madhya Pradesh","Peas","Jan 2022","4725.61"
"Madhya Pradesh","Peas","Feb 2022","4940.69"
"Madhya Pradesh","Peas","Mar 2022","4645.94"
"Madhya Pradesh","Peas","Apr 2022","4493.43"
"Madhya Pradesh","Peas","May 2022","4226.52"
"Madhya Pradesh","Peas","Jun 2022","4127.30"
"Madhya Pradesh","Peas","Jul 2022","4262.50"
"Madhya Pradesh","Peas","Aug 2022","4489.08"
"Madhya Pradesh","Peas","Sep 2022","4195.34"
"Madhya Pradesh","Peas","Oct 2022","4220.65"
"Madhya Pradesh","Peas","Nov 2022","3995.51"
"Madhya Pradesh","Peas","Dec 2022","4038.95"
"Madhya Pradesh","Peas","Jan 2023","4069.76"
"Madhya Pradesh","Peas","Feb 2023","3963.28"
"Madhya Pradesh","Peas","Mar 2023","4166.40"
"Madhya Pradesh","Peas","Apr 2023","4111.62"
"Madhya Pradesh","Peas","May 2023","4055.20"
"Madhya Pradesh","Peas","Jun 2023","4002.56"
"Madhya Pradesh","Peas","Jul 2023","4226.94"
"Madhya Pradesh","Peas","Aug 2023","4776.85"
"Madhya Pradesh","Peas","Sep 2023","5051.87"
"Madhya Pradesh","Peas","Oct 2023","4708.59"
"Madhya Pradesh","Peas","Nov 2023","5362.81"
"Madhya Pradesh","Peas","Dec 2023","5832.74"
"Madhya Pradesh","Peas","Mar 2025","4148.31"
"Madhya Pradesh","Peas","Apr 2025","3959.38"
"Madhya Pradesh","Peas","May 2025","4841.19"
"Madhya Pradesh","Peas","Jun 2025","4849.21"
"Madhya Pradesh","Peas","Jul 2025","4960.91"
"Madhya Pradesh","Peas","Aug 2025","4993.55"
"Madhya Pradesh","Peas","Sep 2025","4249.19"
"Madhya Pradesh","Peas","Oct 2025","4090.64"
"Madhya Pradesh","Peas","Nov 2025","4408.78"
"Madhya Pradesh","Peas","Jan 2026","3455.62"
"Madhya Pradesh","Tur","Oct 2016","5256.60"
"Madhya Pradesh","Tur","Nov 2016","4117.05"
"Madhya Pradesh","Tur","Dec 2016","4468.46"
"Madhya Pradesh","Tur","Jan 2017","3984.93"
"Madhya Pradesh","Tur","Feb 2017","4041.90"
"Madhya Pradesh","Tur","Mar 2017","4371.21"
"Madhya Pradesh","Tur","Apr 2017","4542.90"
"Madhya Pradesh","Tur","May 2017","4230.89"
"Madhya Pradesh","Tur","Jun 2017","4906.58"
"Madhya Pradesh","Tur","Jul 2017","3919.56"
"Madhya Pradesh","Tur","Aug 2017","3895.99"
"Madhya Pradesh","Tur","Sep 2017","3499.04"
"Madhya Pradesh","Tur","Oct 2017","2836.21"
"Madhya Pradesh","Tur","Nov 2017","2841.19"
"Madhya Pradesh","Tur","Dec 2017","3464.19"
"Madhya Pradesh","Tur","Jan 2018","3668.10"
"Madhya Pradesh","Tur","Feb 2018","3814.15"
"Madhya Pradesh","Tur","Mar 2018","3589.26"
"Madhya Pradesh","Tur","Apr 2018","3501.76"
"Madhya Pradesh","Tur","May 2018","3175.32"
"Madhya Pradesh","Tur","Jun 2018","3330.14"
"Madhya Pradesh","Tur","Jul 2018","3412.79"
"Madhya Pradesh","Tur","Aug 2018","3452.54"
"Madhya Pradesh","Tur","Sep 2018","3190.20"
"Madhya Pradesh","Tur","Oct 2018","3257.95"
"Madhya Pradesh","Tur","Nov 2018","3552.30"
"Madhya Pradesh","Tur","Dec 2018","3247.90"
"Madhya Pradesh","Tur","Jan 2019","4435.51"
"Madhya Pradesh","Tur","Feb 2019","4505.74"
"Madhya Pradesh","Tur","Mar 2019","4029.90"
"Madhya Pradesh","Tur","Apr 2019","4261.60"
"Madhya Pradesh","Tur","May 2019","4585.67"
"Madhya Pradesh","Tur","Jun 2019","4426.79"
"Madhya Pradesh","Tur","Jul 2019","4250.64"
"Madhya Pradesh","Tur","Aug 2019","4021.14"
"Madhya Pradesh","Tur","Sep 2019","3312.92"
"Madhya Pradesh","Tur","Oct 2019","3858.58"
"Madhya Pradesh","Tur","Nov 2019","3737.15"
"Madhya Pradesh","Tur","Dec 2019","3081.75"
"Madhya Pradesh","Tur","Jan 2020","3738.28"
"Madhya Pradesh","Tur","Feb 2020","4456.40"
"Madhya Pradesh","Tur","Mar 2020","4378.43"
"Madhya Pradesh","Tur","Apr 2020","4400.45"
"Madhya Pradesh","Tur","May 2020","4290.74"
"Madhya Pradesh","Tur","Jun 2020","4408.04"
"Madhya Pradesh","Tur","Jul 2020","4198.99"
"Madhya Pradesh","Tur","Aug 2020","3870.32"
"Madhya Pradesh","Tur","Sep 2020","4425.01"
"Madhya Pradesh","Tur","Oct 2020","4536.28"
"Madhya Pradesh","Tur","Nov 2020","4747.90"
"Madhya Pradesh","Tur","Dec 2020","4788.77"
"Madhya Pradesh","Tur","Jan 2021","5316.79"
"Madhya Pradesh","Tur","Feb 2021","5525.74"
"Madhya Pradesh","Tur","Mar 2021","5483.34"
"Madhya Pradesh","Tur","Apr 2021","5713.35"
"Madhya Pradesh","Tur","May 2021","4738.48"
"Madhya Pradesh","Tur","Jun 2021","4356.65"
"Madhya Pradesh","Tur","Jul 2021","5007.63"
"Madhya Pradesh","Tur","Aug 2021","4767.44"
"Madhya Pradesh","Tur","Sep 2021","4543.93"
"Madhya Pradesh","Tur","Oct 2021","4053.17"
"Madhya Pradesh","Tur","Nov 2021","4436.39"
"Madhya Pradesh","Tur","Dec 2021","5907.63"
"Madhya Pradesh","Tur","Jan 2022","5314.44"
"Madhya Pradesh","Tur","Feb 2022","5478.86"
"Madhya Pradesh","Tur","Mar 2022","5465.47"
"Madhya Pradesh","Tur","Apr 2022","5063.01"
"Madhya Pradesh","Tur","May 2022","5051.53"
"Madhya Pradesh","Tur","Jun 2022","5033.75"
"Madhya Pradesh","Tur","Jul 2022","5569.67"
"Madhya Pradesh","Tur","Aug 2022","5856.54"
"Madhya Pradesh","Tur","Sep 2022","5355.97"
"Madhya Pradesh","Tur","Oct 2022","5008.54"
"Madhya Pradesh","Tur","Nov 2022","5676.10"
"Madhya Pradesh","Tur","Dec 2022","5944.34"
"Madhya Pradesh","Tur","Jan 2023","6382.98"
"Madhya Pradesh","Tur","Feb 2023","6916.89"
"Madhya Pradesh","Tur","Mar 2023","6156.37"
"Madhya Pradesh","Tur","Apr 2023","6516.32"
"Madhya Pradesh","Tur","May 2023","6142.05"
"Madhya Pradesh","Tur","Jun 2023","7537.07"
"Madhya Pradesh","Tur","Jul 2023","6551.55"
"Madhya Pradesh","Tur","Aug 2023","7725.19"
"Madhya Pradesh","Tur","Sep 2023","7318.03"
"Madhya Pradesh","Tur","Oct 2023","6790.37"
"Madhya Pradesh","Tur","Nov 2023","5594.16"
"Madhya Pradesh","Tur","Dec 2023","7736.10"
"Madhya Pradesh","Tur","Jan 2024","7744.19"
"Madhya Pradesh","Tur","Feb 2024","8578.59"
"Madhya Pradesh","Tur","Mar 2024","9489.88"
"Madhya Pradesh","Tur","Apr 2024","10404.10"
"Madhya Pradesh","Tur","May 2024","10683.82"
"Madhya Pradesh","Tur","Jun 2024","11324.39"
"Madhya Pradesh","Tur","Jul 2024","11165.60"
"Madhya Pradesh","Tur","Aug 2024","10966.40"
"Madhya Pradesh","Tur","Sep 2024","9773.92"
"Madhya Pradesh","Tur","Oct 2024","9216.96"
"Madhya Pradesh","Tur","Nov 2024","9136.69"
"Madhya Pradesh","Tur","Dec 2024","8180.91"
"Madhya Pradesh","Tur","Jan 2025","7041.91"
"Madhya Pradesh","Tur","Feb 2025","6865.80"
"Madhya Pradesh","Tur","Mar 2025","6729.29"
"Madhya Pradesh","Tur","Apr 2025","6631.14"
"Madhya Pradesh","Tur","May 2025","6439.39"
"Madhya Pradesh","Tur","Jun 2025","6194.42"
"Madhya Pradesh","Tur","Jul 2025","6205.95"
"Madhya Pradesh","Tur","Aug 2025","6098.19"
"Madhya Pradesh","Tur","Sep 2025","6042.94"
"Madhya Pradesh","Tur","Oct 2025","6136.96"
"Madhya Pradesh","Tur","Nov 2025","5684.85"
"Madhya Pradesh","Tur","Dec 2025","6517.39"
"Madhya Pradesh","Tur","Jan 2026","7083.95"
"Madhya Pradesh","Tur","Feb 2026","7702.55"
"Madhya Pradesh","Tur","Mar 2026","7395.41"
"Madhya Pradesh","Tur","Apr 2026","7510.24"
"Madhya Pradesh","Tur","May 2026","7557.55"
"Madhya Pradesh","Tur","Jun 2026","7236.58"
"Madhya Pradesh","Tur","Jul 2026","7257.91"
"Madhya Pradesh","Tur","Aug 2026","6959.15"
"Madhya Pradesh","Tur","Sep 2026","8031.87"
"Madhya Pradesh","Onion","Oct 2016","398.34"
"Madhya Pradesh","Onion","Nov 2016","558.77"
"Madhya Pradesh","Onion","Dec 2016","528.73"
"Madhya Pradesh","Onion","Jan 2017","544.36"
"Madhya Pradesh","Onion","Feb 2017","442.55"
"Madhya Pradesh","Onion","Mar 2017","497.98"
"Madhya Pradesh","Onion","Apr 2017","407.55"
"Madhya Pradesh","Onion","May 2017","297.45"
"Madhya Pradesh","Onion","Jun 2017","764.83"
"Madhya Pradesh","Onion","Jul 2017","643.07"
"Madhya Pradesh","Onion","Aug 2017","1364.95"
"Madhya Pradesh","Onion","Sep 2017","1126.85"
"Madhya Pradesh","Onion","Oct 2017","1649.28"
"Madhya Pradesh","Onion","Nov 2017","2264.16"
"Madhya Pradesh","Onion","Dec 2017","2503.97"
"Madhya Pradesh","Onion","Jan 2018","2249.45"
"Madhya Pradesh","Onion","Feb 2018","1317.08"
"Madhya Pradesh","Onion","Mar 2018","752.03"
"Madhya Pradesh","Onion","Apr 2018","650.86"
"Madhya Pradesh","Onion","May 2018","472.37"
"Madhya Pradesh","Onion","Jun 2018","580.80"
"Madhya Pradesh","Onion","Jul 2018","887.18"
"Madhya Pradesh","Onion","Aug 2018","768.66"
"Madhya Pradesh","Onion","Sep 2018","574.87"
"Madhya Pradesh","Onion","Oct 2018","915.83"
"Madhya Pradesh","Onion","Nov 2018","789.38"
"Madhya Pradesh","Onion","Dec 2018","546.14"
"Madhya Pradesh","Onion","Jan 2019","479.15"
"Madhya Pradesh","Onion","Feb 2019","374.92"
"Madhya Pradesh","Onion","Mar 2019","421.72"
"Madhya Pradesh","Onion","Apr 2019","480.86"
"Madhya Pradesh","Onion","May 2019","511.41"
"Madhya Pradesh","Onion","Jun 2019","616.78"
"Madhya Pradesh","Onion","Jul 2019","818.73"
"Madhya Pradesh","Onion","Aug 2019","1165.54"
"Madhya Pradesh","Onion","Sep 2019","1872.46"
"Madhya Pradesh","Onion","Oct 2019","2398.27"
"Madhya Pradesh","Onion","Nov 2019","3326.24"
"Madhya Pradesh","Onion","Dec 2019","2769.83"
"Madhya Pradesh","Onion","Jan 2020","2884.89"
"Madhya Pradesh","Onion","Feb 2020","1660.48"
"Madhya Pradesh","Onion","Mar 2020","1180.11"
"Madhya Pradesh","Onion","Apr 2020","671.90"
"Madhya Pradesh","Onion","May 2020","452.03"
"Madhya Pradesh","Onion","Jun 2020","612.70"
"Madhya Pradesh","Onion","Jul 2020","614.72"
"Madhya Pradesh","Onion","Aug 2020","745.86"
"Madhya Pradesh","Onion","Sep 2020","1813.38"
"Madhya Pradesh","Onion","Oct 2020","3181.20"
"Madhya Pradesh","Onion","Nov 2020","2940.64"
"Madhya Pradesh","Onion","Dec 2020","1848.39"
"Madhya Pradesh","Onion","Jan 2021","1802.93"
"Madhya Pradesh","Onion","Feb 2021","2227.75"
"Madhya Pradesh","Onion","Mar 2021","1163.05"
"Madhya Pradesh","Onion","Apr 2021","809.96"
"Madhya Pradesh","Onion","May 2021","1211.77"
"Madhya Pradesh","Onion","Jun 2021","1415.04"
"Madhya Pradesh","Onion","Jul 2021","1374.63"
"Madhya Pradesh","Onion","Aug 2021","1295.46"
"Madhya Pradesh","Onion","Sep 2021","1391.11"
"Madhya Pradesh","Onion","Oct 2021","2244.61"
"Madhya Pradesh","Onion","Nov 2021","1237.16"
"Madhya Pradesh","Onion","Dec 2021","1126.57"
"Madhya Pradesh","Onion","Jan 2022","1398.58"
"Madhya Pradesh","Onion","Feb 2022","1453.76"
"Madhya Pradesh","Onion","Mar 2022","961.26"
"Madhya Pradesh","Onion","Apr 2022","656.54"
"Madhya Pradesh","Onion","May 2022","643.95"
"Madhya Pradesh","Onion","Jun 2022","785.04"
"Madhya Pradesh","Onion","Jul 2022","754.14"
"Madhya Pradesh","Onion","Aug 2022","718.71"
"Madhya Pradesh","Onion","Sep 2022","698.05"
"Madhya Pradesh","Onion","Oct 2022","1221.67"
"Madhya Pradesh","Onion","Nov 2022","982.66"
"Madhya Pradesh","Onion","Dec 2022","893.03"
"Madhya Pradesh","Onion","Jan 2023","1083.30"
"Madhya Pradesh","Onion","Feb 2023","712.96"
"Madhya Pradesh","Onion","Mar 2023","674.38"
"Madhya Pradesh","Onion","Apr 2023","626.22"
"Madhya Pradesh","Onion","May 2023","589.20"
"Madhya Pradesh","Onion","Jun 2023","709.76"
"Madhya Pradesh","Onion","Jul 2023","930.36"
"Madhya Pradesh","Onion","Aug 2023","1355.96"
"Madhya Pradesh","Onion","Sep 2023","1469.34"
"Madhya Pradesh","Onion","Oct 2023","1929.37"
"Madhya Pradesh","Onion","Nov 2023","2948.75"
"Madhya Pradesh","Onion","Dec 2023","1785.80"
"Madhya Pradesh","Onion","Jan 2024","721.70"
"Madhya Pradesh","Onion","Feb 2024","659.46"
"Madhya Pradesh","Onion","Mar 2024","1453.63"
"Madhya Pradesh","Onion","Apr 2024","1199.63"
"Madhya Pradesh","Onion","May 2024","1027.41"
"Madhya Pradesh","Onion","Jun 2024","1934.13"
"Madhya Pradesh","Onion","Jul 2024","2413.74"
"Madhya Pradesh","Onion","Aug 2024","2954.73"
"Madhya Pradesh","Onion","Sep 2024","3439.57"
"Madhya Pradesh","Onion","Oct 2024","3448.16"
"Madhya Pradesh","Onion","Nov 2024","3746.33"
"Madhya Pradesh","Onion","Dec 2024","2656.59"
"Madhya Pradesh","Onion","Jan 2025","1781.20"
"Madhya Pradesh","Onion","Feb 2025","2181.05"
"Madhya Pradesh","Onion","Mar 2025","1491.80"
"Madhya Pradesh","Onion","Apr 2025","870.23"
"Madhya Pradesh","Onion","May 2025","661.05"
"Madhya Pradesh","Onion","Jun 2025","773.94"
"Madhya Pradesh","Onion","Jul 2025","845.26"
"Madhya Pradesh","Onion","Aug 2025","971.94"
"Madhya Pradesh","Onion","Sep 2025","713.46"
"Madhya Pradesh","Onion","Oct 2025","686.38"
"Madhya Pradesh","Onion","Nov 2025","583.11"
"Madhya Pradesh","Onion","Dec 2025","1052.98"
"Madhya Pradesh","Onion","Jan 2026","1216.37"
"Madhya Pradesh","Onion","Feb 2026","988.46"
"Madhya Pradesh","Onion","Mar 2026","877.13"
"Madhya Pradesh","Onion","Apr 2026","842.16"
"Madhya Pradesh","Onion","May 2026","839.30"
"Madhya Pradesh","Onion","Jun 2026","1197.01"
"Madhya Pradesh","Onion","Jul 2026","1598.21"
"Madhya Pradesh","Onion","Aug 2026","2103.48"
"Madhya Pradesh","Onion","Sep 2026","3089.52"
"Madhya Pradesh","Lentil","Oct 2016","4985.71"
"Madhya Pradesh","Lentil","Nov 2016","4959.70"
"Madhya Pradesh","Lentil","Dec 2016","4457.14"
"Madhya Pradesh","Lentil","Jan 2017","4231.88"
"Madhya Pradesh","Lentil","Feb 2017","3778.78"
"Madhya Pradesh","Lentil","Mar 2017","4073.94"
"Madhya Pradesh","Lentil","Apr 2017","3961.13"
"Madhya Pradesh","Lentil","May 2017","3569.64"
"Madhya Pradesh","Lentil","Jun 2017","3392.38"
"Madhya Pradesh","Lentil","Jul 2017","3297.92"
"Madhya Pradesh","Lentil","Aug 2017","3490.38"
"Madhya Pradesh","Lentil","Sep 2017","3353.66"
"Madhya Pradesh","Lentil","Oct 2017","3063.98"
"Madhya Pradesh","Lentil","Nov 2017","3047.76"
"Madhya Pradesh","Lentil","Dec 2017","3123.45"
"Madhya Pradesh","Lentil","Jan 2018","3087.63"
"Madhya Pradesh","Lentil","Feb 2018","3135.85"
"Madhya Pradesh","Lentil","Mar 2018","3157.75"
"Madhya Pradesh","Lentil","Apr 2018","3354.47"
"Madhya Pradesh","Lentil","May 2018","3515.81"
"Madhya Pradesh","Lentil","Jun 2018","3423.37"
"Madhya Pradesh","Lentil","Jul 2018","3415.19"
"Madhya Pradesh","Lentil","Aug 2018","3481.78"
"Madhya Pradesh","Lentil","Sep 2018","3393.10"
"Madhya Pradesh","Lentil","Oct 2018","3376.84"
"Madhya Pradesh","Lentil","Nov 2018","3475.56"
"Madhya Pradesh","Lentil","Dec 2018","3517.06"
"Madhya Pradesh","Lentil","Jan 2019","3779.52"
"Madhya Pradesh","Lentil","Feb 2019","3637.07"
"Madhya Pradesh","Lentil","Mar 2019","3630.03"
"Madhya Pradesh","Lentil","Apr 2019","3770.13"
"Madhya Pradesh","Lentil","May 2019","4038.87"
"Madhya Pradesh","Lentil","Jun 2019","3973.43"
"Madhya Pradesh","Lentil","Jul 2019","3950.85"
"Madhya Pradesh","Lentil","Aug 2019","3917.22"
"Madhya Pradesh","Lentil","Sep 2019","3866.08"
"Madhya Pradesh","Lentil","Oct 2019","3959.42"
"Madhya Pradesh","Lentil","Nov 2019","4166.51"
"Madhya Pradesh","Lentil","Dec 2019","4236.17"
"Madhya Pradesh","Lentil","Jan 2020","4516.64"
"Madhya Pradesh","Lentil","Feb 2020","4241.77"
"Madhya Pradesh","Lentil","Mar 2020","4159.26"
"Madhya Pradesh","Lentil","Apr 2020","4918.35"
"Madhya Pradesh","Lentil","May 2020","4942.83"
"Madhya Pradesh","Lentil","Jun 2020","5116.83"
"Madhya Pradesh","Lentil","Jul 2020","5160.57"
"Madhya Pradesh","Lentil","Aug 2020","5274.83"
"Madhya Pradesh","Lentil","Sep 2020","5370.14"
"Madhya Pradesh","Lentil","Oct 2020","5309.12"
"Madhya Pradesh","Lentil","Nov 2020","5110.85"
"Madhya Pradesh","Lentil","Dec 2020","4876.00"
"Madhya Pradesh","Lentil","Jan 2021","4855.33"
"Madhya Pradesh","Lentil","Feb 2021","4961.00"
"Madhya Pradesh","Lentil","Mar 2021","5129.01"
"Madhya Pradesh","Lentil","Apr 2021","5573.44"
"Madhya Pradesh","Lentil","May 2021","5973.40"
"Madhya Pradesh","Lentil","Jun 2021","5794.21"
"Madhya Pradesh","Lentil","Jul 2021","5876.66"
"Madhya Pradesh","Lentil","Aug 2021","6431.92"
"Madhya Pradesh","Lentil","Sep 2021","6780.17"
"Madhya Pradesh","Lentil","Oct 2021","6640.80"
"Madhya Pradesh","Lentil","Nov 2021","6626.09"
"Madhya Pradesh","Lentil","Dec 2021","6435.73"
"Madhya Pradesh","Lentil","Jan 2022","6460.38"
"Madhya Pradesh","Lentil","Feb 2022","6349.64"
"Madhya Pradesh","Lentil","Mar 2022","5988.00"
"Madhya Pradesh","Lentil","Apr 2022","6221.07"
"Madhya Pradesh","Lentil","May 2022","6204.29"
"Madhya Pradesh","Lentil","Jun 2022","6203.67"
"Madhya Pradesh","Lentil","Jul 2022","6355.78"
"Madhya Pradesh","Lentil","Aug 2022","6194.46"
"Madhya Pradesh","Lentil","Sep 2022","5909.68"
"Madhya Pradesh","Lentil","Oct 2022","6248.67"
"Madhya Pradesh","Lentil","Nov 2022","6170.04"
"Madhya Pradesh","Lentil","Dec 2022","5657.48"
"Madhya Pradesh","Lentil","Jan 2023","5962.04"
"Madhya Pradesh","Lentil","Feb 2023","5497.33"
"Madhya Pradesh","Lentil","Mar 2023","5493.22"
"Madhya Pradesh","Lentil","Apr 2023","5399.72"
"Madhya Pradesh","Lentil","May 2023","5385.82"
"Madhya Pradesh","Lentil","Jun 2023","5363.76"
"Madhya Pradesh","Lentil","Jul 2023","5474.58"
"Madhya Pradesh","Lentil","Aug 2023","5846.39"
"Madhya Pradesh","Lentil","Sep 2023","6034.72"
"Madhya Pradesh","Lentil","Oct 2023","5924.46"
"Madhya Pradesh","Lentil","Nov 2023","5844.26"
"Madhya Pradesh","Lentil","Dec 2023","5595.80"
"Madhya Pradesh","Lentil","Jan 2024","5702.34"
"Madhya Pradesh","Lentil","Feb 2024","5497.01"
"Madhya Pradesh","Lentil","Mar 2024","5555.97"
"Madhya Pradesh","Lentil","Apr 2024","5580.26"
"Madhya Pradesh","Lentil","May 2024","5819.32"
"Madhya Pradesh","Lentil","Jun 2024","5906.17"
"Madhya Pradesh","Lentil","Jul 2024","5980.08"
"Madhya Pradesh","Lentil","Aug 2024","6084.04"
"Madhya Pradesh","Lentil","Sep 2024","5834.49"
"Madhya Pradesh","Lentil","Oct 2024","5919.44"
"Madhya Pradesh","Lentil","Nov 2024","5827.51"
"Madhya Pradesh","Lentil","Dec 2024","5828.27"
"Madhya Pradesh","Lentil","Jan 2025","5852.31"
"Madhya Pradesh","Lentil","Feb 2025","5783.87"
"Madhya Pradesh","Lentil","Mar 2025","5840.26"
"Madhya Pradesh","Lentil","Apr 2025","6020.16"
"Madhya Pradesh","Lentil","May 2025","6273.53"
"Madhya Pradesh","Lentil","Jun 2025","6165.29"
"Madhya Pradesh","Lentil","Jul 2025","6655.09"
"Madhya Pradesh","Lentil","Aug 2025","6922.54"
"Madhya Pradesh","Lentil","Sep 2025","6511.81"
"Madhya Pradesh","Lentil","Oct 2025","6270.68"
"Madhya Pradesh","Lentil","Nov 2025","6403.08"
"Madhya Pradesh","Lentil","Dec 2025","6206.54"
"Madhya Pradesh","Lentil","Jan 2026","5912.42"
"Madhya Pradesh","Lentil","Feb 2026","6028.35"
"Madhya Pradesh","Lentil","Mar 2026","6114.31"
"Madhya Pradesh","Lentil","Apr 2026","6774.30"
"Madhya Pradesh","Lentil","May 2026","6874.61"
"Madhya Pradesh","Lentil","Jun 2026","6523.70"
"Madhya Pradesh","Lentil","Jul 2026","6923.65"
"Madhya Pradesh","Lentil","Aug 2026","6355.92"
"Madhya Pradesh","Lentil","Sep 2026","6624.20"
"Madhya Pradesh","Groundnut","Oct 2016","3624.51"
"Madhya Pradesh","Groundnut","Nov 2016","3868.87"
"Madhya Pradesh","Groundnut","Dec 2016","3743.38"
"Madhya Pradesh","Groundnut","Jan 2017","3874.82"
"Madhya Pradesh","Groundnut","Feb 2017","3715.84"
"Madhya Pradesh","Groundnut","Mar 2017","4133.29"
"Madhya Pradesh","Groundnut","Apr 2017","4218.28"
"Madhya Pradesh","Groundnut","May 2017","4112.65"
"Madhya Pradesh","Groundnut","Jun 2017","3516.82"
"Madhya Pradesh","Groundnut","Jul 2017","3197.10"
"Madhya Pradesh","Groundnut","Aug 2017","2964.45"
"Madhya Pradesh","Groundnut","Sep 2017","2751.47"
"Madhya Pradesh","Groundnut","Oct 2017","3555.24"
"Madhya Pradesh","Groundnut","Nov 2017","3276.63"
"Madhya Pradesh","Groundnut","Dec 2017","3266.28"
"Madhya Pradesh","Groundnut","Jan 2018","3488.01"
"Madhya Pradesh","Groundnut","Feb 2018","3377.30"
"Madhya Pradesh","Groundnut","Mar 2018","3247.47"
"Madhya Pradesh","Groundnut","Apr 2018","3128.16"
"Madhya Pradesh","Groundnut","May 2018","3247.82"
"Madhya Pradesh","Groundnut","Jun 2018","1822.43"
"Madhya Pradesh","Groundnut","Jul 2018","3126.52"
"Madhya Pradesh","Groundnut","Aug 2018","3435.91"
"Madhya Pradesh","Groundnut","Sep 2018","2854.63"
"Madhya Pradesh","Groundnut","Oct 2018","3979.96"
"Madhya Pradesh","Groundnut","Nov 2018","3814.89"
"Madhya Pradesh","Groundnut","Dec 2018","3735.23"
"Madhya Pradesh","Groundnut","Jan 2019","3723.36"
"Madhya Pradesh","Groundnut","Feb 2019","3622.21"
"Madhya Pradesh","Groundnut","Mar 2019","3792.74"
"Madhya Pradesh","Groundnut","Apr 2019","4096.21"
"Madhya Pradesh","Groundnut","May 2019","4507.56"
"Madhya Pradesh","Groundnut","Jun 2019","3850.40"
"Madhya Pradesh","Groundnut","Jul 2019","4523.30"
"Madhya Pradesh","Groundnut","Aug 2019","5041.18"
"Madhya Pradesh","Groundnut","Sep 2019","4603.05"
"Madhya Pradesh","Groundnut","Oct 2019","4013.65"
"Madhya Pradesh","Groundnut","Nov 2019","3850.28"
"Madhya Pradesh","Groundnut","Dec 2019","3913.71"
"Madhya Pradesh","Groundnut","Jan 2020","4238.37"
"Madhya Pradesh","Groundnut","Feb 2020","4220.58"
"Madhya Pradesh","Groundnut","Mar 2020","4411.73"
"Madhya Pradesh","Groundnut","May 2020","4817.59"
"Madhya Pradesh","Groundnut","Jun 2020","4636.40"
"Madhya Pradesh","Groundnut","Sep 2020","2500.00"
"Madhya Pradesh","Groundnut","Oct 2020","4222.13"
"Madhya Pradesh","Groundnut","Nov 2020","4370.85"
"Madhya Pradesh","Groundnut","Dec 2020","4543.56"
"Madhya Pradesh","Groundnut","Jan 2021","5031.93"
"Madhya Pradesh","Groundnut","Feb 2021","5104.54"
"Madhya Pradesh","Groundnut","Mar 2021","5116.04"
"Madhya Pradesh","Groundnut","Apr 2021","5500.00"
"Madhya Pradesh","Groundnut","May 2021","4729.39"
"Madhya Pradesh","Groundnut","Jun 2021","4720.63"
"Madhya Pradesh","Groundnut","Jul 2021","4873.47"
"Madhya Pradesh","Groundnut","Sep 2021","5100.00"
"Madhya Pradesh","Groundnut","Oct 2021","5173.80"
"Madhya Pradesh","Groundnut","Nov 2021","4916.33"
"Madhya Pradesh","Groundnut","Dec 2021","4885.38"
"Madhya Pradesh","Groundnut","Jan 2022","4656.53"
"Madhya Pradesh","Groundnut","Feb 2022","4648.66"
"Madhya Pradesh","Groundnut","Mar 2022","4916.02"
"Madhya Pradesh","Groundnut","Apr 2022","4818.92"
"Madhya Pradesh","Groundnut","May 2022","4787.85"
"Madhya Pradesh","Groundnut","Jun 2022","4849.51"
"Madhya Pradesh","Groundnut","Jul 2022","4922.22"
"Madhya Pradesh","Groundnut","Aug 2022","4925.63"
"Madhya Pradesh","Groundnut","Sep 2022","4407.27"
"Madhya Pradesh","Groundnut","Oct 2022","4946.32"
"Madhya Pradesh","Groundnut","Nov 2022","4832.31"
"Madhya Pradesh","Groundnut","Dec 2022","5315.22"
"Madhya Pradesh","Groundnut","Jan 2023","5790.30"
"Madhya Pradesh","Groundnut","Feb 2023","6271.32"
"Madhya Pradesh","Groundnut","Mar 2023","6015.72"
"Madhya Pradesh","Groundnut","Apr 2023","5925.26"
"Madhya Pradesh","Groundnut","May 2023","6045.21"
"Madhya Pradesh","Groundnut","Jun 2023","5643.82"
"Madhya Pradesh","Groundnut","Jul 2023","6047.51"
"Madhya Pradesh","Groundnut","Aug 2023","5493.21"
"Madhya Pradesh","Groundnut","Sep 2023","3398.29"
"Madhya Pradesh","Groundnut","Oct 2023","4981.35"
"Madhya Pradesh","Groundnut","Nov 2023","5370.55"
"Madhya Pradesh","Groundnut","Dec 2023","5685.33"
"Madhya Pradesh","Groundnut","Jan 2024","8774.11"
"Madhya Pradesh","Groundnut","Feb 2024","5038.65"
"Madhya Pradesh","Groundnut","Mar 2024","5228.28"
"Madhya Pradesh","Groundnut","Apr 2024","5596.92"
"Madhya Pradesh","Groundnut","May 2024","5968.01"
"Madhya Pradesh","Groundnut","Jun 2024","5737.57"
"Madhya Pradesh","Groundnut","Jul 2024","5333.98"
"Madhya Pradesh","Groundnut","Aug 2024","5295.07"
"Madhya Pradesh","Groundnut","Sep 2024","5681.20"
"Madhya Pradesh","Groundnut","Oct 2024","4767.56"
"Madhya Pradesh","Groundnut","Nov 2024","4346.11"
"Madhya Pradesh","Groundnut","Dec 2024","4266.83"
"Madhya Pradesh","Groundnut","Jan 2025","4218.96"
"Madhya Pradesh","Groundnut","Feb 2025","4145.78"
"Madhya Pradesh","Groundnut","Mar 2025","4452.97"
"Madhya Pradesh","Groundnut","Apr 2025","4684.79"
"Madhya Pradesh","Groundnut","May 2025","4869.33"
"Madhya Pradesh","Groundnut","Jun 2025","5024.23"
"Madhya Pradesh","Groundnut","Jul 2025","4998.38"
"Madhya Pradesh","Groundnut","Aug 2025","4926.88"
"Madhya Pradesh","Groundnut","Sep 2025","5891.89"
"Madhya Pradesh","Groundnut","Oct 2025","4639.45"
"Madhya Pradesh","Groundnut","Nov 2025","4959.58"
"Madhya Pradesh","Groundnut","Dec 2025","5674.93"
"Madhya Pradesh","Groundnut","Jan 2026","6200.70"
"Madhya Pradesh","Groundnut","Feb 2026","6589.55"
"Madhya Pradesh","Groundnut","Mar 2026","6387.14"
"Madhya Pradesh","Groundnut","Apr 2026","6520.81"
"Madhya Pradesh","Groundnut","May 2026","6949.47"
"Madhya Pradesh","Groundnut","Jun 2026","7006.66"
"Madhya Pradesh","Groundnut","Jul 2026","7413.59"
"Madhya Pradesh","Groundnut","Aug 2026","7479.87"
"Madhya Pradesh","Groundnut","Sep 2026","7491.91"
"Madhya Pradesh","Tobacco","Oct 2016","5709.54"
"Madhya Pradesh","Tobacco","Jan 2017","4442.52"
"Madhya Pradesh","Tobacco","Mar 2017","5024.39"
"Madhya Pradesh","Tobacco","Apr 2017","6400.00"
"Madhya Pradesh","Tobacco","Sep 2017","4226.11"
"Madhya Pradesh","Tobacco","Oct 2017","1661.46"
"Madhya Pradesh","Tobacco","Aug 2022","5000.00"
"Madhya Pradesh","Tobacco","Dec 2022","5000.00"
"Madhya Pradesh","Tobacco","Jan 2023","5000.00"
"Madhya Pradesh","Tobacco","Aug 2023","3307.00"
"Madhya Pradesh","Tobacco","Aug 2024","2294.02"
"Madhya Pradesh","Tobacco","Sep 2024","9136.95"
"Madhya Pradesh","Tobacco","Oct 2024","3482.63"
"Madhya Pradesh","Tobacco","Nov 2024","4286.65"
"Madhya Pradesh","Tobacco","Dec 2024","15521.10"
"Madhya Pradesh","Tobacco","Jan 2025","3621.06"
"Madhya Pradesh","Tobacco","Feb 2025","1753.53"
"Madhya Pradesh","Tobacco","Mar 2025","1506.00"
"Madhya Pradesh","Tobacco","Apr 2025","3879.77"
"Madhya Pradesh","Tobacco","May 2025","4732.15"
"Madhya Pradesh","Tobacco","Jun 2025","6500.00"
"Madhya Pradesh","Tobacco","Jul 2025","4407.69"
"Madhya Pradesh","Tobacco","Aug 2025","3946.82"
"Madhya Pradesh","Tobacco","Sep 2025","6953.10"
"Madhya Pradesh","Tobacco","Oct 2025","2743.00"
"Madhya Pradesh","Tobacco","Nov 2025","4376.34"
"Madhya Pradesh","Tobacco","Dec 2025","3919.16"
"Madhya Pradesh","Tobacco","Jan 2026","5182.71"
"Madhya Pradesh","Tobacco","Feb 2026","5500.00"
"Madhya Pradesh","Tobacco","Mar 2026","6388.57"
"Madhya Pradesh","Tobacco","Apr 2026","5771.23"
"Madhya Pradesh","Tobacco","May 2026","6820.52"
"Madhya Pradesh","Tobacco","Jun 2026","2242.70"
"Madhya Pradesh","Tobacco","Jul 2026","7394.16"
"Madhya Pradesh","Tobacco","Aug 2026","213.80"
"Madhya Pradesh","Cotton","Nov 2016","4446.71"
"Madhya Pradesh","Cotton","Jan 2017","3500.00"
"Madhya Pradesh","Cotton","Feb 2017","5200.00"
"Madhya Pradesh","Cotton","Sep 2024","4540.00"
"Madhya Pradesh","Cotton","Oct 2025","6771.00"
"Madhya Pradesh","Ragi","Jan 2017","1709.09"
"Madhya Pradesh","Ragi","Jun 2018","2900.00"
"Madhya Pradesh","Ragi","Aug 2019","3575.00"
"Madhya Pradesh","Ragi","Jul 2024","2725.00"
"Madhya Pradesh","Ragi","Nov 2024","2273.36"
"Madhya Pradesh","Ragi","Feb 2025","2800.00"
"Madhya Pradesh","Masur/Lentil (Dal/Split)","Mar 2017","3996.57"
"Madhya Pradesh","Masur/Lentil (Dal/Split)","Apr 2017","3963.13"
"Madhya Pradesh","Masur/Lentil (Dal/Split)","Jun 2017","3488.29"
"Madhya Pradesh","Masur/Lentil (Dal/Split)","Jul 2017","3451.82"
"Madhya Pradesh","Masur/Lentil (Dal/Split)","Aug 2017","3236.14"
"Madhya Pradesh","Masur/Lentil (Dal/Split)","Sep 2017","3162.52"
"Madhya Pradesh","Masur/Lentil (Dal/Split)","Oct 2017","2613.61"
"Madhya Pradesh","Masur/Lentil (Dal/Split)","Nov 2017","3702.49"
"Madhya Pradesh","Masur/Lentil (Dal/Split)","Dec 2017","2735.03"
"Madhya Pradesh","Masur/Lentil (Dal/Split)","Jan 2018","2947.97"
"Madhya Pradesh","Masur/Lentil (Dal/Split)","Feb 2018","3094.90"
"Madhya Pradesh","Masur/Lentil (Dal/Split)","Mar 2018","2948.89"
"Madhya Pradesh","Masur/Lentil (Dal/Split)","Apr 2018","3934.28"
"Madhya Pradesh","Masur/Lentil (Dal/Split)","May 2018","3694.90"
"Madhya Pradesh","Masur/Lentil (Dal/Split)","Jun 2018","3905.36"
"Madhya Pradesh","Masur/Lentil (Dal/Split)","Jul 2018","3226.98"
"Madhya Pradesh","Masur/Lentil (Dal/Split)","Aug 2018","3364.88"
"Madhya Pradesh","Masur/Lentil (Dal/Split)","Sep 2018","3375.88"
"Madhya Pradesh","Masur/Lentil (Dal/Split)","Oct 2018","3380.71"
"Madhya Pradesh","Masur/Lentil (Dal/Split)","Nov 2018","3350.94"
"Madhya Pradesh","Masur/Lentil (Dal/Split)","Dec 2018","3425.76"
"Madhya Pradesh","Masur/Lentil (Dal/Split)","Jan 2019","3601.70"
"Madhya Pradesh","Masur/Lentil (Dal/Split)","Feb 2019","3597.37"
"Madhya Pradesh","Masur/Lentil (Dal/Split)","Mar 2019","3583.20"
"Madhya Pradesh","Masur/Lentil (Dal/Split)","Apr 2019","3746.56"
"Madhya Pradesh","Masur/Lentil (Dal/Split)","May 2019","3917.94"
"Madhya Pradesh","Masur/Lentil (Dal/Split)","Jun 2019","3786.67"
"Madhya Pradesh","Masur/Lentil (Dal/Split)","Jul 2019","3740.66"
"Madhya Pradesh","Masur/Lentil (Dal/Split)","Aug 2019","3719.05"
"Madhya Pradesh","Masur/Lentil (Dal/Split)","Sep 2019","3719.02"
"Madhya Pradesh","Masur/Lentil (Dal/Split)","Oct 2019","3925.31"
"Madhya Pradesh","Masur/Lentil (Dal/Split)","Nov 2019","3981.68"
"Madhya Pradesh","Masur/Lentil (Dal/Split)","Dec 2019","3988.60"
"Madhya Pradesh","Masur/Lentil (Dal/Split)","Jan 2020","4483.39"
"Madhya Pradesh","Masur/Lentil (Dal/Split)","Feb 2020","4187.59"
"Madhya Pradesh","Masur/Lentil (Dal/Split)","Mar 2020","4012.86"
"Madhya Pradesh","Masur/Lentil (Dal/Split)","Apr 2020","4788.75"
"Madhya Pradesh","Masur/Lentil (Dal/Split)","May 2020","4767.43"
"Madhya Pradesh","Masur/Lentil (Dal/Split)","Jun 2020","4934.29"
"Madhya Pradesh","Masur/Lentil (Dal/Split)","Jul 2020","5048.13"
"Madhya Pradesh","Masur/Lentil (Dal/Split)","Aug 2020","5208.23"
"Madhya Pradesh","Masur/Lentil (Dal/Split)","Sep 2020","5292.68"
"Madhya Pradesh","Masur/Lentil (Dal/Split)","Oct 2020","5129.22"
"Madhya Pradesh","Masur/Lentil (Dal/Split)","Nov 2020","4569.41"
"Madhya Pradesh","Masur/Lentil (Dal/Split)","Dec 2020","4677.22"
"Madhya Pradesh","Masur/Lentil (Dal/Split)","Jan 2021","3875.40"
"Madhya Pradesh","Masur/Lentil (Dal/Split)","Feb 2021","4702.87"
"Madhya Pradesh","Masur/Lentil (Dal/Split)","Mar 2021","5160.97"
"Madhya Pradesh","Masur/Lentil (Dal/Split)","Apr 2021","5527.77"
"Madhya Pradesh","Masur/Lentil (Dal/Split)","May 2021","5631.85"
"Madhya Pradesh","Masur/Lentil (Dal/Split)","Jun 2021","5463.22"
"Madhya Pradesh","Masur/Lentil (Dal/Split)","Jul 2021","5627.66"
"Madhya Pradesh","Masur/Lentil (Dal/Split)","Aug 2021","6180.03"
"Madhya Pradesh","Masur/Lentil (Dal/Split)","Sep 2021","6551.57"
"Madhya Pradesh","Masur/Lentil (Dal/Split)","Oct 2021","6468.31"
"Madhya Pradesh","Masur/Lentil (Dal/Split)","Nov 2021","6069.97"
"Madhya Pradesh","Masur/Lentil (Dal/Split)","Dec 2021","6012.53"
"Madhya Pradesh","Masur/Lentil (Dal/Split)","Jan 2022","6493.90"
"Madhya Pradesh","Masur/Lentil (Dal/Split)","Feb 2022","5818.89"
"Madhya Pradesh","Masur/Lentil (Dal/Split)","Mar 2022","5816.48"
"Madhya Pradesh","Masur/Lentil (Dal/Split)","Apr 2022","5984.21"
"Madhya Pradesh","Masur/Lentil (Dal/Split)","May 2022","5854.42"
"Madhya Pradesh","Masur/Lentil (Dal/Split)","Jun 2022","6016.45"
"Madhya Pradesh","Masur/Lentil (Dal/Split)","Jul 2022","5934.28"
"Madhya Pradesh","Masur/Lentil (Dal/Split)","Aug 2022","5772.85"
"Madhya Pradesh","Masur/Lentil (Dal/Split)","Sep 2022","5481.66"
"Madhya Pradesh","Masur/Lentil (Dal/Split)","Oct 2022","6004.89"
"Madhya Pradesh","Masur/Lentil (Dal/Split)","Nov 2022","5742.48"
"Madhya Pradesh","Masur/Lentil (Dal/Split)","Dec 2022","5739.06"
"Madhya Pradesh","Masur/Lentil (Dal/Split)","Jan 2023","5662.14"
"Madhya Pradesh","Masur/Lentil (Dal/Split)","Feb 2023","5192.46"
"Madhya Pradesh","Masur/Lentil (Dal/Split)","Mar 2023","3946.20"
"Madhya Pradesh","Masur/Lentil (Dal/Split)","Apr 2023","5349.57"
"Madhya Pradesh","Masur/Lentil (Dal/Split)","May 2023","5180.23"
"Madhya Pradesh","Masur/Lentil (Dal/Split)","Jun 2023","5139.02"
"Madhya Pradesh","Masur/Lentil (Dal/Split)","Jul 2023","5245.21"
"Madhya Pradesh","Masur/Lentil (Dal/Split)","Aug 2023","5540.93"
"Madhya Pradesh","Masur/Lentil (Dal/Split)","Sep 2023","5984.52"
"Madhya Pradesh","Masur/Lentil (Dal/Split)","Oct 2023","5700.15"
"Madhya Pradesh","Masur/Lentil (Dal/Split)","Nov 2023","5616.71"
"Madhya Pradesh","Masur/Lentil (Dal/Split)","Dec 2023","5404.27"
"Madhya Pradesh","Moong (Dal/Split)","Jun 2017","5225.00"
"Madhya Pradesh","Moong (Dal/Split)","Jul 2017","4518.29"
"Madhya Pradesh","Moong (Dal/Split)","Aug 2017","4538.22"
"Madhya Pradesh","Moong (Dal/Split)","Sep 2017","4055.67"
"Madhya Pradesh","Moong (Dal/Split)","Oct 2017","3613.09"
"Madhya Pradesh","Moong (Dal/Split)","Nov 2017","3786.91"
"Madhya Pradesh","Moong (Dal/Split)","Dec 2017","3663.31"
"Madhya Pradesh","Moong (Dal/Split)","Jan 2018","4088.73"
"Madhya Pradesh","Moong (Dal/Split)","Feb 2018","4536.38"
"Madhya Pradesh","Moong (Dal/Split)","Mar 2018","4088.81"
"Madhya Pradesh","Moong (Dal/Split)","Apr 2018","4749.71"
"Madhya Pradesh","Moong (Dal/Split)","May 2018","4867.11"
"Madhya Pradesh","Moong (Dal/Split)","Jun 2018","4843.14"
"Madhya Pradesh","Moong (Dal/Split)","Jul 2018","4810.01"
"Madhya Pradesh","Moong (Dal/Split)","Aug 2018","4091.69"
"Madhya Pradesh","Moong (Dal/Split)","Sep 2018","4276.93"
"Madhya Pradesh","Moong (Dal/Split)","Oct 2018","3532.98"
"Madhya Pradesh","Moong (Dal/Split)","Nov 2018","3882.18"
"Madhya Pradesh","Moong (Dal/Split)","Dec 2018","4038.63"
"Madhya Pradesh","Moong (Dal/Split)","Jan 2019","4828.35"
"Madhya Pradesh","Moong (Dal/Split)","Feb 2019","4571.96"
"Madhya Pradesh","Moong (Dal/Split)","Mar 2019","3897.31"
"Madhya Pradesh","Moong (Dal/Split)","Apr 2019","4274.93"
"Madhya Pradesh","Moong (Dal/Split)","May 2019","4839.53"
"Madhya Pradesh","Moong (Dal/Split)","Jun 2019","5618.59"
"Madhya Pradesh","Moong (Dal/Split)","Jul 2019","4210.37"
"Madhya Pradesh","Moong (Dal/Split)","Aug 2019","5035.66"
"Madhya Pradesh","Moong (Dal/Split)","Sep 2019","4243.23"
"Madhya Pradesh","Moong (Dal/Split)","Oct 2019","4490.58"
"Madhya Pradesh","Moong (Dal/Split)","Nov 2019","4548.81"
"Madhya Pradesh","Moong (Dal/Split)","Dec 2019","4759.26"
"Madhya Pradesh","Moong (Dal/Split)","Jan 2020","4632.02"
"Madhya Pradesh","Moong (Dal/Split)","Mar 2020","5826.36"
"Madhya Pradesh","Moong (Dal/Split)","Aug 2020","4968.05"
"Madhya Pradesh","Moong (Dal/Split)","Sep 2020","6109.38"
"Madhya Pradesh","Moong (Dal/Split)","Nov 2020","6140.00"
"Madhya Pradesh","Moong (Dal/Split)","Dec 2020","7215.47"
"Madhya Pradesh","Moong (Dal/Split)","Jan 2021","6709.66"
"Madhya Pradesh","Moong (Dal/Split)","Feb 2021","5016.94"
"Madhya Pradesh","Moong (Dal/Split)","Mar 2021","5771.57"
"Madhya Pradesh","Moong (Dal/Split)","Jun 2021","7078.82"
"Madhya Pradesh","Moong (Dal/Split)","Jul 2021","6171.85"
"Madhya Pradesh","Moong (Dal/Split)","Aug 2021","6023.10"
"Madhya Pradesh","Moong (Dal/Split)","Sep 2021","6051.71"
"Madhya Pradesh","Moong (Dal/Split)","Oct 2021","6087.60"
"Madhya Pradesh","Moong (Dal/Split)","Nov 2021","6239.60"
"Madhya Pradesh","Moong (Dal/Split)","Dec 2021","6240.21"
"Madhya Pradesh","Moong (Dal/Split)","Jan 2022","5648.95"
"Madhya Pradesh","Moong (Dal/Split)","Feb 2022","6671.72"
"Madhya Pradesh","Moong (Dal/Split)","Mar 2022","5137.81"
"Madhya Pradesh","Moong (Dal/Split)","Apr 2022","6675.04"
"Madhya Pradesh","Moong (Dal/Split)","May 2022","6243.80"
"Madhya Pradesh","Moong (Dal/Split)","Jun 2022","5757.77"
"Madhya Pradesh","Moong (Dal/Split)","Jul 2022","5828.05"
"Madhya Pradesh","Moong (Dal/Split)","Aug 2022","6088.64"
"Madhya Pradesh","Moong (Dal/Split)","Sep 2022","5048.11"
"Madhya Pradesh","Moong (Dal/Split)","Oct 2022","6226.63"
"Madhya Pradesh","Moong (Dal/Split)","Nov 2022","6419.12"
"Madhya Pradesh","Moong (Dal/Split)","Dec 2022","6283.03"
"Madhya Pradesh","Moong (Dal/Split)","Jan 2023","6920.74"
"Madhya Pradesh","Moong (Dal/Split)","Feb 2023","6787.99"
"Madhya Pradesh","Moong (Dal/Split)","Mar 2023","7635.69"
"Madhya Pradesh","Moong (Dal/Split)","Apr 2023","7314.01"
"Madhya Pradesh","Moong (Dal/Split)","May 2023","6992.82"
"Madhya Pradesh","Moong (Dal/Split)","Jun 2023","7131.99"
"Madhya Pradesh","Moong (Dal/Split)","Jul 2023","7028.54"
"Madhya Pradesh","Moong (Dal/Split)","Aug 2023","7008.34"
"Madhya Pradesh","Moong (Dal/Split)","Sep 2023","2847.28"
"Madhya Pradesh","Moong (Dal/Split)","Oct 2023","8958.94"
"Madhya Pradesh","Moong (Dal/Split)","Nov 2023","7101.29"
"Madhya Pradesh","Moong (Dal/Split)","Dec 2023","7052.63"
"Madhya Pradesh","Moong (Dal/Split)","Aug 2024","6050.25"
"Madhya Pradesh","Moong (Dal/Split)","Sep 2024","7342.23"
"Madhya Pradesh","Moong (Dal/Split)","Oct 2024","6819.06"
"Madhya Pradesh","Moong (Dal/Split)","Nov 2024","7320.60"
"Madhya Pradesh","Moong (Dal/Split)","Dec 2024","6963.85"
"Madhya Pradesh","Moong (Dal/Split)","Jan 2025","7187.07"
"Madhya Pradesh","Moong (Dal/Split)","Feb 2025","7200.85"
"Madhya Pradesh","Moong (Dal/Split)","Mar 2025","7050.19"
"Madhya Pradesh","Moong (Dal/Split)","Apr 2025","7168.76"
"Madhya Pradesh","Moong (Dal/Split)","May 2025","7156.55"
"Madhya Pradesh","Moong (Dal/Split)","Jun 2025","6313.97"
"Madhya Pradesh","Moong (Dal/Split)","Jul 2025","6675.89"
"Madhya Pradesh","Moong (Dal/Split)","Aug 2025","6488.75"
"Madhya Pradesh","Sunflower","Dec 2017","1881.00"
"Madhya Pradesh","Sunflower","Feb 2024","4270.00"
"Madhya Pradesh","Sunflower","Mar 2024","3801.00"
"Madhya Pradesh","Sunflower","Jun 2024","4650.00"
"Madhya Pradesh","Sunflower","Aug 2024","4307.50"
"Madhya Pradesh","Sunflower","Sep 2024","3785.00"
"Madhya Pradesh","Sunflower","Oct 2024","3937.92"
"Madhya Pradesh","Sunflower","Nov 2024","4253.45"
"Madhya Pradesh","Sunflower","Feb 2026","6500.00"
"Madhya Pradesh","Sunflower","May 2026","6594.69"
"Madhya Pradesh","Wheat Atta","Oct 2018","1800.00"
"Madhya Pradesh","Wheat Atta","Nov 2019","1970.00"
"Madhya Pradesh","Wheat Atta","Apr 2023","1960.00"
"Madhya Pradesh","Sugarcane","Apr 2024","3211.00"