"State","Crop","Calendar","Mandi Modal Price (AgMarknet)"
"Uttar Pradesh","Onion","Oct 2016","838.27"
"Uttar Pradesh","Onion","Nov 2016","892.82"
"Uttar Pradesh","Onion","Dec 2016","900.85"
"Uttar Pradesh","Onion","Jan 2017","855.88"
"Uttar Pradesh","Onion","Feb 2017","869.15"
"Uttar Pradesh","Onion","Mar 2017","866.34"
"Uttar Pradesh","Onion","Apr 2017","896.43"
"Uttar Pradesh","Onion","May 2017","763.46"
"Uttar Pradesh","Onion","Jun 2017","770.03"
"Uttar Pradesh","Onion","Jul 2017","773.99"
"Uttar Pradesh","Onion","Aug 2017","1754.46"
"Uttar Pradesh","Onion","Sep 2017","1717.95"
"Uttar Pradesh","Onion","Oct 2017","2021.71"
"Uttar Pradesh","Onion","Nov 2017","2600.34"
"Uttar Pradesh","Onion","Dec 2017","2919.20"
"Uttar Pradesh","Onion","Jan 2018","2908.98"
"Uttar Pradesh","Onion","Feb 2018","2182.96"
"Uttar Pradesh","Onion","Mar 2018","1474.13"
"Uttar Pradesh","Onion","Apr 2018","1062.11"
"Uttar Pradesh","Onion","May 2018","933.90"
"Uttar Pradesh","Onion","Jun 2018","986.61"
"Uttar Pradesh","Onion","Jul 2018","1461.84"
"Uttar Pradesh","Onion","Aug 2018","1469.94"
"Uttar Pradesh","Onion","Sep 2018","1334.10"
"Uttar Pradesh","Onion","Oct 2018","1367.32"
"Uttar Pradesh","Onion","Nov 2018","1430.65"
"Uttar Pradesh","Onion","Dec 2018","1066.70"
"Uttar Pradesh","Onion","Jan 2019","934.51"
"Uttar Pradesh","Onion","Feb 2019","869.29"
"Uttar Pradesh","Onion","Mar 2019","845.49"
"Uttar Pradesh","Onion","Apr 2019","872.81"
"Uttar Pradesh","Onion","May 2019","968.50"
"Uttar Pradesh","Onion","Jun 2019","1055.71"
"Uttar Pradesh","Onion","Jul 2019","1296.64"
"Uttar Pradesh","Onion","Aug 2019","1585.20"
"Uttar Pradesh","Onion","Sep 2019","2538.73"
"Uttar Pradesh","Onion","Oct 2019","3377.52"
"Uttar Pradesh","Onion","Nov 2019","3889.02"
"Uttar Pradesh","Onion","Dec 2019","4711.02"
"Uttar Pradesh","Onion","Jan 2020","4313.32"
"Uttar Pradesh","Onion","Feb 2020","2669.50"
"Uttar Pradesh","Onion","Mar 2020","2083.63"
"Uttar Pradesh","Onion","Apr 2020","1519.54"
"Uttar Pradesh","Onion","May 2020","1029.31"
"Uttar Pradesh","Onion","Jun 2020","999.37"
"Uttar Pradesh","Onion","Jul 2020","1170.55"
"Uttar Pradesh","Onion","Aug 2020","1192.82"
"Uttar Pradesh","Onion","Sep 2020","1868.83"
"Uttar Pradesh","Onion","Oct 2020","3194.61"
"Uttar Pradesh","Onion","Nov 2020","3793.76"
"Uttar Pradesh","Onion","Dec 2020","2748.96"
"Uttar Pradesh","Onion","Jan 2021","2526.88"
"Uttar Pradesh","Onion","Feb 2021","2947.97"
"Uttar Pradesh","Onion","Mar 2021","2280.00"
"Uttar Pradesh","Onion","Apr 2021","1400.86"
"Uttar Pradesh","Onion","May 2021","1449.44"
"Uttar Pradesh","Onion","Jun 2021","1668.91"
"Uttar Pradesh","Onion","Jul 2021","2028.98"
"Uttar Pradesh","Onion","Aug 2021","2048.26"
"Uttar Pradesh","Onion","Sep 2021","1956.81"
"Uttar Pradesh","Onion","Oct 2021","2510.13"
"Uttar Pradesh","Onion","Nov 2021","2380.63"
"Uttar Pradesh","Onion","Dec 2021","1796.22"
"Uttar Pradesh","Onion","Jan 2022","1902.40"
"Uttar Pradesh","Onion","Feb 2022","2147.40"
"Uttar Pradesh","Onion","Mar 2022","2095.05"
"Uttar Pradesh","Onion","Apr 2022","1405.07"
"Uttar Pradesh","Onion","May 2022","1230.37"
"Uttar Pradesh","Onion","Jun 2022","1223.82"
"Uttar Pradesh","Onion","Jul 2022","1399.84"
"Uttar Pradesh","Onion","Aug 2022","1416.74"
"Uttar Pradesh","Onion","Sep 2022","1381.12"
"Uttar Pradesh","Onion","Oct 2022","1438.54"
"Uttar Pradesh","Onion","Nov 2022","1667.66"
"Uttar Pradesh","Onion","Dec 2022","1356.94"
"Uttar Pradesh","Onion","Jan 2023","1386.34"
"Uttar Pradesh","Onion","Feb 2023","1383.42"
"Uttar Pradesh","Onion","Mar 2023","1223.27"
"Uttar Pradesh","Onion","Apr 2023","1200.84"
"Uttar Pradesh","Onion","May 2023","1140.94"
"Uttar Pradesh","Onion","Jun 2023","1084.55"
"Uttar Pradesh","Onion","Jul 2023","1478.43"
"Uttar Pradesh","Onion","Aug 2023","1729.77"
"Uttar Pradesh","Onion","Sep 2023","1988.53"
"Uttar Pradesh","Onion","Oct 2023","2219.31"
"Uttar Pradesh","Onion","Nov 2023","3669.54"
"Uttar Pradesh","Onion","Dec 2023","2751.54"
"Uttar Pradesh","Onion","Jan 2024","1919.02"
"Uttar Pradesh","Onion","Feb 2024","1611.09"
"Uttar Pradesh","Onion","Mar 2024","1797.49"
"Uttar Pradesh","Onion","Apr 2024","1698.43"
"Uttar Pradesh","Onion","May 2024","1575.63"
"Uttar Pradesh","Onion","Jun 2024","1953.76"
"Uttar Pradesh","Onion","Jul 2024","2880.51"
"Uttar Pradesh","Onion","Aug 2024","3184.62"
"Uttar Pradesh","Onion","Sep 2024","3745.21"
"Uttar Pradesh","Onion","Oct 2024","4063.31"
"Uttar Pradesh","Onion","Nov 2024","4000.58"
"Uttar Pradesh","Onion","Dec 2024","3291.02"
"Uttar Pradesh","Onion","Jan 2025","2294.45"
"Uttar Pradesh","Onion","Feb 2025","2225.34"
"Uttar Pradesh","Onion","Mar 2025","2368.37"
"Uttar Pradesh","Onion","Apr 2025","1532.82"
"Uttar Pradesh","Onion","May 2025","1198.57"
"Uttar Pradesh","Onion","Jun 2025","1168.29"
"Uttar Pradesh","Onion","Jul 2025","1364.30"
"Uttar Pradesh","Onion","Aug 2025","1351.75"
"Uttar Pradesh","Onion","Sep 2025","1386.65"
"Uttar Pradesh","Onion","Oct 2025","1306.74"
"Uttar Pradesh","Onion","Nov 2025","1272.54"
"Uttar Pradesh","Onion","Dec 2025","1142.20"
"Uttar Pradesh","Onion","Jan 2026","1475.22"
"Uttar Pradesh","Onion","Feb 2026","1147.30"
"Uttar Pradesh","Onion","Mar 2026","1012.93"
"Uttar Pradesh","Onion","Apr 2026","1010.15"
"Uttar Pradesh","Onion","May 2026","1030.61"
"Uttar Pradesh","Onion","Jun 2026","1106.88"
"Uttar Pradesh","Onion","Jul 2026","1486.60"
"Uttar Pradesh","Onion","Aug 2026","1820.73"
"Uttar Pradesh","Onion","Sep 2026","2779.01"
"Uttar Pradesh","Barley","Oct 2016","1706.51"
"Uttar Pradesh","Barley","Nov 2016","1777.24"
"Uttar Pradesh","Barley","Dec 2016","1840.43"
"Uttar Pradesh","Barley","Jan 2017","1835.64"
"Uttar Pradesh","Barley","Feb 2017","1842.33"
"Uttar Pradesh","Barley","Mar 2017","1534.65"
"Uttar Pradesh","Barley","Apr 2017","1503.09"
"Uttar Pradesh","Barley","May 2017","1523.24"
"Uttar Pradesh","Barley","Jun 2017","1490.58"
"Uttar Pradesh","Barley","Jul 2017","1497.25"
"Uttar Pradesh","Barley","Aug 2017","1516.22"
"Uttar Pradesh","Barley","Sep 2017","1472.04"
"Uttar Pradesh","Barley","Oct 2017","1457.79"
"Uttar Pradesh","Barley","Nov 2017","1384.34"
"Uttar Pradesh","Barley","Dec 2017","1387.72"
"Uttar Pradesh","Barley","Jan 2018","1495.07"
"Uttar Pradesh","Barley","Feb 2018","1471.63"
"Uttar Pradesh","Barley","Mar 2018","1386.13"
"Uttar Pradesh","Barley","Apr 2018","1329.68"
"Uttar Pradesh","Barley","May 2018","1408.05"
"Uttar Pradesh","Barley","Jun 2018","1478.59"
"Uttar Pradesh","Barley","Jul 2018","1505.77"
"Uttar Pradesh","Barley","Aug 2018","1557.48"
"Uttar Pradesh","Barley","Sep 2018","1588.81"
"Uttar Pradesh","Barley","Oct 2018","1574.66"
"Uttar Pradesh","Barley","Nov 2018","1581.64"
"Uttar Pradesh","Barley","Dec 2018","1700.02"
"Uttar Pradesh","Barley","Jan 2019","1715.85"
"Uttar Pradesh","Barley","Feb 2019","1774.10"
"Uttar Pradesh","Barley","Mar 2019","1737.32"
"Uttar Pradesh","Barley","Apr 2019","1610.90"
"Uttar Pradesh","Barley","May 2019","1707.21"
"Uttar Pradesh","Barley","Jun 2019","1784.12"
"Uttar Pradesh","Barley","Jul 2019","1791.49"
"Uttar Pradesh","Barley","Aug 2019","1795.43"
"Uttar Pradesh","Barley","Sep 2019","1804.17"
"Uttar Pradesh","Barley","Oct 2019","1791.19"
"Uttar Pradesh","Barley","Nov 2019","1824.96"
"Uttar Pradesh","Barley","Dec 2019","1858.03"
"Uttar Pradesh","Barley","Jan 2020","1895.68"
"Uttar Pradesh","Barley","Feb 2020","1910.02"
"Uttar Pradesh","Barley","Mar 2020","1887.23"
"Uttar Pradesh","Barley","Apr 2020","1838.96"
"Uttar Pradesh","Barley","May 2020","1734.14"
"Uttar Pradesh","Barley","Jun 2020","1687.40"
"Uttar Pradesh","Barley","Jul 2020","1664.53"
"Uttar Pradesh","Barley","Aug 2020","1669.12"
"Uttar Pradesh","Barley","Sep 2020","1621.47"
"Uttar Pradesh","Barley","Oct 2020","1592.60"
"Uttar Pradesh","Barley","Nov 2020","1634.90"
"Uttar Pradesh","Barley","Dec 2020","1613.40"
"Uttar Pradesh","Barley","Jan 2021","1599.17"
"Uttar Pradesh","Barley","Feb 2021","1590.01"
"Uttar Pradesh","Barley","Mar 2021","1594.92"
"Uttar Pradesh","Barley","Apr 2021","1611.26"
"Uttar Pradesh","Barley","May 2021","1651.76"
"Uttar Pradesh","Barley","Jun 2021","1714.34"
"Uttar Pradesh","Barley","Jul 2021","1734.67"
"Uttar Pradesh","Barley","Aug 2021","1751.09"
"Uttar Pradesh","Barley","Sep 2021","1826.54"
"Uttar Pradesh","Barley","Oct 2021","1896.37"
"Uttar Pradesh","Barley","Nov 2021","1945.40"
"Uttar Pradesh","Barley","Dec 2021","2002.82"
"Uttar Pradesh","Barley","Jan 2022","2044.09"
"Uttar Pradesh","Barley","Feb 2022","2081.64"
"Uttar Pradesh","Barley","Mar 2022","2133.03"
"Uttar Pradesh","Barley","Apr 2022","2390.95"
"Uttar Pradesh","Barley","May 2022","2485.13"
"Uttar Pradesh","Barley","Jun 2022","2441.44"
"Uttar Pradesh","Barley","Jul 2022","2502.85"
"Uttar Pradesh","Barley","Aug 2022","2630.35"
"Uttar Pradesh","Barley","Sep 2022","2635.46"
"Uttar Pradesh","Barley","Oct 2022","2638.10"
"Uttar Pradesh","Barley","Nov 2022","2630.65"
"Uttar Pradesh","Barley","Dec 2022","2730.00"
"Uttar Pradesh","Barley","Jan 2023","2812.82"
"Uttar Pradesh","Barley","Feb 2023","2869.95"
"Uttar Pradesh","Barley","Mar 2023","2442.06"
"Uttar Pradesh","Barley","Apr 2023","2097.01"
"Uttar Pradesh","Barley","May 2023","2004.58"
"Uttar Pradesh","Barley","Jun 2023","1996.26"
"Uttar Pradesh","Barley","Jul 2023","2027.24"
"Uttar Pradesh","Barley","Aug 2023","2042.58"
"Uttar Pradesh","Barley","Sep 2023","2001.02"
"Uttar Pradesh","Barley","Oct 2023","2073.72"
"Uttar Pradesh","Barley","Nov 2023","2046.12"
"Uttar Pradesh","Barley","Dec 2023","2061.10"
"Uttar Pradesh","Barley","Jan 2024","2097.07"
"Uttar Pradesh","Barley","Feb 2024","2100.68"
"Uttar Pradesh","Barley","Mar 2024","2069.36"
"Uttar Pradesh","Barley","Apr 2024","1992.93"
"Uttar Pradesh","Barley","May 2024","2046.50"
"Uttar Pradesh","Barley","Jun 2024","2193.88"
"Uttar Pradesh","Barley","Jul 2024","2178.69"
"Uttar Pradesh","Barley","Aug 2024","2221.88"
"Uttar Pradesh","Barley","Sep 2024","2257.07"
"Uttar Pradesh","Barley","Oct 2024","2336.57"
"Uttar Pradesh","Barley","Nov 2024","2374.58"
"Uttar Pradesh","Barley","Dec 2024","2381.79"
"Uttar Pradesh","Barley","Jan 2025","2452.92"
"Uttar Pradesh","Barley","Feb 2025","2484.96"
"Uttar Pradesh","Barley","Mar 2025","2212.80"
"Uttar Pradesh","Barley","Apr 2025","2220.91"
"Uttar Pradesh","Barley","May 2025","2273.14"
"Uttar Pradesh","Barley","Jun 2025","2302.51"
"Uttar Pradesh","Barley","Jul 2025","2301.34"
"Uttar Pradesh","Barley","Aug 2025","2290.93"
"Uttar Pradesh","Barley","Sep 2025","2263.25"
"Uttar Pradesh","Barley","Oct 2025","2297.65"
"Uttar Pradesh","Barley","Nov 2025","2308.45"
"Uttar Pradesh","Tur","Oct 2016","7024.96"
"Uttar Pradesh","Tur","Nov 2016","6832.08"
"Uttar Pradesh","Tur","Dec 2016","5810.41"
"Uttar Pradesh","Tur","Jan 2017","5346.81"
"Uttar Pradesh","Tur","Feb 2017","5147.07"
"Uttar Pradesh","Tur","Mar 2017","4566.74"
"Uttar Pradesh","Tur","Apr 2017","5476.70"
"Uttar Pradesh","Tur","May 2017","4284.14"
"Uttar Pradesh","Tur","Jun 2017","4284.16"
"Uttar Pradesh","Tur","Jul 2017","3983.81"
"Uttar Pradesh","Tur","Aug 2017","4041.29"
"Uttar Pradesh","Tur","Sep 2017","4083.87"
"Uttar Pradesh","Tur","Oct 2017","4079.48"
"Uttar Pradesh","Tur","Nov 2017","3916.30"
"Uttar Pradesh","Tur","Dec 2017","3661.19"
"Uttar Pradesh","Tur","Jan 2018","3991.22"
"Uttar Pradesh","Tur","Feb 2018","3818.50"
"Uttar Pradesh","Tur","Mar 2018","4184.81"
"Uttar Pradesh","Tur","Apr 2018","3956.81"
"Uttar Pradesh","Tur","May 2018","3890.62"
"Uttar Pradesh","Tur","Jun 2018","3741.74"
"Uttar Pradesh","Tur","Jul 2018","3743.39"
"Uttar Pradesh","Tur","Aug 2018","3719.21"
"Uttar Pradesh","Tur","Sep 2018","3664.11"
"Uttar Pradesh","Tur","Oct 2018","3597.94"
"Uttar Pradesh","Tur","Nov 2018","3720.00"
"Uttar Pradesh","Tur","Dec 2018","4082.92"
"Uttar Pradesh","Tur","Jan 2019","4191.24"
"Uttar Pradesh","Tur","Feb 2019","4406.40"
"Uttar Pradesh","Tur","Mar 2019","4409.64"
"Uttar Pradesh","Tur","Apr 2019","4506.91"
"Uttar Pradesh","Tur","May 2019","4949.18"
"Uttar Pradesh","Tur","Jun 2019","4815.98"
"Uttar Pradesh","Tur","Jul 2019","4921.71"
"Uttar Pradesh","Tur","Aug 2019","4859.53"
"Uttar Pradesh","Tur","Sep 2019","5054.67"
"Uttar Pradesh","Tur","Oct 2019","4857.60"
"Uttar Pradesh","Tur","Nov 2019","4587.28"
"Uttar Pradesh","Tur","Dec 2019","4981.31"
"Uttar Pradesh","Tur","Jan 2020","4774.65"
"Uttar Pradesh","Tur","Feb 2020","4623.90"
"Uttar Pradesh","Tur","Mar 2020","4488.77"
"Uttar Pradesh","Tur","Apr 2020","4682.94"
"Uttar Pradesh","Tur","May 2020","4975.12"
"Uttar Pradesh","Tur","Jun 2020","5033.03"
"Uttar Pradesh","Tur","Jul 2020","5197.86"
"Uttar Pradesh","Tur","Aug 2020","5176.82"
"Uttar Pradesh","Tur","Sep 2020","5135.81"
"Uttar Pradesh","Tur","Oct 2020","5558.85"
"Uttar Pradesh","Tur","Nov 2020","5697.17"
"Uttar Pradesh","Tur","Dec 2020","5671.92"
"Uttar Pradesh","Tur","Jan 2021","5572.16"
"Uttar Pradesh","Tur","Feb 2021","5611.96"
"Uttar Pradesh","Tur","Mar 2021","5676.52"
"Uttar Pradesh","Tur","Apr 2021","5954.98"
"Uttar Pradesh","Tur","May 2021","6345.58"
"Uttar Pradesh","Tur","Jun 2021","6438.10"
"Uttar Pradesh","Tur","Jul 2021","6380.10"
"Uttar Pradesh","Tur","Aug 2021","6436.48"
"Uttar Pradesh","Tur","Sep 2021","6333.75"
"Uttar Pradesh","Tur","Oct 2021","6357.04"
"Uttar Pradesh","Tur","Nov 2021","6340.36"
"Uttar Pradesh","Tur","Dec 2021","6198.88"
"Uttar Pradesh","Tur","Jan 2022","6189.35"
"Uttar Pradesh","Tur","Feb 2022","6252.58"
"Uttar Pradesh","Tur","Mar 2022","6160.03"
"Uttar Pradesh","Tur","Apr 2022","6240.34"
"Uttar Pradesh","Tur","May 2022","6355.15"
"Uttar Pradesh","Tur","Jun 2022","6363.68"
"Uttar Pradesh","Tur","Jul 2022","6548.23"
"Uttar Pradesh","Tur","Aug 2022","6626.26"
"Uttar Pradesh","Tur","Sep 2022","6570.48"
"Uttar Pradesh","Tur","Oct 2022","6493.06"
"Uttar Pradesh","Tur","Nov 2022","6515.59"
"Uttar Pradesh","Tur","Dec 2022","6623.84"
"Uttar Pradesh","Tur","Jan 2023","6752.13"
"Uttar Pradesh","Tur","Feb 2023","6773.57"
"Uttar Pradesh","Tur","Mar 2023","6817.88"
"Uttar Pradesh","Tur","Apr 2023","7081.27"
"Uttar Pradesh","Tur","May 2023","7303.26"
"Uttar Pradesh","Tur","Jun 2023","7660.32"
"Uttar Pradesh","Tur","Jul 2023","8651.23"
"Uttar Pradesh","Tur","Aug 2023","8777.45"
"Uttar Pradesh","Tur","Sep 2023","9321.44"
"Uttar Pradesh","Tur","Oct 2023","9448.10"
"Uttar Pradesh","Tur","Nov 2023","9527.78"
"Uttar Pradesh","Tur","Dec 2023","9434.60"
"Uttar Pradesh","Tur","Jan 2024","9078.55"
"Uttar Pradesh","Tur","Feb 2024","9275.86"
"Uttar Pradesh","Tur","Mar 2024","9140.84"
"Uttar Pradesh","Tur","Apr 2024","9077.02"
"Uttar Pradesh","Tur","May 2024","10146.16"
"Uttar Pradesh","Tur","Jun 2024","10659.08"
"Uttar Pradesh","Tur","Jul 2024","10420.13"
"Uttar Pradesh","Tur","Aug 2024","10759.15"
"Uttar Pradesh","Tur","Sep 2024","10558.98"
"Uttar Pradesh","Tur","Oct 2024","10664.39"
"Uttar Pradesh","Tur","Nov 2024","10526.81"
"Uttar Pradesh","Tur","Dec 2024","10370.57"
"Uttar Pradesh","Tur","Jan 2025","10286.29"
"Uttar Pradesh","Tur","Feb 2025","9972.06"
"Uttar Pradesh","Tur","Mar 2025","9634.26"
"Uttar Pradesh","Tur","Apr 2025","9610.58"
"Uttar Pradesh","Tur","May 2025","8636.21"
"Uttar Pradesh","Tur","Jun 2025","7514.78"
"Uttar Pradesh","Tur","Jul 2025","7515.37"
"Uttar Pradesh","Tur","Aug 2025","7636.26"
"Uttar Pradesh","Tur","Sep 2025","7624.53"
"Uttar Pradesh","Tur","Oct 2025","7872.33"
"Uttar Pradesh","Tur","Nov 2025","8028.20"
"Uttar Pradesh","Tur","Dec 2025","8039.78"
"Uttar Pradesh","Tur","Jan 2026","8046.46"
"Uttar Pradesh","Tur","Feb 2026","8404.05"
"Uttar Pradesh","Tur","Mar 2026","7788.31"
"Uttar Pradesh","Tur","Apr 2026","7243.94"
"Uttar Pradesh","Tur","May 2026","7327.99"
"Uttar Pradesh","Tur","Jun 2026","7897.47"
"Uttar Pradesh","Tur","Jul 2026","7590.04"
"Uttar Pradesh","Tur","Aug 2026","7422.26"
"Uttar Pradesh","Tur","Sep 2026","8147.74"
"Uttar Pradesh","Lentil","Oct 2016","6410.01"
"Uttar Pradesh","Lentil","Nov 2016","6761.51"
"Uttar Pradesh","Lentil","Dec 2016","5945.67"
"Uttar Pradesh","Lentil","Jan 2017","6124.24"
"Uttar Pradesh","Lentil","Feb 2017","5539.22"
"Uttar Pradesh","Lentil","Mar 2017","4985.16"
"Uttar Pradesh","Lentil","Apr 2017","4917.63"
"Uttar Pradesh","Lentil","May 2017","4872.99"
"Uttar Pradesh","Lentil","Jun 2017","4636.02"
"Uttar Pradesh","Lentil","Jul 2017","4118.25"
"Uttar Pradesh","Lentil","Aug 2017","4183.17"
"Uttar Pradesh","Lentil","Sep 2017","4008.71"
"Uttar Pradesh","Lentil","Oct 2017","3969.34"
"Uttar Pradesh","Lentil","Nov 2017","3904.64"
"Uttar Pradesh","Lentil","Dec 2017","3885.57"
"Uttar Pradesh","Lentil","Jan 2018","3864.27"
"Uttar Pradesh","Lentil","Feb 2018","3842.34"
"Uttar Pradesh","Lentil","Mar 2018","3595.55"
"Uttar Pradesh","Lentil","Apr 2018","3707.42"
"Uttar Pradesh","Lentil","May 2018","3653.03"
"Uttar Pradesh","Lentil","Jun 2018","3693.45"
"Uttar Pradesh","Lentil","Jul 2018","3858.31"
"Uttar Pradesh","Lentil","Aug 2018","3950.31"
"Uttar Pradesh","Lentil","Sep 2018","3855.07"
"Uttar Pradesh","Lentil","Oct 2018","3861.44"
"Uttar Pradesh","Lentil","Nov 2018","3852.96"
"Uttar Pradesh","Lentil","Dec 2018","4050.13"
"Uttar Pradesh","Lentil","Jan 2019","4132.30"
"Uttar Pradesh","Lentil","Feb 2019","4199.32"
"Uttar Pradesh","Lentil","Mar 2019","4061.68"
"Uttar Pradesh","Lentil","Apr 2019","4099.13"
"Uttar Pradesh","Lentil","May 2019","4066.25"
"Uttar Pradesh","Lentil","Jun 2019","4365.94"
"Uttar Pradesh","Lentil","Jul 2019","4436.66"
"Uttar Pradesh","Lentil","Aug 2019","4512.25"
"Uttar Pradesh","Lentil","Sep 2019","4512.93"
"Uttar Pradesh","Lentil","Oct 2019","4645.85"
"Uttar Pradesh","Lentil","Nov 2019","4616.54"
"Uttar Pradesh","Lentil","Dec 2019","4674.88"
"Uttar Pradesh","Lentil","Jan 2020","4831.76"
"Uttar Pradesh","Lentil","Feb 2020","4855.94"
"Uttar Pradesh","Lentil","Mar 2020","4771.21"
"Uttar Pradesh","Lentil","Apr 2020","5086.90"
"Uttar Pradesh","Lentil","May 2020","5095.36"
"Uttar Pradesh","Lentil","Jun 2020","5201.52"
"Uttar Pradesh","Lentil","Jul 2020","5308.15"
"Uttar Pradesh","Lentil","Aug 2020","5310.79"
"Uttar Pradesh","Lentil","Sep 2020","5498.72"
"Uttar Pradesh","Lentil","Oct 2020","5480.61"
"Uttar Pradesh","Lentil","Nov 2020","5405.48"
"Uttar Pradesh","Lentil","Dec 2020","5383.64"
"Uttar Pradesh","Lentil","Jan 2021","5395.47"
"Uttar Pradesh","Lentil","Feb 2021","5377.57"
"Uttar Pradesh","Lentil","Mar 2021","5393.67"
"Uttar Pradesh","Lentil","Apr 2021","5463.16"
"Uttar Pradesh","Lentil","May 2021","6040.40"
"Uttar Pradesh","Lentil","Jun 2021","6110.13"
"Uttar Pradesh","Lentil","Jul 2021","6116.24"
"Uttar Pradesh","Lentil","Aug 2021","6266.51"
"Uttar Pradesh","Lentil","Sep 2021","6910.75"
"Uttar Pradesh","Lentil","Oct 2021","7012.33"
"Uttar Pradesh","Lentil","Nov 2021","7061.54"
"Uttar Pradesh","Lentil","Dec 2021","6993.85"
"Uttar Pradesh","Lentil","Jan 2022","6819.62"
"Uttar Pradesh","Lentil","Feb 2022","6674.86"
"Uttar Pradesh","Lentil","Mar 2022","6720.80"
"Uttar Pradesh","Lentil","Apr 2022","6503.00"
"Uttar Pradesh","Lentil","May 2022","6556.76"
"Uttar Pradesh","Lentil","Jun 2022","6753.04"
"Uttar Pradesh","Lentil","Jul 2022","6833.78"
"Uttar Pradesh","Lentil","Aug 2022","6810.63"
"Uttar Pradesh","Lentil","Sep 2022","6816.97"
"Uttar Pradesh","Lentil","Oct 2022","6776.58"
"Uttar Pradesh","Lentil","Nov 2022","6791.91"
"Uttar Pradesh","Lentil","Dec 2022","6748.99"
"Uttar Pradesh","Lentil","Jan 2023","6772.24"
"Uttar Pradesh","Lentil","Feb 2023","6704.73"
"Uttar Pradesh","Lentil","Mar 2023","6432.91"
"Uttar Pradesh","Lentil","Apr 2023","6037.76"
"Uttar Pradesh","Lentil","May 2023","6237.72"
"Uttar Pradesh","Lentil","Jun 2023","6376.70"
"Uttar Pradesh","Lentil","Jul 2023","6291.47"
"Uttar Pradesh","Lentil","Aug 2023","6477.49"
"Uttar Pradesh","Lentil","Sep 2023","6445.06"
"Uttar Pradesh","Lentil","Oct 2023","6395.49"
"Uttar Pradesh","Lentil","Nov 2023","6613.09"
"Uttar Pradesh","Lentil","Dec 2023","6573.39"
"Uttar Pradesh","Lentil","Jan 2024","6589.56"
"Uttar Pradesh","Lentil","Feb 2024","6558.02"
"Uttar Pradesh","Lentil","Mar 2024","6477.82"
"Uttar Pradesh","Lentil","Apr 2024","6423.82"
"Uttar Pradesh","Lentil","May 2024","6352.83"
"Uttar Pradesh","Lentil","Jun 2024","6548.56"
"Uttar Pradesh","Lentil","Jul 2024","6734.13"
"Uttar Pradesh","Lentil","Aug 2024","6805.58"
"Uttar Pradesh","Lentil","Sep 2024","6579.74"
"Uttar Pradesh","Lentil","Oct 2024","6660.58"
"Uttar Pradesh","Lentil","Nov 2024","6610.86"
"Uttar Pradesh","Lentil","Dec 2024","6567.51"
"Uttar Pradesh","Lentil","Jan 2025","6675.93"
"Uttar Pradesh","Lentil","Feb 2025","6522.66"
"Uttar Pradesh","Lentil","Mar 2025","6565.01"
"Uttar Pradesh","Lentil","Apr 2025","6578.20"
"Uttar Pradesh","Lentil","May 2025","6562.86"
"Uttar Pradesh","Lentil","Jun 2025","6642.66"
"Uttar Pradesh","Lentil","Jul 2025","6769.41"
"Uttar Pradesh","Lentil","Aug 2025","6924.35"
"Uttar Pradesh","Lentil","Sep 2025","6975.33"
"Uttar Pradesh","Lentil","Oct 2025","6983.70"
"Uttar Pradesh","Lentil","Nov 2025","6910.48"
"Uttar Pradesh","Lentil","Dec 2025","6957.54"
"Uttar Pradesh","Lentil","Jan 2026","6882.59"
"Uttar Pradesh","Lentil","Feb 2026","6452.14"
"Uttar Pradesh","Lentil","Apr 2026","6540.86"
"Uttar Pradesh","Lentil","May 2026","6707.92"
"Uttar Pradesh","Lentil","Jun 2026","6773.18"
"Uttar Pradesh","Lentil","Jul 2026","7218.67"
"Uttar Pradesh","Lentil","Aug 2026","8693.77"
"Uttar Pradesh","Lentil","Sep 2026","9468.37"
"Uttar Pradesh","Bajra","Oct 2016","1230.31"
"Uttar Pradesh","Bajra","Nov 2016","1348.66"
"Uttar Pradesh","Bajra","Dec 2016","1335.35"
"Uttar Pradesh","Bajra","Jan 2017","1339.22"
"Uttar Pradesh","Bajra","Feb 2017","1334.28"
"Uttar Pradesh","Bajra","Mar 2017","1326.35"
"Uttar Pradesh","Bajra","Apr 2017","1297.86"
"Uttar Pradesh","Bajra","May 2017","1278.10"
"Uttar Pradesh","Bajra","Jun 2017","1104.03"
"Uttar Pradesh","Bajra","Jul 2017","995.10"
"Uttar Pradesh","Bajra","Aug 2017","1066.44"
"Uttar Pradesh","Bajra","Sep 2017","1126.43"
"Uttar Pradesh","Bajra","Oct 2017","1066.90"
"Uttar Pradesh","Bajra","Nov 2017","1093.28"
"Uttar Pradesh","Bajra","Dec 2017","1082.50"
"Uttar Pradesh","Bajra","Jan 2018","1087.56"
"Uttar Pradesh","Bajra","Feb 2018","1081.70"
"Uttar Pradesh","Bajra","Mar 2018","1201.96"
"Uttar Pradesh","Bajra","Apr 2018","1184.67"
"Uttar Pradesh","Bajra","May 2018","1142.79"
"Uttar Pradesh","Bajra","Jun 2018","1106.20"
"Uttar Pradesh","Bajra","Jul 2018","1109.70"
"Uttar Pradesh","Bajra","Aug 2018","1217.08"
"Uttar Pradesh","Bajra","Sep 2018","1232.21"
"Uttar Pradesh","Bajra","Oct 2018","1332.23"
"Uttar Pradesh","Bajra","Nov 2018","1425.74"
"Uttar Pradesh","Bajra","Dec 2018","1501.35"
"Uttar Pradesh","Bajra","Jan 2019","1615.30"
"Uttar Pradesh","Bajra","Feb 2019","1772.06"
"Uttar Pradesh","Bajra","Mar 2019","1770.31"
"Uttar Pradesh","Bajra","Apr 2019","1820.74"
"Uttar Pradesh","Bajra","May 2019","1856.66"
"Uttar Pradesh","Bajra","Jun 2019","1792.94"
"Uttar Pradesh","Bajra","Jul 2019","1747.91"
"Uttar Pradesh","Bajra","Aug 2019","1795.25"
"Uttar Pradesh","Bajra","Sep 2019","1851.20"
"Uttar Pradesh","Bajra","Oct 2019","1655.57"
"Uttar Pradesh","Bajra","Nov 2019","1682.78"
"Uttar Pradesh","Bajra","Dec 2019","1772.68"
"Uttar Pradesh","Bajra","Jan 2020","1838.27"
"Uttar Pradesh","Bajra","Feb 2020","1718.80"
"Uttar Pradesh","Bajra","Mar 2020","1648.18"
"Uttar Pradesh","Bajra","Apr 2020","1657.87"
"Uttar Pradesh","Bajra","May 2020","1438.84"
"Uttar Pradesh","Bajra","Jun 2020","1341.03"
"Uttar Pradesh","Bajra","Jul 2020","1261.93"
"Uttar Pradesh","Bajra","Aug 2020","1244.93"
"Uttar Pradesh","Bajra","Sep 2020","1216.75"
"Uttar Pradesh","Bajra","Oct 2020","1271.37"
"Uttar Pradesh","Bajra","Nov 2020","1351.11"
"Uttar Pradesh","Bajra","Dec 2020","1331.99"
"Uttar Pradesh","Bajra","Jan 2021","1321.06"
"Uttar Pradesh","Bajra","Feb 2021","1267.83"
"Uttar Pradesh","Bajra","Mar 2021","1241.09"
"Uttar Pradesh","Bajra","Apr 2021","1254.28"
"Uttar Pradesh","Bajra","May 2021","1311.79"
"Uttar Pradesh","Bajra","Jun 2021","1304.52"
"Uttar Pradesh","Bajra","Jul 2021","1304.64"
"Uttar Pradesh","Bajra","Aug 2021","1400.11"
"Uttar Pradesh","Bajra","Sep 2021","1527.57"
"Uttar Pradesh","Bajra","Oct 2021","1531.21"
"Uttar Pradesh","Bajra","Nov 2021","1582.45"
"Uttar Pradesh","Bajra","Dec 2021","1588.78"
"Uttar Pradesh","Bajra","Jan 2022","1622.69"
"Uttar Pradesh","Bajra","Feb 2022","1689.42"
"Uttar Pradesh","Bajra","Mar 2022","1777.82"
"Uttar Pradesh","Bajra","Apr 2022","1943.81"
"Uttar Pradesh","Bajra","May 2022","2018.41"
"Uttar Pradesh","Bajra","Jun 2022","2033.66"
"Uttar Pradesh","Bajra","Jul 2022","1894.96"
"Uttar Pradesh","Bajra","Aug 2022","2006.15"
"Uttar Pradesh","Bajra","Sep 2022","2022.53"
"Uttar Pradesh","Bajra","Oct 2022","1973.56"
"Uttar Pradesh","Bajra","Nov 2022","2162.82"
"Uttar Pradesh","Bajra","Dec 2022","2287.01"
"Uttar Pradesh","Bajra","Jan 2023","2306.54"
"Uttar Pradesh","Bajra","Feb 2023","2267.52"
"Uttar Pradesh","Bajra","Mar 2023","2189.52"
"Uttar Pradesh","Bajra","Apr 2023","2247.81"
"Uttar Pradesh","Bajra","May 2023","2197.44"
"Uttar Pradesh","Bajra","Jun 2023","2163.07"
"Uttar Pradesh","Bajra","Jul 2023","2047.17"
"Uttar Pradesh","Bajra","Aug 2023","1957.21"
"Uttar Pradesh","Bajra","Sep 2023","1939.14"
"Uttar Pradesh","Bajra","Oct 2023","2098.16"
"Uttar Pradesh","Bajra","Nov 2023","2444.89"
"Uttar Pradesh","Bajra","Dec 2023","2307.39"
"Uttar Pradesh","Bajra","Jan 2024","2288.29"
"Uttar Pradesh","Bajra","Feb 2024","2276.65"
"Uttar Pradesh","Bajra","Mar 2024","2264.14"
"Uttar Pradesh","Bajra","Apr 2024","2226.93"
"Uttar Pradesh","Bajra","May 2024","2157.74"
"Uttar Pradesh","Bajra","Jun 2024","2117.86"
"Uttar Pradesh","Bajra","Jul 2024","2143.46"
"Uttar Pradesh","Bajra","Aug 2024","2255.30"
"Uttar Pradesh","Bajra","Sep 2024","2276.04"
"Uttar Pradesh","Bajra","Oct 2024","2403.57"
"Uttar Pradesh","Bajra","Nov 2024","2515.44"
"Uttar Pradesh","Bajra","Dec 2024","2564.24"
"Uttar Pradesh","Bajra","Jan 2025","2556.99"
"Uttar Pradesh","Bajra","Feb 2025","2495.22"
"Uttar Pradesh","Bajra","Mar 2025","2403.03"
"Uttar Pradesh","Bajra","Apr 2025","2329.03"
"Uttar Pradesh","Bajra","May 2025","2286.98"
"Uttar Pradesh","Bajra","Jun 2025","2223.57"
"Uttar Pradesh","Bajra","Jul 2025","2203.45"
"Uttar Pradesh","Bajra","Aug 2025","2222.36"
"Uttar Pradesh","Bajra","Sep 2025","2234.46"
"Uttar Pradesh","Bajra","Oct 2025","2522.60"
"Uttar Pradesh","Bajra","Nov 2025","2728.30"
"Uttar Pradesh","Bajra","Dec 2025","2733.94"
"Uttar Pradesh","Bajra","Jan 2026","2387.28"
"Uttar Pradesh","Bajra","Feb 2026","1955.98"
"Uttar Pradesh","Bajra","Mar 2026","1747.58"
"Uttar Pradesh","Bajra","Apr 2026","1881.17"
"Uttar Pradesh","Bajra","May 2026","1892.27"
"Uttar Pradesh","Bajra","Jun 2026","1963.68"
"Uttar Pradesh","Bajra","Jul 2026","1966.90"
"Uttar Pradesh","Bajra","Aug 2026","1900.43"
"Uttar Pradesh","Bajra","Sep 2026","2026.67"
"Uttar Pradesh","Wheat","Oct 2016","1671.64"
"Uttar Pradesh","Wheat","Nov 2016","1801.15"
"Uttar Pradesh","Wheat","Dec 2016","1857.71"
"Uttar Pradesh","Wheat","Jan 2017","1837.52"
"Uttar Pradesh","Wheat","Feb 2017","1826.22"
"Uttar Pradesh","Wheat","Mar 2017","1713.46"
"Uttar Pradesh","Wheat","Apr 2017","1626.16"
"Uttar Pradesh","Wheat","May 2017","1629.46"
"Uttar Pradesh","Wheat","Jun 2017","1637.59"
"Uttar Pradesh","Wheat","Jul 2017","1589.58"
"Uttar Pradesh","Wheat","Aug 2017","1578.63"
"Uttar Pradesh","Wheat","Sep 2017","1569.51"
"Uttar Pradesh","Wheat","Oct 2017","1565.26"
"Uttar Pradesh","Wheat","Nov 2017","1580.46"
"Uttar Pradesh","Wheat","Dec 2017","1592.70"
"Uttar Pradesh","Wheat","Jan 2018","1594.20"
"Uttar Pradesh","Wheat","Feb 2018","1598.95"
"Uttar Pradesh","Wheat","Mar 2018","1603.81"
"Uttar Pradesh","Wheat","Apr 2018","1706.44"
"Uttar Pradesh","Wheat","May 2018","1703.80"
"Uttar Pradesh","Wheat","Jun 2018","1684.17"
"Uttar Pradesh","Wheat","Jul 2018","1665.72"
"Uttar Pradesh","Wheat","Aug 2018","1731.33"
"Uttar Pradesh","Wheat","Sep 2018","1759.49"
"Uttar Pradesh","Wheat","Oct 2018","1798.51"
"Uttar Pradesh","Wheat","Nov 2018","1819.48"
"Uttar Pradesh","Wheat","Dec 2018","1838.14"
"Uttar Pradesh","Wheat","Jan 2019","1879.53"
"Uttar Pradesh","Wheat","Feb 2019","1915.02"
"Uttar Pradesh","Wheat","Mar 2019","1926.67"
"Uttar Pradesh","Wheat","Apr 2019","1826.51"
"Uttar Pradesh","Wheat","May 2019","1826.44"
"Uttar Pradesh","Wheat","Jun 2019","1835.89"
"Uttar Pradesh","Wheat","Jul 2019","1836.48"
"Uttar Pradesh","Wheat","Aug 2019","1880.69"
"Uttar Pradesh","Wheat","Sep 2019","1901.47"
"Uttar Pradesh","Wheat","Oct 2019","1940.04"
"Uttar Pradesh","Wheat","Nov 2019","1950.43"
"Uttar Pradesh","Wheat","Dec 2019","1975.12"
"Uttar Pradesh","Wheat","Jan 2020","2039.25"
"Uttar Pradesh","Wheat","Feb 2020","2016.64"
"Uttar Pradesh","Wheat","Mar 2020","2000.67"
"Uttar Pradesh","Wheat","Apr 2020","1926.87"
"Uttar Pradesh","Wheat","May 2020","1917.40"
"Uttar Pradesh","Wheat","Jun 2020","1919.27"
"Uttar Pradesh","Wheat","Jul 2020","1903.14"
"Uttar Pradesh","Wheat","Aug 2020","1864.83"
"Uttar Pradesh","Wheat","Sep 2020","1789.81"
"Uttar Pradesh","Wheat","Oct 2020","1698.78"
"Uttar Pradesh","Wheat","Nov 2020","1687.58"
"Uttar Pradesh","Wheat","Dec 2020","1672.04"
"Uttar Pradesh","Wheat","Jan 2021","1697.41"
"Uttar Pradesh","Wheat","Feb 2021","1689.00"
"Uttar Pradesh","Wheat","Mar 2021","1659.30"
"Uttar Pradesh","Wheat","Apr 2021","1886.86"
"Uttar Pradesh","Wheat","May 2021","1972.00"
"Uttar Pradesh","Wheat","Jun 2021","1938.62"
"Uttar Pradesh","Wheat","Jul 2021","1683.36"
"Uttar Pradesh","Wheat","Aug 2021","1710.85"
"Uttar Pradesh","Wheat","Sep 2021","1819.73"
"Uttar Pradesh","Wheat","Oct 2021","1874.96"
"Uttar Pradesh","Wheat","Nov 2021","1914.47"
"Uttar Pradesh","Wheat","Dec 2021","1924.12"
"Uttar Pradesh","Wheat","Jan 2022","1935.74"
"Uttar Pradesh","Wheat","Feb 2022","1968.37"
"Uttar Pradesh","Wheat","Mar 2022","2035.34"
"Uttar Pradesh","Wheat","Apr 2022","2043.79"
"Uttar Pradesh","Wheat","May 2022","2057.08"
"Uttar Pradesh","Wheat","Jun 2022","2038.83"
"Uttar Pradesh","Wheat","Jul 2022","2070.16"
"Uttar Pradesh","Wheat","Aug 2022","2248.28"
"Uttar Pradesh","Wheat","Sep 2022","2300.79"
"Uttar Pradesh","Wheat","Oct 2022","2334.81"
"Uttar Pradesh","Wheat","Nov 2022","2451.97"
"Uttar Pradesh","Wheat","Dec 2022","2549.53"
"Uttar Pradesh","Wheat","Jan 2023","2691.54"
"Uttar Pradesh","Wheat","Feb 2023","2561.50"
"Uttar Pradesh","Wheat","Mar 2023","2251.34"
"Uttar Pradesh","Wheat","Apr 2023","2148.90"
"Uttar Pradesh","Wheat","May 2023","2173.58"
"Uttar Pradesh","Wheat","Jun 2023","2272.31"
"Uttar Pradesh","Wheat","Jul 2023","2265.62"
"Uttar Pradesh","Wheat","Aug 2023","2294.36"
"Uttar Pradesh","Wheat","Sep 2023","2329.27"
"Uttar Pradesh","Wheat","Oct 2023","2363.19"
"Uttar Pradesh","Wheat","Nov 2023","2462.42"
"Uttar Pradesh","Wheat","Dec 2023","2486.18"
"Uttar Pradesh","Wheat","Jan 2024","2509.16"
"Uttar Pradesh","Wheat","Feb 2024","2513.80"
"Uttar Pradesh","Wheat","Mar 2024","2479.86"
"Uttar Pradesh","Wheat","Apr 2024","2326.33"
"Uttar Pradesh","Wheat","May 2024","2328.73"
"Uttar Pradesh","Wheat","Jun 2024","2391.74"
"Uttar Pradesh","Wheat","Jul 2024","2436.76"
"Uttar Pradesh","Wheat","Aug 2024","2563.27"
"Uttar Pradesh","Wheat","Sep 2024","2564.30"
"Uttar Pradesh","Wheat","Oct 2024","2679.68"
"Uttar Pradesh","Wheat","Nov 2024","2757.97"
"Uttar Pradesh","Wheat","Dec 2024","2775.02"
"Uttar Pradesh","Wheat","Jan 2025","2865.81"
"Uttar Pradesh","Wheat","Feb 2025","2891.12"
"Uttar Pradesh","Wheat","Mar 2025","2774.28"
"Uttar Pradesh","Wheat","Apr 2025","2450.23"
"Uttar Pradesh","Wheat","May 2025","2454.33"
"Uttar Pradesh","Wheat","Jun 2025","2487.73"
"Uttar Pradesh","Wheat","Jul 2025","2500.05"
"Uttar Pradesh","Wheat","Aug 2025","2535.59"
"Uttar Pradesh","Wheat","Sep 2025","2538.17"
"Uttar Pradesh","Wheat","Oct 2025","2538.46"
"Uttar Pradesh","Wheat","Nov 2025","2526.56"
"Uttar Pradesh","Wheat","Dec 2025","2521.00"
"Uttar Pradesh","Wheat","Jan 2026","2528.96"
"Uttar Pradesh","Wheat","Feb 2026","2435.59"
"Uttar Pradesh","Wheat","Mar 2026","2258.37"
"Uttar Pradesh","Wheat","Apr 2026","2405.02"
"Uttar Pradesh","Wheat","May 2026","2470.37"
"Uttar Pradesh","Wheat","Jun 2026","2458.18"
"Uttar Pradesh","Wheat","Jul 2026","2450.41"
"Uttar Pradesh","Wheat","Aug 2026","2323.34"
"Uttar Pradesh","Wheat","Sep 2026","2527.68"
"Uttar Pradesh","Gram","Oct 2016","9087.38"
"Uttar Pradesh","Gram","Nov 2016","9538.91"
"Uttar Pradesh","Gram","Dec 2016","9758.60"
"Uttar Pradesh","Gram","Jan 2017","8981.20"
"Uttar Pradesh","Gram","Feb 2017","7704.54"
"Uttar Pradesh","Gram","Mar 2017","6191.71"
"Uttar Pradesh","Gram","Apr 2017","5856.10"
"Uttar Pradesh","Gram","May 2017","5793.19"
"Uttar Pradesh","Gram","Jun 2017","5893.67"
"Uttar Pradesh","Gram","Jul 2017","5731.26"
"Uttar Pradesh","Gram","Aug 2017","5681.88"
"Uttar Pradesh","Gram","Sep 2017","5961.73"
"Uttar Pradesh","Gram","Oct 2017","5917.69"
"Uttar Pradesh","Gram","Nov 2017","5551.13"
"Uttar Pradesh","Gram","Dec 2017","5260.36"
"Uttar Pradesh","Gram","Jan 2018","4947.21"
"Uttar Pradesh","Gram","Feb 2018","4715.03"
"Uttar Pradesh","Gram","Mar 2018","4316.56"
"Uttar Pradesh","Gram","Apr 2018","3851.39"
"Uttar Pradesh","Gram","May 2018","3839.08"
"Uttar Pradesh","Gram","Jun 2018","3927.00"
"Uttar Pradesh","Gram","Jul 2018","4179.91"
"Uttar Pradesh","Gram","Aug 2018","4526.40"
"Uttar Pradesh","Gram","Sep 2018","4412.45"
"Uttar Pradesh","Gram","Oct 2018","4426.45"
"Uttar Pradesh","Gram","Nov 2018","4504.96"
"Uttar Pradesh","Gram","Dec 2018","4747.68"
"Uttar Pradesh","Gram","Jan 2019","4818.25"
"Uttar Pradesh","Gram","Feb 2019","4811.95"
"Uttar Pradesh","Gram","Mar 2019","4718.01"
"Uttar Pradesh","Gram","Apr 2019","4513.40"
"Uttar Pradesh","Gram","May 2019","4518.29"
"Uttar Pradesh","Gram","Jun 2019","4607.12"
"Uttar Pradesh","Gram","Jul 2019","4637.12"
"Uttar Pradesh","Gram","Aug 2019","4706.14"
"Uttar Pradesh","Gram","Sep 2019","4792.40"
"Uttar Pradesh","Gram","Oct 2019","4845.20"
"Uttar Pradesh","Gram","Nov 2019","4780.53"
"Uttar Pradesh","Gram","Dec 2019","4845.65"
"Uttar Pradesh","Gram","Jan 2020","4958.68"
"Uttar Pradesh","Gram","Feb 2020","4967.64"
"Uttar Pradesh","Gram","Mar 2020","4934.67"
"Uttar Pradesh","Gram","Apr 2020","4957.73"
"Uttar Pradesh","Gram","May 2020","4862.41"
"Uttar Pradesh","Gram","Jun 2020","4797.15"
"Uttar Pradesh","Gram","Jul 2020","4591.45"
"Uttar Pradesh","Gram","Aug 2020","4646.86"
"Uttar Pradesh","Gram","Sep 2020","4903.48"
"Uttar Pradesh","Gram","Oct 2020","5224.74"
"Uttar Pradesh","Gram","Nov 2020","5359.44"
"Uttar Pradesh","Gram","Dec 2020","5393.68"
"Uttar Pradesh","Gram","Jan 2021","5336.68"
"Uttar Pradesh","Gram","Feb 2021","5147.23"
"Uttar Pradesh","Gram","Mar 2021","5036.53"
"Uttar Pradesh","Gram","Apr 2021","5181.31"
"Uttar Pradesh","Gram","May 2021","5493.32"
"Uttar Pradesh","Gram","Jun 2021","5300.08"
"Uttar Pradesh","Gram","Jul 2021","5173.00"
"Uttar Pradesh","Gram","Aug 2021","5259.17"
"Uttar Pradesh","Gram","Sep 2021","5455.60"
"Uttar Pradesh","Gram","Oct 2021","5420.49"
"Uttar Pradesh","Gram","Nov 2021","5441.52"
"Uttar Pradesh","Gram","Dec 2021","5362.88"
"Uttar Pradesh","Gram","Jan 2022","5316.81"
"Uttar Pradesh","Gram","Feb 2022","5159.81"
"Uttar Pradesh","Gram","Mar 2022","5132.39"
"Uttar Pradesh","Gram","Apr 2022","4953.12"
"Uttar Pradesh","Gram","May 2022","5009.08"
"Uttar Pradesh","Gram","Jun 2022","5117.16"
"Uttar Pradesh","Gram","Jul 2022","5095.44"
"Uttar Pradesh","Gram","Aug 2022","5273.35"
"Uttar Pradesh","Gram","Sep 2022","5296.63"
"Uttar Pradesh","Gram","Oct 2022","5255.07"
"Uttar Pradesh","Gram","Nov 2022","5149.34"
"Uttar Pradesh","Gram","Dec 2022","5193.91"
"Uttar Pradesh","Gram","Jan 2023","5238.68"
"Uttar Pradesh","Gram","Feb 2023","5280.40"
"Uttar Pradesh","Gram","Mar 2023","5246.56"
"Uttar Pradesh","Gram","Apr 2023","5143.55"
"Uttar Pradesh","Gram","May 2023","5335.07"
"Uttar Pradesh","Gram","Jun 2023","5442.61"
"Uttar Pradesh","Gram","Jul 2023","5369.78"
"Uttar Pradesh","Gram","Aug 2023","5577.49"
"Uttar Pradesh","Gram","Sep 2023","5975.74"
"Uttar Pradesh","Gram","Oct 2023","6104.80"
"Uttar Pradesh","Gram","Nov 2023","6243.37"
"Uttar Pradesh","Gram","Dec 2023","6349.85"
"Uttar Pradesh","Gram","Jan 2024","6297.82"
"Uttar Pradesh","Gram","Feb 2024","6156.35"
"Uttar Pradesh","Gram","Mar 2024","6198.51"
"Uttar Pradesh","Gram","Apr 2024","6096.04"
"Uttar Pradesh","Gram","May 2024","6226.54"
"Uttar Pradesh","Gram","Jun 2024","6684.58"
"Uttar Pradesh","Gram","Jul 2024","6695.09"
"Uttar Pradesh","Gram","Aug 2024","7066.41"
"Uttar Pradesh","Gram","Sep 2024","7120.10"
"Uttar Pradesh","Gram","Oct 2024","7251.40"
"Uttar Pradesh","Gram","Nov 2024","7319.43"
"Uttar Pradesh","Gram","Dec 2024","7278.11"
"Uttar Pradesh","Gram","Jan 2025","7252.65"
"Uttar Pradesh","Gram","Feb 2025","6916.21"
"Uttar Pradesh","Gram","Mar 2025","6757.81"
"Uttar Pradesh","Gram","Apr 2025","6185.88"
"Uttar Pradesh","Gram","May 2025","6155.33"
"Uttar Pradesh","Gram","Jun 2025","6137.56"
"Uttar Pradesh","Gram","Jul 2025","6224.94"
"Uttar Pradesh","Gram","Aug 2025","6337.78"
"Uttar Pradesh","Gram","Sep 2025","6389.20"
"Uttar Pradesh","Gram","Oct 2025","6380.26"
"Uttar Pradesh","Gram","Nov 2025","6340.27"
"Uttar Pradesh","Gram","Dec 2025","6310.70"
"Uttar Pradesh","Gram","Jan 2026","6161.35"
"Uttar Pradesh","Gram","Feb 2026","5805.27"
"Uttar Pradesh","Gram","Mar 2026","6070.42"
"Uttar Pradesh","Gram","Apr 2026","5479.72"
"Uttar Pradesh","Gram","May 2026","5703.06"
"Uttar Pradesh","Gram","Jun 2026","5736.04"
"Uttar Pradesh","Gram","Jul 2026","6291.33"
"Uttar Pradesh","Gram","Aug 2026","6000.21"
"Uttar Pradesh","Gram","Sep 2026","6163.53"
"Uttar Pradesh","Moong","Oct 2016","5233.72"
"Uttar Pradesh","Moong","Nov 2016","5398.23"
"Uttar Pradesh","Moong","Dec 2016","5109.56"
"Uttar Pradesh","Moong","Jan 2017","5178.47"
"Uttar Pradesh","Moong","Feb 2017","5176.75"
"Uttar Pradesh","Moong","Mar 2017","4616.52"
"Uttar Pradesh","Moong","Apr 2017","4917.15"
"Uttar Pradesh","Moong","May 2017","4940.71"
"Uttar Pradesh","Moong","Jun 2017","4227.72"
"Uttar Pradesh","Moong","Jul 2017","3873.54"
"Uttar Pradesh","Moong","Aug 2017","4177.40"
"Uttar Pradesh","Moong","Sep 2017","4478.18"
"Uttar Pradesh","Moong","Oct 2017","4474.65"
"Uttar Pradesh","Moong","Nov 2017","5437.24"
"Uttar Pradesh","Moong","Dec 2017","4975.51"
"Uttar Pradesh","Moong","Jan 2018","4940.23"
"Uttar Pradesh","Moong","Feb 2018","5039.29"
"Uttar Pradesh","Moong","Mar 2018","4965.44"
"Uttar Pradesh","Moong","Apr 2018","4519.45"
"Uttar Pradesh","Moong","May 2018","4581.79"
"Uttar Pradesh","Moong","Jun 2018","4673.12"
"Uttar Pradesh","Moong","Jul 2018","4844.16"
"Uttar Pradesh","Moong","Aug 2018","4867.82"
"Uttar Pradesh","Moong","Sep 2018","4816.80"
"Uttar Pradesh","Moong","Oct 2018","4165.19"
"Uttar Pradesh","Moong","Nov 2018","4787.58"
"Uttar Pradesh","Moong","Dec 2018","5219.14"
"Uttar Pradesh","Moong","Jan 2019","5357.39"
"Uttar Pradesh","Moong","Feb 2019","5395.99"
"Uttar Pradesh","Moong","Mar 2019","5459.92"
"Uttar Pradesh","Moong","Apr 2019","5248.57"
"Uttar Pradesh","Moong","May 2019","5417.13"
"Uttar Pradesh","Moong","Jun 2019","5670.72"
"Uttar Pradesh","Moong","Jul 2019","5319.50"
"Uttar Pradesh","Moong","Aug 2019","5554.70"
"Uttar Pradesh","Moong","Sep 2019","5856.65"
"Uttar Pradesh","Moong","Oct 2019","5839.12"
"Uttar Pradesh","Moong","Nov 2019","6171.94"
"Uttar Pradesh","Moong","Dec 2019","6441.40"
"Uttar Pradesh","Moong","Jan 2020","6886.62"
"Uttar Pradesh","Moong","Feb 2020","6981.53"
"Uttar Pradesh","Moong","Mar 2020","6981.53"
"Uttar Pradesh","Moong","Apr 2020","7381.77"
"Uttar Pradesh","Moong","May 2020","7338.32"
"Uttar Pradesh","Moong","Jun 2020","6985.65"
"Uttar Pradesh","Moong","Jul 2020","6520.76"
"Uttar Pradesh","Moong","Aug 2020","6286.84"
"Uttar Pradesh","Moong","Sep 2020","6039.78"
"Uttar Pradesh","Moong","Oct 2020","6477.79"
"Uttar Pradesh","Moong","Nov 2020","6672.07"
"Uttar Pradesh","Moong","Dec 2020","6694.21"
"Uttar Pradesh","Moong","Jan 2021","6837.22"
"Uttar Pradesh","Moong","Feb 2021","6951.68"
"Uttar Pradesh","Moong","Mar 2021","6737.29"
"Uttar Pradesh","Moong","Apr 2021","6760.56"
"Uttar Pradesh","Moong","May 2021","6775.44"
"Uttar Pradesh","Moong","Jun 2021","6427.14"
"Uttar Pradesh","Moong","Jul 2021","5909.67"
"Uttar Pradesh","Moong","Aug 2021","6163.77"
"Uttar Pradesh","Moong","Sep 2021","6512.77"
"Uttar Pradesh","Moong","Oct 2021","6994.59"
"Uttar Pradesh","Moong","Nov 2021","7132.80"
"Uttar Pradesh","Moong","Dec 2021","6996.60"
"Uttar Pradesh","Moong","Jan 2022","6946.57"
"Uttar Pradesh","Moong","Feb 2022","7071.14"
"Uttar Pradesh","Moong","Mar 2022","7028.80"
"Uttar Pradesh","Moong","Apr 2022","7079.56"
"Uttar Pradesh","Moong","May 2022","7290.37"
"Uttar Pradesh","Moong","Jun 2022","6823.71"
"Uttar Pradesh","Moong","Jul 2022","6359.97"
"Uttar Pradesh","Moong","Aug 2022","6504.03"
"Uttar Pradesh","Moong","Sep 2022","6763.53"
"Uttar Pradesh","Moong","Oct 2022","6867.56"
"Uttar Pradesh","Moong","Nov 2022","7095.90"
"Uttar Pradesh","Moong","Dec 2022","7109.23"
"Uttar Pradesh","Moong","Jan 2023","7259.51"
"Uttar Pradesh","Moong","Feb 2023","7674.64"
"Uttar Pradesh","Moong","Mar 2023","7768.24"
"Uttar Pradesh","Moong","Apr 2023","7811.47"
"Uttar Pradesh","Moong","May 2023","7810.49"
"Uttar Pradesh","Moong","Jun 2023","7307.34"
"Uttar Pradesh","Moong","Jul 2023","7355.66"
"Uttar Pradesh","Moong","Aug 2023","7758.87"
"Uttar Pradesh","Moong","Sep 2023","8298.62"
"Uttar Pradesh","Moong","Oct 2023","8388.27"
"Uttar Pradesh","Moong","Nov 2023","8730.49"
"Uttar Pradesh","Moong","Dec 2023","8671.78"
"Uttar Pradesh","Moong","Jan 2024","8648.21"
"Uttar Pradesh","Moong","Feb 2024","8806.26"
"Uttar Pradesh","Moong","Mar 2024","8735.14"
"Uttar Pradesh","Moong","Apr 2024","8747.09"
"Uttar Pradesh","Moong","May 2024","8263.11"
"Uttar Pradesh","Moong","Jun 2024","7913.58"
"Uttar Pradesh","Moong","Jul 2024","7975.75"
"Uttar Pradesh","Moong","Aug 2024","7930.08"
"Uttar Pradesh","Moong","Sep 2024","8209.85"
"Uttar Pradesh","Moong","Oct 2024","8522.21"
"Uttar Pradesh","Moong","Nov 2024","8794.98"
"Uttar Pradesh","Moong","Dec 2024","8760.30"
"Uttar Pradesh","Moong","Jan 2025","8760.31"
"Uttar Pradesh","Moong","Feb 2025","8538.67"
"Uttar Pradesh","Moong","Mar 2025","8771.96"
"Uttar Pradesh","Moong","Apr 2025","8737.16"
"Uttar Pradesh","Moong","May 2025","7531.21"
"Uttar Pradesh","Moong","Jun 2025","6885.40"
"Uttar Pradesh","Moong","Jul 2025","7357.02"
"Uttar Pradesh","Moong","Aug 2025","8452.57"
"Uttar Pradesh","Moong","Sep 2025","8672.38"
"Uttar Pradesh","Moong","Oct 2025","8703.63"
"Uttar Pradesh","Moong","Nov 2025","8774.25"
"Uttar Pradesh","Moong","Dec 2025","8796.42"
"Uttar Pradesh","Moong","Jan 2026","8818.00"
"Uttar Pradesh","Moong","Feb 2026","8377.73"
"Uttar Pradesh","Moong","Mar 2026","7592.10"
"Uttar Pradesh","Moong","Apr 2026","7834.76"
"Uttar Pradesh","Moong","May 2026","6809.92"
"Uttar Pradesh","Moong","Jun 2026","6587.70"
"Uttar Pradesh","Moong","Jul 2026","6984.69"
"Uttar Pradesh","Moong","Aug 2026","7644.35"
"Uttar Pradesh","Moong","Sep 2026","8271.01"
"Uttar Pradesh","Potato","Oct 2016","1150.69"
"Uttar Pradesh","Potato","Nov 2016","913.56"
"Uttar Pradesh","Potato","Dec 2016","536.36"
"Uttar Pradesh","Potato","Jan 2017","430.10"
"Uttar Pradesh","Potato","Feb 2017","419.17"
"Uttar Pradesh","Potato","Mar 2017","416.62"
"Uttar Pradesh","Potato","Apr 2017","434.18"
"Uttar Pradesh","Potato","May 2017","448.21"
"Uttar Pradesh","Potato","Jun 2017","480.95"
"Uttar Pradesh","Potato","Jul 2017","475.72"
"Uttar Pradesh","Potato","Aug 2017","458.39"
"Uttar Pradesh","Potato","Sep 2017","449.16"
"Uttar Pradesh","Potato","Oct 2017","426.05"
"Uttar Pradesh","Potato","Nov 2017","431.74"
"Uttar Pradesh","Potato","Dec 2017","443.89"
"Uttar Pradesh","Potato","Jan 2018","477.24"
"Uttar Pradesh","Potato","Feb 2018","497.99"
"Uttar Pradesh","Potato","Mar 2018","715.78"
"Uttar Pradesh","Potato","Apr 2018","888.18"
"Uttar Pradesh","Potato","May 2018","1125.74"
"Uttar Pradesh","Potato","Jun 2018","1204.84"
"Uttar Pradesh","Potato","Jul 2018","1243.32"
"Uttar Pradesh","Potato","Aug 2018","1204.01"
"Uttar Pradesh","Potato","Sep 2018","1165.36"
"Uttar Pradesh","Potato","Oct 2018","1162.33"
"Uttar Pradesh","Potato","Nov 2018","1102.99"
"Uttar Pradesh","Potato","Dec 2018","669.63"
"Uttar Pradesh","Potato","Jan 2019","515.24"
"Uttar Pradesh","Potato","Feb 2019","513.70"
"Uttar Pradesh","Potato","Mar 2019","597.64"
"Uttar Pradesh","Potato","Apr 2019","634.67"
"Uttar Pradesh","Potato","May 2019","719.33"
"Uttar Pradesh","Potato","Jun 2019","734.40"
"Uttar Pradesh","Potato","Jul 2019","710.97"
"Uttar Pradesh","Potato","Aug 2019","688.03"
"Uttar Pradesh","Potato","Sep 2019","716.81"
"Uttar Pradesh","Potato","Oct 2019","816.40"
"Uttar Pradesh","Potato","Nov 2019","915.90"
"Uttar Pradesh","Potato","Dec 2019","1160.40"
"Uttar Pradesh","Potato","Jan 2020","1191.80"
"Uttar Pradesh","Potato","Feb 2020","1001.95"
"Uttar Pradesh","Potato","Mar 2020","1206.22"
"Uttar Pradesh","Potato","Apr 2020","1448.55"
"Uttar Pradesh","Potato","May 2020","1448.74"
"Uttar Pradesh","Potato","Jun 2020","1518.26"
"Uttar Pradesh","Potato","Jul 2020","1882.55"
"Uttar Pradesh","Potato","Aug 2020","2140.38"
"Uttar Pradesh","Potato","Sep 2020","2397.80"
"Uttar Pradesh","Potato","Oct 2020","2641.55"
"Uttar Pradesh","Potato","Nov 2020","2943.71"
"Uttar Pradesh","Potato","Dec 2020","1558.26"
"Uttar Pradesh","Potato","Jan 2021","824.95"
"Uttar Pradesh","Potato","Feb 2021","641.66"
"Uttar Pradesh","Potato","Mar 2021","681.97"
"Uttar Pradesh","Potato","Apr 2021","792.54"
"Uttar Pradesh","Potato","May 2021","945.80"
"Uttar Pradesh","Potato","Jun 2021","990.87"
"Uttar Pradesh","Potato","Jul 2021","981.34"
"Uttar Pradesh","Potato","Aug 2021","981.90"
"Uttar Pradesh","Potato","Sep 2021","982.73"
"Uttar Pradesh","Potato","Oct 2021","1063.52"
"Uttar Pradesh","Potato","Nov 2021","1400.37"
"Uttar Pradesh","Potato","Dec 2021","923.68"
"Uttar Pradesh","Potato","Jan 2022","767.93"
"Uttar Pradesh","Potato","Feb 2022","790.29"
"Uttar Pradesh","Potato","Mar 2022","901.42"
"Uttar Pradesh","Potato","Apr 2022","886.65"
"Uttar Pradesh","Potato","May 2022","1060.41"
"Uttar Pradesh","Potato","Jun 2022","1263.68"
"Uttar Pradesh","Potato","Jul 2022","1440.02"
"Uttar Pradesh","Potato","Aug 2022","1542.02"
"Uttar Pradesh","Potato","Sep 2022","1506.60"
"Uttar Pradesh","Potato","Oct 2022","1567.89"
"Uttar Pradesh","Potato","Nov 2022","1563.25"
"Uttar Pradesh","Potato","Dec 2022","1221.23"
"Uttar Pradesh","Potato","Jan 2023","814.29"
"Uttar Pradesh","Potato","Feb 2023","668.63"
"Uttar Pradesh","Potato","Mar 2023","625.11"
"Uttar Pradesh","Potato","Apr 2023","745.38"
"Uttar Pradesh","Potato","May 2023","873.70"
"Uttar Pradesh","Potato","Jun 2023","916.46"
"Uttar Pradesh","Potato","Jul 2023","1023.06"
"Uttar Pradesh","Potato","Aug 2023","1051.32"
"Uttar Pradesh","Potato","Sep 2023","1012.77"
"Uttar Pradesh","Potato","Oct 2023","942.74"
"Uttar Pradesh","Potato","Nov 2023","909.13"
"Uttar Pradesh","Potato","Dec 2023","790.47"
"Uttar Pradesh","Potato","Jan 2024","681.90"
"Uttar Pradesh","Potato","Feb 2024","753.43"
"Uttar Pradesh","Potato","Mar 2024","1176.82"
"Uttar Pradesh","Potato","Apr 2024","1524.18"
"Uttar Pradesh","Potato","May 2024","1675.84"
"Uttar Pradesh","Potato","Jun 2024","1762.91"
"Uttar Pradesh","Potato","Jul 2024","2164.09"
"Uttar Pradesh","Potato","Aug 2024","2241.69"
"Uttar Pradesh","Potato","Sep 2024","2081.41"
"Uttar Pradesh","Potato","Oct 2024","2056.92"
"Uttar Pradesh","Potato","Nov 2024","2006.05"
"Uttar Pradesh","Potato","Dec 2024","1794.01"
"Uttar Pradesh","Potato","Jan 2025","1256.00"
"Uttar Pradesh","Potato","Feb 2025","961.04"
"Uttar Pradesh","Potato","Mar 2025","1077.96"
"Uttar Pradesh","Potato","Apr 2025","1125.24"
"Uttar Pradesh","Potato","May 2025","1108.94"
"Uttar Pradesh","Potato","Jun 2025","1161.51"
"Uttar Pradesh","Potato","Jul 2025","1122.98"
"Uttar Pradesh","Potato","Aug 2025","994.31"
"Uttar Pradesh","Potato","Sep 2025","988.14"
"Uttar Pradesh","Potato","Oct 2025","1065.34"
"Uttar Pradesh","Potato","Nov 2025","1229.86"
"Uttar Pradesh","Potato","Dec 2025","889.49"
"Uttar Pradesh","Potato","Jan 2026","662.42"
"Uttar Pradesh","Potato","Feb 2026","531.62"
"Uttar Pradesh","Potato","Mar 2026","514.68"
"Uttar Pradesh","Potato","Apr 2026","484.39"
"Uttar Pradesh","Potato","May 2026","501.84"
"Uttar Pradesh","Potato","Jun 2026","528.61"
"Uttar Pradesh","Potato","Jul 2026","545.98"
"Uttar Pradesh","Potato","Aug 2026","495.45"
"Uttar Pradesh","Potato","Sep 2026","532.79"
"Uttar Pradesh","Maize","Oct 2016","1397.11"
"Uttar Pradesh","Maize","Nov 2016","1407.80"
"Uttar Pradesh","Maize","Dec 2016","1447.22"
"Uttar Pradesh","Maize","Jan 2017","1445.87"
"Uttar Pradesh","Maize","Feb 2017","1433.47"
"Uttar Pradesh","Maize","Mar 2017","1420.31"
"Uttar Pradesh","Maize","Apr 2017","1456.45"
"Uttar Pradesh","Maize","May 2017","1405.14"
"Uttar Pradesh","Maize","Jun 2017","1204.35"
"Uttar Pradesh","Maize","Jul 2017","1122.35"
"Uttar Pradesh","Maize","Aug 2017","1115.79"
"Uttar Pradesh","Maize","Sep 2017","1159.87"
"Uttar Pradesh","Maize","Oct 2017","1154.42"
"Uttar Pradesh","Maize","Nov 2017","1172.20"
"Uttar Pradesh","Maize","Dec 2017","1207.51"
"Uttar Pradesh","Maize","Jan 2018","1256.43"
"Uttar Pradesh","Maize","Feb 2018","1242.13"
"Uttar Pradesh","Maize","Mar 2018","1264.70"
"Uttar Pradesh","Maize","Apr 2018","1297.61"
"Uttar Pradesh","Maize","May 2018","1343.10"
"Uttar Pradesh","Maize","Jun 2018","1168.57"
"Uttar Pradesh","Maize","Jul 2018","1132.45"
"Uttar Pradesh","Maize","Aug 2018","1216.66"
"Uttar Pradesh","Maize","Sep 2018","1245.32"
"Uttar Pradesh","Maize","Oct 2018","1326.48"
"Uttar Pradesh","Maize","Nov 2018","1411.97"
"Uttar Pradesh","Maize","Dec 2018","1580.97"
"Uttar Pradesh","Maize","Jan 2019","1672.42"
"Uttar Pradesh","Maize","Feb 2019","1807.07"
"Uttar Pradesh","Maize","Mar 2019","1831.13"
"Uttar Pradesh","Maize","Apr 2019","1855.81"
"Uttar Pradesh","Maize","May 2019","1868.03"
"Uttar Pradesh","Maize","Jun 2019","1804.72"
"Uttar Pradesh","Maize","Jul 2019","1872.31"
"Uttar Pradesh","Maize","Aug 2019","1944.83"
"Uttar Pradesh","Maize","Sep 2019","1939.44"
"Uttar Pradesh","Maize","Oct 2019","1919.64"
"Uttar Pradesh","Maize","Nov 2019","1896.08"
"Uttar Pradesh","Maize","Dec 2019","1913.20"
"Uttar Pradesh","Maize","Jan 2020","1936.00"
"Uttar Pradesh","Maize","Feb 2020","1880.46"
"Uttar Pradesh","Maize","Mar 2020","1786.80"
"Uttar Pradesh","Maize","Apr 2020","1852.99"
"Uttar Pradesh","Maize","May 2020","1748.53"
"Uttar Pradesh","Maize","Jun 2020","1330.75"
"Uttar Pradesh","Maize","Jul 2020","1204.69"
"Uttar Pradesh","Maize","Aug 2020","1177.49"
"Uttar Pradesh","Maize","Sep 2020","1172.11"
"Uttar Pradesh","Maize","Oct 2020","1224.84"
"Uttar Pradesh","Maize","Nov 2020","1539.58"
"Uttar Pradesh","Maize","Dec 2020","1707.69"
"Uttar Pradesh","Maize","Jan 2021","1674.94"
"Uttar Pradesh","Maize","Feb 2021","1422.92"
"Uttar Pradesh","Maize","Mar 2021","1398.97"
"Uttar Pradesh","Maize","Apr 2021","1454.06"
"Uttar Pradesh","Maize","May 2021","1545.33"
"Uttar Pradesh","Maize","Jun 2021","1530.17"
"Uttar Pradesh","Maize","Jul 2021","1569.69"
"Uttar Pradesh","Maize","Aug 2021","1660.21"
"Uttar Pradesh","Maize","Sep 2021","1673.36"
"Uttar Pradesh","Maize","Oct 2021","1670.02"
"Uttar Pradesh","Maize","Nov 2021","1690.79"
"Uttar Pradesh","Maize","Dec 2021","1717.89"
"Uttar Pradesh","Maize","Jan 2022","1719.03"
"Uttar Pradesh","Maize","Feb 2022","1781.85"
"Uttar Pradesh","Maize","Mar 2022","1821.12"
"Uttar Pradesh","Maize","Apr 2022","1903.03"
"Uttar Pradesh","Maize","May 2022","1971.05"
"Uttar Pradesh","Maize","Jun 2022","1995.90"
"Uttar Pradesh","Maize","Jul 2022","1979.78"
"Uttar Pradesh","Maize","Aug 2022","2106.69"
"Uttar Pradesh","Maize","Sep 2022","2189.27"
"Uttar Pradesh","Maize","Oct 2022","2138.14"
"Uttar Pradesh","Maize","Nov 2022","2078.31"
"Uttar Pradesh","Maize","Dec 2022","2111.84"
"Uttar Pradesh","Maize","Jan 2023","2196.03"
"Uttar Pradesh","Maize","Feb 2023","2195.04"
"Uttar Pradesh","Maize","Mar 2023","2187.36"
"Uttar Pradesh","Maize","Apr 2023","2235.41"
"Uttar Pradesh","Maize","May 2023","2195.26"
"Uttar Pradesh","Maize","Jun 2023","1935.71"
"Uttar Pradesh","Maize","Jul 2023","1879.81"
"Uttar Pradesh","Maize","Aug 2023","1844.15"
"Uttar Pradesh","Maize","Sep 2023","1909.51"
"Uttar Pradesh","Maize","Oct 2023","2010.42"
"Uttar Pradesh","Maize","Nov 2023","2090.52"
"Uttar Pradesh","Maize","Dec 2023","2118.97"
"Uttar Pradesh","Maize","Jan 2024","2140.30"
"Uttar Pradesh","Maize","Feb 2024","2179.06"
"Uttar Pradesh","Maize","Mar 2024","2195.36"
"Uttar Pradesh","Maize","Apr 2024","2222.42"
"Uttar Pradesh","Maize","May 2024","2161.24"
"Uttar Pradesh","Maize","Jun 2024","2122.03"
"Uttar Pradesh","Maize","Jul 2024","2169.38"
"Uttar Pradesh","Maize","Aug 2024","2293.07"
"Uttar Pradesh","Maize","Sep 2024","2339.18"
"Uttar Pradesh","Maize","Oct 2024","2399.23"
"Uttar Pradesh","Maize","Nov 2024","2366.60"
"Uttar Pradesh","Maize","Dec 2024","2376.18"
"Uttar Pradesh","Maize","Jan 2025","2412.14"
"Uttar Pradesh","Maize","Feb 2025","2413.89"
"Uttar Pradesh","Maize","Mar 2025","2401.83"
"Uttar Pradesh","Maize","Apr 2025","2387.91"
"Uttar Pradesh","Maize","May 2025","2283.15"
"Uttar Pradesh","Maize","Jun 2025","2117.10"
"Uttar Pradesh","Maize","Jul 2025","2064.63"
"Uttar Pradesh","Maize","Aug 2025","2156.81"
"Uttar Pradesh","Maize","Sep 2025","2183.52"
"Uttar Pradesh","Maize","Oct 2025","2283.69"
"Uttar Pradesh","Maize","Nov 2025","2275.25"
"Uttar Pradesh","Maize","Dec 2025","2312.30"
"Uttar Pradesh","Maize","Jan 2026","2239.22"
"Uttar Pradesh","Maize","Feb 2026","1884.79"
"Uttar Pradesh","Maize","Mar 2026","1686.50"
"Uttar Pradesh","Maize","Apr 2026","1823.66"
"Uttar Pradesh","Maize","May 2026","1795.17"
"Uttar Pradesh","Maize","Jun 2026","1847.75"
"Uttar Pradesh","Maize","Jul 2026","1927.80"
"Uttar Pradesh","Maize","Aug 2026","1904.26"
"Uttar Pradesh","Maize","Sep 2026","2131.81"
"Uttar Pradesh","Urad","Oct 2016","6238.13"
"Uttar Pradesh","Urad","Nov 2016","6243.51"
"Uttar Pradesh","Urad","Dec 2016","5726.00"
"Uttar Pradesh","Urad","Jan 2017","5446.00"
"Uttar Pradesh","Urad","Feb 2017","5059.88"
"Uttar Pradesh","Urad","Mar 2017","5369.30"
"Uttar Pradesh","Urad","Apr 2017","6007.11"
"Uttar Pradesh","Urad","May 2017","5787.13"
"Uttar Pradesh","Urad","Jun 2017","4955.25"
"Uttar Pradesh","Urad","Jul 2017","4975.87"
"Uttar Pradesh","Urad","Aug 2017","4682.94"
"Uttar Pradesh","Urad","Sep 2017","4475.92"
"Uttar Pradesh","Urad","Oct 2017","3682.26"
"Uttar Pradesh","Urad","Nov 2017","3499.87"
"Uttar Pradesh","Urad","Dec 2017","3734.84"
"Uttar Pradesh","Urad","Jan 2018","3675.90"
"Uttar Pradesh","Urad","Feb 2018","3650.81"
"Uttar Pradesh","Urad","Mar 2018","3811.62"
"Uttar Pradesh","Urad","Apr 2018","3822.00"
"Uttar Pradesh","Urad","May 2018","3819.63"
"Uttar Pradesh","Urad","Jun 2018","4038.99"
"Uttar Pradesh","Urad","Jul 2018","3957.11"
"Uttar Pradesh","Urad","Aug 2018","3855.87"
"Uttar Pradesh","Urad","Sep 2018","3956.29"
"Uttar Pradesh","Urad","Oct 2018","3895.68"
"Uttar Pradesh","Urad","Nov 2018","3975.82"
"Uttar Pradesh","Urad","Dec 2018","4422.78"
"Uttar Pradesh","Urad","Jan 2019","4503.75"
"Uttar Pradesh","Urad","Feb 2019","4686.33"
"Uttar Pradesh","Urad","Mar 2019","4604.47"
"Uttar Pradesh","Urad","Apr 2019","4609.94"
"Uttar Pradesh","Urad","May 2019","4605.48"
"Uttar Pradesh","Urad","Jun 2019","4751.44"
"Uttar Pradesh","Urad","Jul 2019","4746.67"
"Uttar Pradesh","Urad","Aug 2019","4914.71"
"Uttar Pradesh","Urad","Sep 2019","5001.08"
"Uttar Pradesh","Urad","Oct 2019","5254.96"
"Uttar Pradesh","Urad","Nov 2019","5034.50"
"Uttar Pradesh","Urad","Dec 2019","5245.16"
"Uttar Pradesh","Urad","Jan 2020","5634.24"
"Uttar Pradesh","Urad","Feb 2020","5987.08"
"Uttar Pradesh","Urad","Mar 2020","5905.50"
"Uttar Pradesh","Urad","Apr 2020","6992.42"
"Uttar Pradesh","Urad","May 2020","7071.33"
"Uttar Pradesh","Urad","Jun 2020","6650.05"
"Uttar Pradesh","Urad","Jul 2020","6161.91"
"Uttar Pradesh","Urad","Aug 2020","6339.64"
"Uttar Pradesh","Urad","Sep 2020","6070.06"
"Uttar Pradesh","Urad","Oct 2020","6624.69"
"Uttar Pradesh","Urad","Nov 2020","6726.28"
"Uttar Pradesh","Urad","Dec 2020","6667.50"
"Uttar Pradesh","Urad","Jan 2021","6699.89"
"Uttar Pradesh","Urad","Feb 2021","6841.55"
"Uttar Pradesh","Urad","Mar 2021","6630.72"
"Uttar Pradesh","Urad","Apr 2021","6890.62"
"Uttar Pradesh","Urad","May 2021","7205.19"
"Uttar Pradesh","Urad","Jun 2021","7006.34"
"Uttar Pradesh","Urad","Jul 2021","6677.53"
"Uttar Pradesh","Urad","Aug 2021","6746.53"
"Uttar Pradesh","Urad","Sep 2021","6901.42"
"Uttar Pradesh","Urad","Oct 2021","6724.72"
"Uttar Pradesh","Urad","Nov 2021","6748.47"
"Uttar Pradesh","Urad","Dec 2021","6681.12"
"Uttar Pradesh","Urad","Jan 2022","6432.43"
"Uttar Pradesh","Urad","Feb 2022","6265.96"
"Uttar Pradesh","Urad","Mar 2022","6372.41"
"Uttar Pradesh","Urad","Apr 2022","6518.81"
"Uttar Pradesh","Urad","May 2022","6287.23"
"Uttar Pradesh","Urad","Jun 2022","6309.02"
"Uttar Pradesh","Urad","Jul 2022","6304.40"
"Uttar Pradesh","Urad","Aug 2022","6987.45"
"Uttar Pradesh","Urad","Sep 2022","6955.18"
"Uttar Pradesh","Urad","Oct 2022","6077.85"
"Uttar Pradesh","Urad","Nov 2022","6412.87"
"Uttar Pradesh","Urad","Dec 2022","6780.20"
"Uttar Pradesh","Urad","Jan 2023","6914.91"
"Uttar Pradesh","Urad","Feb 2023","7142.48"
"Uttar Pradesh","Urad","Mar 2023","7048.73"
"Uttar Pradesh","Urad","Apr 2023","7159.55"
"Uttar Pradesh","Urad","May 2023","7225.84"
"Uttar Pradesh","Urad","Jun 2023","7539.09"
"Uttar Pradesh","Urad","Jul 2023","7714.05"
"Uttar Pradesh","Urad","Aug 2023","8020.86"
"Uttar Pradesh","Urad","Sep 2023","7723.24"
"Uttar Pradesh","Urad","Oct 2023","7226.42"
"Uttar Pradesh","Urad","Nov 2023","7914.94"
"Uttar Pradesh","Urad","Dec 2023","7555.41"
"Uttar Pradesh","Urad","Jan 2024","8260.59"
"Uttar Pradesh","Urad","Feb 2024","7879.61"
"Uttar Pradesh","Urad","Mar 2024","8848.91"
"Uttar Pradesh","Urad","Apr 2024","8671.72"
"Uttar Pradesh","Urad","May 2024","8611.96"
"Uttar Pradesh","Urad","Jun 2024","8928.95"
"Uttar Pradesh","Urad","Jul 2024","8980.72"
"Uttar Pradesh","Urad","Aug 2024","9003.26"
"Uttar Pradesh","Urad","Sep 2024","8569.41"
"Uttar Pradesh","Urad","Oct 2024","7669.90"
"Uttar Pradesh","Urad","Nov 2024","7911.12"
"Uttar Pradesh","Urad","Dec 2024","7906.04"
"Uttar Pradesh","Urad","Jan 2025","7766.95"
"Uttar Pradesh","Urad","Feb 2025","7268.93"
"Uttar Pradesh","Urad","Mar 2025","7430.91"
"Uttar Pradesh","Urad","Apr 2025","7991.30"
"Uttar Pradesh","Urad","May 2025","8102.59"
"Uttar Pradesh","Urad","Jun 2025","7014.39"
"Uttar Pradesh","Urad","Jul 2025","7405.08"
"Uttar Pradesh","Urad","Aug 2025","8155.43"
"Uttar Pradesh","Urad","Sep 2025","8243.93"
"Uttar Pradesh","Urad","Oct 2025","7759.96"
"Uttar Pradesh","Urad","Nov 2025","7606.93"
"Uttar Pradesh","Urad","Dec 2025","7036.55"
"Uttar Pradesh","Urad","Jan 2026","7362.40"
"Uttar Pradesh","Urad","Feb 2026","7149.32"
"Uttar Pradesh","Urad","Apr 2026","7533.66"
"Uttar Pradesh","Urad","Jun 2026","7576.98"
"Uttar Pradesh","Urad","Jul 2026","8900.00"
"Uttar Pradesh","Rice","Oct 2016","1418.78"
"Uttar Pradesh","Rice","Nov 2016","1689.41"
"Uttar Pradesh","Rice","Dec 2016","1859.54"
"Uttar Pradesh","Rice","Jan 2017","1837.61"
"Uttar Pradesh","Rice","Feb 2017","1838.48"
"Uttar Pradesh","Rice","Mar 2017","1955.96"
"Uttar Pradesh","Rice","Apr 2017","2093.58"
"Uttar Pradesh","Rice","May 2017","2086.73"
"Uttar Pradesh","Rice","Jun 2017","1978.32"
"Uttar Pradesh","Rice","Jul 2017","1973.54"
"Uttar Pradesh","Rice","Aug 2017","2025.96"
"Uttar Pradesh","Rice","Sep 2017","2000.58"
"Uttar Pradesh","Rice","Oct 2017","1831.22"
"Uttar Pradesh","Rice","Nov 2017","1812.79"
"Uttar Pradesh","Rice","Dec 2017","1772.70"
"Uttar Pradesh","Rice","Jan 2018","1775.36"
"Uttar Pradesh","Rice","Feb 2018","1842.49"
"Uttar Pradesh","Rice","Mar 2018","1932.03"
"Uttar Pradesh","Rice","Apr 2018","2097.90"
"Uttar Pradesh","Rice","May 2018","2115.22"
"Uttar Pradesh","Rice","Jun 2018","2088.45"
"Uttar Pradesh","Rice","Jul 2018","2052.56"
"Uttar Pradesh","Rice","Aug 2018","2183.08"
"Uttar Pradesh","Rice","Sep 2018","2180.88"
"Uttar Pradesh","Rice","Oct 2018","2023.55"
"Uttar Pradesh","Rice","Nov 2018","2016.30"
"Uttar Pradesh","Rice","Dec 2018","1940.84"
"Uttar Pradesh","Rice","Jan 2019","1939.16"
"Uttar Pradesh","Rice","Feb 2019","1993.10"
"Uttar Pradesh","Rice","Mar 2019","2103.04"
"Uttar Pradesh","Rice","Apr 2019","2255.88"
"Uttar Pradesh","Rice","May 2019","2283.09"
"Uttar Pradesh","Rice","Jun 2019","2252.74"
"Uttar Pradesh","Rice","Jul 2019","2083.08"
"Uttar Pradesh","Rice","Aug 2019","2023.36"
"Uttar Pradesh","Rice","Sep 2019","2260.09"
"Uttar Pradesh","Rice","Oct 2019","1957.44"
"Uttar Pradesh","Rice","Nov 2019","1952.93"
"Uttar Pradesh","Rice","Dec 2019","1997.93"
"Uttar Pradesh","Rice","Jan 2020","1993.38"
"Uttar Pradesh","Rice","Feb 2020","2020.83"
"Uttar Pradesh","Rice","Mar 2020","2072.87"
"Uttar Pradesh","Rice","Apr 2020","2274.33"
"Uttar Pradesh","Rice","May 2020","2344.65"
"Uttar Pradesh","Rice","Jun 2020","2377.95"
"Uttar Pradesh","Rice","Jul 2020","2391.25"
"Uttar Pradesh","Rice","Aug 2020","2415.37"
"Uttar Pradesh","Rice","Sep 2020","2320.19"
"Uttar Pradesh","Rice","Oct 2020","1908.48"
"Uttar Pradesh","Rice","Nov 2020","1965.08"
"Uttar Pradesh","Rice","Dec 2020","2042.07"
"Uttar Pradesh","Rice","Jan 2021","2046.84"
"Uttar Pradesh","Rice","Feb 2021","2055.08"
"Uttar Pradesh","Rice","Mar 2021","2085.65"
"Uttar Pradesh","Rice","Apr 2021","2185.51"
"Uttar Pradesh","Rice","May 2021","2347.47"
"Uttar Pradesh","Rice","Jun 2021","2378.77"
"Uttar Pradesh","Rice","Jul 2021","2371.15"
"Uttar Pradesh","Rice","Aug 2021","2398.95"
"Uttar Pradesh","Rice","Sep 2021","2401.61"
"Uttar Pradesh","Rice","Oct 2021","2465.08"
"Uttar Pradesh","Rice","Nov 2021","2599.69"
"Uttar Pradesh","Rice","Dec 2021","2427.13"
"Uttar Pradesh","Rice","Jan 2022","2267.04"
"Uttar Pradesh","Rice","Feb 2022","2213.22"
"Uttar Pradesh","Rice","Mar 2022","2218.02"
"Uttar Pradesh","Rice","Apr 2022","2250.25"
"Uttar Pradesh","Rice","May 2022","2300.68"
"Uttar Pradesh","Rice","Jun 2022","2412.09"
"Uttar Pradesh","Rice","Jul 2022","2560.53"
"Uttar Pradesh","Rice","Aug 2022","2594.33"
"Uttar Pradesh","Rice","Sep 2022","2711.50"
"Uttar Pradesh","Rice","Oct 2022","2684.91"
"Uttar Pradesh","Rice","Nov 2022","2558.77"
"Uttar Pradesh","Rice","Dec 2022","2502.41"
"Uttar Pradesh","Rice","Jan 2023","2460.96"
"Uttar Pradesh","Rice","Feb 2023","2427.56"
"Uttar Pradesh","Rice","Mar 2023","2489.95"
"Uttar Pradesh","Rice","Apr 2023","2548.33"
"Uttar Pradesh","Rice","May 2023","2527.57"
"Uttar Pradesh","Rice","Jun 2023","2545.69"
"Uttar Pradesh","Rice","Jul 2023","2609.77"
"Uttar Pradesh","Rice","Aug 2023","2639.59"
"Uttar Pradesh","Rice","Sep 2023","2787.72"
"Uttar Pradesh","Rice","Oct 2023","2728.79"
"Uttar Pradesh","Rice","Nov 2023","2814.22"
"Uttar Pradesh","Rice","Dec 2023","2621.93"
"Uttar Pradesh","Rice","Jan 2024","2559.70"
"Uttar Pradesh","Rice","Feb 2024","2578.57"
"Uttar Pradesh","Rice","Mar 2024","2704.05"
"Uttar Pradesh","Rice","Apr 2024","2734.86"
"Uttar Pradesh","Rice","May 2024","2767.88"
"Uttar Pradesh","Rice","Jun 2024","2784.90"
"Uttar Pradesh","Rice","Jul 2024","2676.41"
"Uttar Pradesh","Rice","Aug 2024","2834.01"
"Uttar Pradesh","Rice","Sep 2024","2852.33"
"Uttar Pradesh","Rice","Oct 2024","2529.04"
"Uttar Pradesh","Rice","Nov 2024","2583.80"
"Uttar Pradesh","Rice","Dec 2024","2587.07"
"Uttar Pradesh","Rice","Jan 2025","2615.30"
"Uttar Pradesh","Rice","Feb 2025","2619.76"
"Uttar Pradesh","Rice","Mar 2025","2732.55"
"Uttar Pradesh","Rice","Apr 2025","2878.84"
"Uttar Pradesh","Rice","May 2025","2981.46"
"Uttar Pradesh","Rice","Jun 2025","2994.68"
"Uttar Pradesh","Rice","Jul 2025","2901.58"
"Uttar Pradesh","Rice","Aug 2025","3001.07"
"Uttar Pradesh","Rice","Sep 2025","2827.75"
"Uttar Pradesh","Rice","Oct 2025","2458.98"
"Uttar Pradesh","Rice","Nov 2025","2689.39"
"Uttar Pradesh","Rice","Dec 2025","3169.42"
"Uttar Pradesh","Rice","Jan 2026","3109.94"
"Uttar Pradesh","Rice","Feb 2026","2837.06"
"Uttar Pradesh","Rice","Mar 2026","2873.94"
"Uttar Pradesh","Rice","Apr 2026","3022.74"
"Uttar Pradesh","Rice","May 2026","2939.14"
"Uttar Pradesh","Rice","Jun 2026","3024.15"
"Uttar Pradesh","Rice","Jul 2026","3148.31"
"Uttar Pradesh","Rice","Aug 2026","3072.60"
"Uttar Pradesh","Rice","Sep 2026","2958.89"
"Uttar Pradesh","Peas","Oct 2016","3107.07"
"Uttar Pradesh","Peas","Nov 2016","3143.48"
"Uttar Pradesh","Peas","Dec 2016","3023.14"
"Uttar Pradesh","Peas","Jan 2017","2912.56"
"Uttar Pradesh","Peas","Feb 2017","2662.92"
"Uttar Pradesh","Peas","Mar 2017","2406.12"
"Uttar Pradesh","Peas","Apr 2017","2473.39"
"Uttar Pradesh","Peas","May 2017","2515.91"
"Uttar Pradesh","Peas","Jun 2017","2573.95"
"Uttar Pradesh","Peas","Jul 2017","2553.23"
"Uttar Pradesh","Peas","Aug 2017","2590.32"
"Uttar Pradesh","Peas","Sep 2017","2465.19"
"Uttar Pradesh","Peas","Oct 2017","2380.37"
"Uttar Pradesh","Peas","Nov 2017","2421.31"
"Uttar Pradesh","Peas","Dec 2017","2519.90"
"Uttar Pradesh","Peas","Jan 2018","2587.85"
"Uttar Pradesh","Peas","Feb 2018","2624.40"
"Uttar Pradesh","Peas","Mar 2018","2637.90"
"Uttar Pradesh","Peas","Apr 2018","2869.80"
"Uttar Pradesh","Peas","May 2018","3110.64"
"Uttar Pradesh","Peas","Jun 2018","3176.21"
"Uttar Pradesh","Peas","Jul 2018","3523.97"
"Uttar Pradesh","Peas","Aug 2018","3904.54"
"Uttar Pradesh","Peas","Sep 2018","3950.36"
"Uttar Pradesh","Peas","Oct 2018","4187.66"
"Uttar Pradesh","Peas","Nov 2018","3996.77"
"Uttar Pradesh","Peas","Dec 2018","4558.85"
"Uttar Pradesh","Peas","Jan 2019","4535.67"
"Uttar Pradesh","Peas","Feb 2019","4637.51"
"Uttar Pradesh","Peas","Mar 2019","4024.02"
"Uttar Pradesh","Peas","Apr 2019","4279.52"
"Uttar Pradesh","Peas","May 2019","4458.41"
"Uttar Pradesh","Peas","Jun 2019","4599.86"
"Uttar Pradesh","Peas","Jul 2019","4637.12"
"Uttar Pradesh","Peas","Aug 2019","4773.39"
"Uttar Pradesh","Peas","Sep 2019","4909.71"
"Uttar Pradesh","Peas","Oct 2019","4915.26"
"Uttar Pradesh","Peas","Nov 2019","4972.87"
"Uttar Pradesh","Peas","Dec 2019","5033.55"
"Uttar Pradesh","Peas","Jan 2020","5125.21"
"Uttar Pradesh","Peas","Feb 2020","5079.41"
"Uttar Pradesh","Peas","Mar 2020","4310.74"
"Uttar Pradesh","Peas","Apr 2020","4699.26"
"Uttar Pradesh","Peas","May 2020","4584.85"
"Uttar Pradesh","Peas","Jun 2020","4641.55"
"Uttar Pradesh","Peas","Jul 2020","4944.41"
"Uttar Pradesh","Peas","Aug 2020","5413.92"
"Uttar Pradesh","Peas","Sep 2020","5623.98"
"Uttar Pradesh","Peas","Oct 2020","6041.51"
"Uttar Pradesh","Peas","Nov 2020","6034.73"
"Uttar Pradesh","Peas","Dec 2020","5998.69"
"Uttar Pradesh","Peas","Jan 2021","6169.01"
"Uttar Pradesh","Peas","Feb 2021","5841.84"
"Uttar Pradesh","Peas","Mar 2021","5066.02"
"Uttar Pradesh","Peas","Apr 2021","5061.16"
"Uttar Pradesh","Peas","May 2021","5248.72"
"Uttar Pradesh","Peas","Jun 2021","5069.15"
"Uttar Pradesh","Peas","Jul 2021","5232.51"
"Uttar Pradesh","Peas","Aug 2021","5768.75"
"Uttar Pradesh","Peas","Sep 2021","5810.37"
"Uttar Pradesh","Peas","Oct 2021","5849.72"
"Uttar Pradesh","Peas","Nov 2021","6007.59"
"Uttar Pradesh","Peas","Dec 2021","6194.65"
"Uttar Pradesh","Peas","Jan 2022","6391.06"
"Uttar Pradesh","Peas","Feb 2022","6161.87"
"Uttar Pradesh","Peas","Mar 2022","5014.02"
"Uttar Pradesh","Peas","Apr 2022","4707.92"
"Uttar Pradesh","Peas","May 2022","4416.67"
"Uttar Pradesh","Peas","Jun 2022","4550.59"
"Uttar Pradesh","Peas","Jul 2022","4566.90"
"Uttar Pradesh","Peas","Aug 2022","4931.80"
"Uttar Pradesh","Peas","Sep 2022","5090.86"
"Uttar Pradesh","Peas","Oct 2022","4839.22"
"Uttar Pradesh","Peas","Nov 2022","4712.31"
"Uttar Pradesh","Peas","Dec 2022","4833.24"
"Uttar Pradesh","Peas","Jan 2023","3394.95"
"Uttar Pradesh","Peas","Feb 2023","3490.97"
"Uttar Pradesh","Peas","Mar 2023","4198.76"
"Uttar Pradesh","Peas","Apr 2023","4284.76"
"Uttar Pradesh","Peas","May 2023","4165.89"
"Uttar Pradesh","Peas","Jun 2023","4154.39"
"Uttar Pradesh","Peas","Jul 2023","4368.91"
"Uttar Pradesh","Peas","Aug 2023","4933.46"
"Uttar Pradesh","Peas","Sep 2023","5110.91"
"Uttar Pradesh","Peas","Oct 2023","5020.57"
"Uttar Pradesh","Peas","Nov 2023","5561.80"
"Uttar Pradesh","Peas","Dec 2023","5246.85"
"Uttar Pradesh","Peas","Jan 2024","5009.86"
"Uttar Pradesh","Peas","Feb 2024","4708.92"
"Uttar Pradesh","Peas","Mar 2024","4630.04"
"Uttar Pradesh","Peas","Apr 2024","4449.93"
"Uttar Pradesh","Peas","May 2024","4244.41"
"Uttar Pradesh","Peas","Jun 2024","4291.10"
"Uttar Pradesh","Peas","Jul 2024","4212.90"
"Uttar Pradesh","Peas","Aug 2024","4326.23"
"Uttar Pradesh","Peas","Sep 2024","4385.44"
"Uttar Pradesh","Peas","Oct 2024","4323.60"
"Uttar Pradesh","Peas","Nov 2024","4268.25"
"Uttar Pradesh","Peas","Dec 2024","3895.91"
"Uttar Pradesh","Peas","Jan 2025","4029.28"
"Uttar Pradesh","Peas","Feb 2025","3897.45"
"Uttar Pradesh","Peas","Mar 2025","3698.79"
"Uttar Pradesh","Peas","Apr 2025","3651.44"
"Uttar Pradesh","Peas","May 2025","3616.65"
"Uttar Pradesh","Peas","Jun 2025","3646.33"
"Uttar Pradesh","Peas","Jul 2025","3818.82"
"Uttar Pradesh","Peas","Aug 2025","3974.71"
"Uttar Pradesh","Peas","Sep 2025","3978.83"
"Uttar Pradesh","Peas","Oct 2025","3884.31"
"Uttar Pradesh","Peas","Nov 2025","3990.26"
"Uttar Pradesh","Peas","Dec 2025","3906.83"
"Uttar Pradesh","Peas","Jan 2026","3968.45"
"Uttar Pradesh","Peas","Feb 2026","4106.39"
"Uttar Pradesh","Peas","Mar 2026","3874.62"
"Uttar Pradesh","Peas","Apr 2026","3905.47"
"Uttar Pradesh","Peas","May 2026","3665.22"
"Uttar Pradesh","Peas","Jun 2026","3689.54"
"Uttar Pradesh","Peas","Jul 2026","3779.55"
"Uttar Pradesh","Peas","Aug 2026","3571.69"
"Uttar Pradesh","Peas","Sep 2026","3758.10"
"Uttar Pradesh","Tomato","Oct 2016","1452.82"
"Uttar Pradesh","Tomato","Nov 2016","1086.39"
"Uttar Pradesh","Tomato","Dec 2016","804.28"
"Uttar Pradesh","Tomato","Jan 2017","533.22"
"Uttar Pradesh","Tomato","Feb 2017","475.80"
"Uttar Pradesh","Tomato","Mar 2017","636.32"
"Uttar Pradesh","Tomato","Apr 2017","757.95"
"Uttar Pradesh","Tomato","May 2017","629.64"
"Uttar Pradesh","Tomato","Jun 2017","975.36"
"Uttar Pradesh","Tomato","Jul 2017","4156.18"
"Uttar Pradesh","Tomato","Aug 2017","3580.71"
"Uttar Pradesh","Tomato","Sep 2017","2204.25"
"Uttar Pradesh","Tomato","Oct 2017","1964.31"
"Uttar Pradesh","Tomato","Nov 2017","2956.71"
"Uttar Pradesh","Tomato","Dec 2017","1848.51"
"Uttar Pradesh","Tomato","Jan 2018","1073.87"
"Uttar Pradesh","Tomato","Feb 2018","767.42"
"Uttar Pradesh","Tomato","Mar 2018","644.25"
"Uttar Pradesh","Tomato","Apr 2018","679.91"
"Uttar Pradesh","Tomato","May 2018","598.74"
"Uttar Pradesh","Tomato","Jun 2018","867.01"
"Uttar Pradesh","Tomato","Jul 2018","1989.46"
"Uttar Pradesh","Tomato","Aug 2018","1830.70"
"Uttar Pradesh","Tomato","Sep 2018","1356.92"
"Uttar Pradesh","Tomato","Oct 2018","1306.40"
"Uttar Pradesh","Tomato","Nov 2018","1279.02"
"Uttar Pradesh","Tomato","Dec 2018","888.57"
"Uttar Pradesh","Tomato","Jan 2019","798.61"
"Uttar Pradesh","Tomato","Feb 2019","735.94"
"Uttar Pradesh","Tomato","Mar 2019","1148.90"
"Uttar Pradesh","Tomato","Apr 2019","1252.57"
"Uttar Pradesh","Tomato","May 2019","1608.89"
"Uttar Pradesh","Tomato","Jun 2019","1821.23"
"Uttar Pradesh","Tomato","Jul 2019","1949.61"
"Uttar Pradesh","Tomato","Aug 2019","2251.49"
"Uttar Pradesh","Tomato","Sep 2019","1661.77"
"Uttar Pradesh","Tomato","Oct 2019","2281.40"
"Uttar Pradesh","Tomato","Nov 2019","2240.15"
"Uttar Pradesh","Tomato","Dec 2019","1332.83"
"Uttar Pradesh","Tomato","Jan 2020","1266.67"
"Uttar Pradesh","Tomato","Feb 2020","1062.81"
"Uttar Pradesh","Tomato","Mar 2020","986.98"
"Uttar Pradesh","Tomato","Apr 2020","1368.17"
"Uttar Pradesh","Tomato","May 2020","954.62"
"Uttar Pradesh","Tomato","Jun 2020","970.92"
"Uttar Pradesh","Tomato","Jul 2020","3232.83"
"Uttar Pradesh","Tomato","Aug 2020","3052.01"
"Uttar Pradesh","Tomato","Sep 2020","3162.30"
"Uttar Pradesh","Tomato","Oct 2020","2767.20"
"Uttar Pradesh","Tomato","Nov 2020","2456.39"
"Uttar Pradesh","Tomato","Dec 2020","1686.83"
"Uttar Pradesh","Tomato","Jan 2021","1075.42"
"Uttar Pradesh","Tomato","Feb 2021","859.32"
"Uttar Pradesh","Tomato","Mar 2021","720.44"
"Uttar Pradesh","Tomato","Apr 2021","813.62"
"Uttar Pradesh","Tomato","May 2021","727.13"
"Uttar Pradesh","Tomato","Jun 2021","853.99"
"Uttar Pradesh","Tomato","Jul 2021","1683.70"
"Uttar Pradesh","Tomato","Aug 2021","1887.98"
"Uttar Pradesh","Tomato","Sep 2021","1433.15"
"Uttar Pradesh","Tomato","Oct 2021","2671.58"
"Uttar Pradesh","Tomato","Nov 2021","3336.60"
"Uttar Pradesh","Tomato","Dec 2021","2243.02"
"Uttar Pradesh","Tomato","Jan 2022","1324.65"
"Uttar Pradesh","Tomato","Feb 2022","1098.05"
"Uttar Pradesh","Tomato","Mar 2022","1121.52"
"Uttar Pradesh","Tomato","Apr 2022","1244.11"
"Uttar Pradesh","Tomato","May 2022","1568.70"
"Uttar Pradesh","Tomato","Jun 2022","2859.08"
"Uttar Pradesh","Tomato","Jul 2022","2380.92"
"Uttar Pradesh","Tomato","Aug 2022","1907.87"
"Uttar Pradesh","Tomato","Sep 2022","2269.51"
"Uttar Pradesh","Tomato","Oct 2022","2571.59"
"Uttar Pradesh","Tomato","Nov 2022","1936.44"
"Uttar Pradesh","Tomato","Dec 2022","1172.08"
"Uttar Pradesh","Tomato","Jan 2023","893.91"
"Uttar Pradesh","Tomato","Feb 2023","833.23"
"Uttar Pradesh","Tomato","Mar 2023","833.96"
"Uttar Pradesh","Tomato","Apr 2023","996.52"
"Uttar Pradesh","Tomato","May 2023","860.76"
"Uttar Pradesh","Tomato","Jun 2023","1266.76"
"Uttar Pradesh","Tomato","Jul 2023","6704.44"
"Uttar Pradesh","Tomato","Aug 2023","3986.33"
"Uttar Pradesh","Tomato","Sep 2023","1632.22"
"Uttar Pradesh","Tomato","Oct 2023","1200.93"
"Uttar Pradesh","Tomato","Nov 2023","2087.28"
"Uttar Pradesh","Tomato","Dec 2023","1533.02"
"Uttar Pradesh","Tomato","Jan 2024","1254.46"
"Uttar Pradesh","Tomato","Feb 2024","1656.89"
"Uttar Pradesh","Tomato","Mar 2024","1890.35"
"Uttar Pradesh","Tomato","Apr 2024","1797.72"
"Uttar Pradesh","Tomato","May 2024","1380.61"
"Uttar Pradesh","Tomato","Jun 2024","1402.02"
"Uttar Pradesh","Tomato","Jul 2024","4062.34"
"Uttar Pradesh","Tomato","Aug 2024","3089.71"
"Uttar Pradesh","Tomato","Sep 2024","2718.45"
"Uttar Pradesh","Tomato","Oct 2024","4453.46"
"Uttar Pradesh","Tomato","Nov 2024","3227.58"
"Uttar Pradesh","Tomato","Dec 2024","2284.68"
"Uttar Pradesh","Tomato","Jan 2025","1030.43"
"Uttar Pradesh","Tomato","Feb 2025","779.44"
"Uttar Pradesh","Tomato","Mar 2025","644.59"
"Uttar Pradesh","Tomato","Apr 2025","700.67"
"Uttar Pradesh","Tomato","May 2025","822.97"
"Uttar Pradesh","Tomato","Jun 2025","1637.78"
"Uttar Pradesh","Tomato","Jul 2025","2745.10"
"Uttar Pradesh","Tomato","Aug 2025","3724.04"
"Uttar Pradesh","Tomato","Sep 2025","2366.76"
"Uttar Pradesh","Tomato","Oct 2025","1995.95"
"Uttar Pradesh","Tomato","Nov 2025","2469.39"
"Uttar Pradesh","Tomato","Dec 2025","2665.61"
"Uttar Pradesh","Tomato","Jan 2026","2362.05"
"Uttar Pradesh","Tomato","Feb 2026","1162.77"
"Uttar Pradesh","Tomato","Mar 2026","1022.35"
"Uttar Pradesh","Tomato","Apr 2026","1020.68"
"Uttar Pradesh","Tomato","May 2026","981.19"
"Uttar Pradesh","Tomato","Jun 2026","1249.42"
"Uttar Pradesh","Tomato","Jul 2026","1719.88"
"Uttar Pradesh","Tomato","Aug 2026","1529.10"
"Uttar Pradesh","Tomato","Sep 2026","1562.39"
"Uttar Pradesh","Linseed","Oct 2016","5252.62"
"Uttar Pradesh","Linseed","Nov 2016","5056.83"
"Uttar Pradesh","Linseed","Dec 2016","5171.02"
"Uttar Pradesh","Linseed","Jan 2017","5046.86"
"Uttar Pradesh","Linseed","Feb 2017","5251.30"
"Uttar Pradesh","Linseed","Mar 2017","4617.98"
"Uttar Pradesh","Linseed","Apr 2017","4403.64"
"Uttar Pradesh","Linseed","May 2017","4374.35"
"Uttar Pradesh","Linseed","Jun 2017","4314.58"
"Uttar Pradesh","Linseed","Jul 2017","4433.38"
"Uttar Pradesh","Linseed","Aug 2017","4385.46"
"Uttar Pradesh","Linseed","Sep 2017","4318.70"
"Uttar Pradesh","Linseed","Oct 2017","4314.70"
"Uttar Pradesh","Linseed","Nov 2017","4276.58"
"Uttar Pradesh","Linseed","Dec 2017","4377.60"
"Uttar Pradesh","Linseed","Jan 2018","4177.68"
"Uttar Pradesh","Linseed","Feb 2018","4315.54"
"Uttar Pradesh","Linseed","Mar 2018","4126.31"
"Uttar Pradesh","Linseed","Apr 2018","3871.04"
"Uttar Pradesh","Linseed","May 2018","3876.31"
"Uttar Pradesh","Linseed","Jun 2018","3994.23"
"Uttar Pradesh","Linseed","Jul 2018","4136.83"
"Uttar Pradesh","Linseed","Aug 2018","4186.31"
"Uttar Pradesh","Linseed","Sep 2018","4150.76"
"Uttar Pradesh","Linseed","Oct 2018","4146.67"
"Uttar Pradesh","Linseed","Nov 2018","4141.86"
"Uttar Pradesh","Linseed","Dec 2018","4192.17"
"Uttar Pradesh","Linseed","Jan 2019","4260.14"
"Uttar Pradesh","Linseed","Feb 2019","4272.03"
"Uttar Pradesh","Linseed","Mar 2019","4276.03"
"Uttar Pradesh","Linseed","Apr 2019","4245.77"
"Uttar Pradesh","Linseed","May 2019","4610.90"
"Uttar Pradesh","Linseed","Jun 2019","4639.37"
"Uttar Pradesh","Linseed","Jul 2019","4576.57"
"Uttar Pradesh","Linseed","Aug 2019","4832.57"
"Uttar Pradesh","Linseed","Sep 2019","4783.29"
"Uttar Pradesh","Linseed","Oct 2019","4757.83"
"Uttar Pradesh","Linseed","Nov 2019","5383.46"
"Uttar Pradesh","Linseed","Dec 2019","5092.71"
"Uttar Pradesh","Linseed","Jan 2020","5335.42"
"Uttar Pradesh","Linseed","Feb 2020","5001.67"
"Uttar Pradesh","Linseed","Mar 2020","4734.46"
"Uttar Pradesh","Linseed","Apr 2020","4856.95"
"Uttar Pradesh","Linseed","May 2020","4730.97"
"Uttar Pradesh","Linseed","Jun 2020","4703.51"
"Uttar Pradesh","Linseed","Jul 2020","4926.49"
"Uttar Pradesh","Linseed","Aug 2020","5163.36"
"Uttar Pradesh","Linseed","Sep 2020","5182.35"
"Uttar Pradesh","Linseed","Oct 2020","5212.03"
"Uttar Pradesh","Linseed","Nov 2020","5030.33"
"Uttar Pradesh","Linseed","Dec 2020","5152.62"
"Uttar Pradesh","Linseed","Jan 2021","5238.19"
"Uttar Pradesh","Linseed","Feb 2021","5337.45"
"Uttar Pradesh","Linseed","Mar 2021","5404.78"
"Uttar Pradesh","Linseed","Apr 2021","5777.18"
"Uttar Pradesh","Linseed","May 2021","6277.87"
"Uttar Pradesh","Linseed","Jun 2021","6265.68"
"Uttar Pradesh","Linseed","Jul 2021","6161.01"
"Uttar Pradesh","Linseed","Aug 2021","6650.75"
"Uttar Pradesh","Linseed","Sep 2021","7244.75"
"Uttar Pradesh","Linseed","Oct 2021","8232.30"
"Uttar Pradesh","Linseed","Nov 2021","8286.06"
"Uttar Pradesh","Linseed","Dec 2021","8510.55"
"Uttar Pradesh","Linseed","Jan 2022","8232.10"
"Uttar Pradesh","Linseed","Feb 2022","7910.47"
"Uttar Pradesh","Linseed","Mar 2022","7702.68"
"Uttar Pradesh","Linseed","Apr 2022","7360.03"
"Uttar Pradesh","Linseed","May 2022","7215.43"
"Uttar Pradesh","Linseed","Jun 2022","6722.11"
"Uttar Pradesh","Linseed","Jul 2022","6720.79"
"Uttar Pradesh","Linseed","Aug 2022","6737.57"
"Uttar Pradesh","Linseed","Sep 2022","6666.97"
"Uttar Pradesh","Linseed","Oct 2022","6760.91"
"Uttar Pradesh","Linseed","Nov 2022","6812.46"
"Uttar Pradesh","Linseed","Dec 2022","6566.12"
"Uttar Pradesh","Linseed","Jan 2023","6359.08"
"Uttar Pradesh","Linseed","Feb 2023","5882.38"
"Uttar Pradesh","Linseed","Mar 2023","5403.12"
"Uttar Pradesh","Linseed","Apr 2023","4942.36"
"Uttar Pradesh","Linseed","May 2023","4998.63"
"Uttar Pradesh","Linseed","Jun 2023","5231.63"
"Uttar Pradesh","Linseed","Jul 2023","5261.74"
"Uttar Pradesh","Linseed","Aug 2023","5180.62"
"Uttar Pradesh","Linseed","Sep 2023","5245.21"
"Uttar Pradesh","Linseed","Oct 2023","5209.01"
"Uttar Pradesh","Linseed","Nov 2023","7603.53"
"Uttar Pradesh","Linseed","Dec 2023","5146.43"
"Uttar Pradesh","Linseed","Jan 2024","5152.82"
"Uttar Pradesh","Linseed","Feb 2024","5106.88"
"Uttar Pradesh","Linseed","Mar 2024","5153.57"
"Uttar Pradesh","Linseed","Apr 2024","5086.56"
"Uttar Pradesh","Linseed","May 2024","5456.68"
"Uttar Pradesh","Linseed","Jun 2024","5324.55"
"Uttar Pradesh","Linseed","Jul 2024","5658.55"
"Uttar Pradesh","Linseed","Aug 2024","6092.97"
"Uttar Pradesh","Linseed","Sep 2024","5822.67"
"Uttar Pradesh","Linseed","Oct 2024","5907.52"
"Uttar Pradesh","Linseed","Nov 2024","6026.54"
"Uttar Pradesh","Linseed","Dec 2024","6129.38"
"Uttar Pradesh","Linseed","Jan 2025","6036.26"
"Uttar Pradesh","Linseed","Feb 2025","6134.63"
"Uttar Pradesh","Linseed","Mar 2025","5608.74"
"Uttar Pradesh","Linseed","Apr 2025","6225.18"
"Uttar Pradesh","Linseed","May 2025","6376.91"
"Uttar Pradesh","Linseed","Jun 2025","6369.57"
"Uttar Pradesh","Linseed","Jul 2025","7090.55"
"Uttar Pradesh","Linseed","Aug 2025","7393.54"
"Uttar Pradesh","Linseed","Sep 2025","7236.90"
"Uttar Pradesh","Linseed","Oct 2025","7197.80"
"Uttar Pradesh","Linseed","Nov 2025","7591.39"
"Uttar Pradesh","Linseed","Dec 2025","10331.12"
"Uttar Pradesh","Linseed","Jan 2026","7823.36"
"Uttar Pradesh","Linseed","Feb 2026","6108.54"
"Uttar Pradesh","Linseed","Mar 2026","9096.50"
"Uttar Pradesh","Linseed","Apr 2026","6182.02"
"Uttar Pradesh","Linseed","May 2026","7003.90"
"Uttar Pradesh","Linseed","Jun 2026","5984.32"
"Uttar Pradesh","Linseed","Jul 2026","5553.75"
"Uttar Pradesh","Linseed","Aug 2026","5831.38"
"Uttar Pradesh","Linseed","Sep 2026","9426.82"
"Uttar Pradesh","Groundnut","Oct 2016","4204.24"
"Uttar Pradesh","Groundnut","Nov 2016","4392.67"
"Uttar Pradesh","Groundnut","Dec 2016","4254.48"
"Uttar Pradesh","Groundnut","Jan 2017","4317.63"
"Uttar Pradesh","Groundnut","Feb 2017","4481.74"
"Uttar Pradesh","Groundnut","Mar 2017","4246.08"
"Uttar Pradesh","Groundnut","Apr 2017","5514.03"
"Uttar Pradesh","Groundnut","May 2017","4950.20"
"Uttar Pradesh","Groundnut","Jun 2017","3735.96"
"Uttar Pradesh","Groundnut","Jul 2017","3000.95"
"Uttar Pradesh","Groundnut","Aug 2017","2827.48"
"Uttar Pradesh","Groundnut","Sep 2017","3006.00"
"Uttar Pradesh","Groundnut","Oct 2017","3608.65"
"Uttar Pradesh","Groundnut","Nov 2017","3602.99"
"Uttar Pradesh","Groundnut","Dec 2017","3748.89"
"Uttar Pradesh","Groundnut","Jan 2018","4232.08"
"Uttar Pradesh","Groundnut","Feb 2018","4014.94"
"Uttar Pradesh","Groundnut","Mar 2018","4263.98"
"Uttar Pradesh","Groundnut","Apr 2018","4222.75"
"Uttar Pradesh","Groundnut","May 2018","4456.81"
"Uttar Pradesh","Groundnut","Jun 2018","3274.62"
"Uttar Pradesh","Groundnut","Jul 2018","3148.58"
"Uttar Pradesh","Groundnut","Aug 2018","3383.02"
"Uttar Pradesh","Groundnut","Sep 2018","3758.68"
"Uttar Pradesh","Groundnut","Oct 2018","3841.19"
"Uttar Pradesh","Groundnut","Nov 2018","4116.38"
"Uttar Pradesh","Groundnut","Dec 2018","4403.37"
"Uttar Pradesh","Groundnut","Jan 2019","4439.09"
"Uttar Pradesh","Groundnut","Feb 2019","4179.98"
"Uttar Pradesh","Groundnut","Mar 2019","3931.35"
"Uttar Pradesh","Groundnut","Apr 2019","4114.01"
"Uttar Pradesh","Groundnut","May 2019","4174.64"
"Uttar Pradesh","Groundnut","Jun 2019","4751.36"
"Uttar Pradesh","Groundnut","Jul 2019","4838.76"
"Uttar Pradesh","Groundnut","Aug 2019","4807.17"
"Uttar Pradesh","Groundnut","Sep 2019","4878.73"
"Uttar Pradesh","Groundnut","Oct 2019","4121.86"
"Uttar Pradesh","Groundnut","Nov 2019","3843.97"
"Uttar Pradesh","Groundnut","Dec 2019","3993.91"
"Uttar Pradesh","Groundnut","Jan 2020","4474.81"
"Uttar Pradesh","Groundnut","Feb 2020","4670.89"
"Uttar Pradesh","Groundnut","Mar 2020","4771.35"
"Uttar Pradesh","Groundnut","Apr 2020","4826.14"
"Uttar Pradesh","Groundnut","May 2020","4847.57"
"Uttar Pradesh","Groundnut","Jun 2020","4837.61"
"Uttar Pradesh","Groundnut","Jul 2020","4742.64"
"Uttar Pradesh","Groundnut","Aug 2020","4692.18"
"Uttar Pradesh","Groundnut","Sep 2020","4636.66"
"Uttar Pradesh","Groundnut","Oct 2020","4043.43"
"Uttar Pradesh","Groundnut","Nov 2020","4047.61"
"Uttar Pradesh","Groundnut","Dec 2020","4188.18"
"Uttar Pradesh","Groundnut","Jan 2021","4700.11"
"Uttar Pradesh","Groundnut","Feb 2021","5254.10"
"Uttar Pradesh","Groundnut","Mar 2021","5410.48"
"Uttar Pradesh","Groundnut","Apr 2021","5325.93"
"Uttar Pradesh","Groundnut","May 2021","5583.49"
"Uttar Pradesh","Groundnut","Jun 2021","4740.67"
"Uttar Pradesh","Groundnut","Jul 2021","4613.21"
"Uttar Pradesh","Groundnut","Aug 2021","5416.41"
"Uttar Pradesh","Groundnut","Sep 2021","5486.79"
"Uttar Pradesh","Groundnut","Oct 2021","5369.06"
"Uttar Pradesh","Groundnut","Nov 2021","5006.57"
"Uttar Pradesh","Groundnut","Dec 2021","5135.77"
"Uttar Pradesh","Groundnut","Jan 2022","5206.84"
"Uttar Pradesh","Groundnut","Feb 2022","5099.02"
"Uttar Pradesh","Groundnut","Mar 2022","5257.88"
"Uttar Pradesh","Groundnut","Apr 2022","5296.04"
"Uttar Pradesh","Groundnut","May 2022","5258.53"
"Uttar Pradesh","Groundnut","Jun 2022","5542.05"
"Uttar Pradesh","Groundnut","Jul 2022","5344.32"
"Uttar Pradesh","Groundnut","Aug 2022","5328.79"
"Uttar Pradesh","Groundnut","Sep 2022","5370.77"
"Uttar Pradesh","Groundnut","Oct 2022","5249.25"
"Uttar Pradesh","Groundnut","Nov 2022","5151.50"
"Uttar Pradesh","Groundnut","Dec 2022","5545.10"
"Uttar Pradesh","Groundnut","Jan 2023","5998.44"
"Uttar Pradesh","Groundnut","Feb 2023","6221.96"
"Uttar Pradesh","Groundnut","Mar 2023","6234.76"
"Uttar Pradesh","Groundnut","Apr 2023","6006.40"
"Uttar Pradesh","Groundnut","May 2023","6195.90"
"Uttar Pradesh","Groundnut","Jun 2023","5959.54"
"Uttar Pradesh","Groundnut","Jul 2023","6359.52"
"Uttar Pradesh","Groundnut","Aug 2023","6104.44"
"Uttar Pradesh","Groundnut","Sep 2023","6358.81"
"Uttar Pradesh","Groundnut","Oct 2023","6275.26"
"Uttar Pradesh","Groundnut","Nov 2023","6293.22"
"Uttar Pradesh","Groundnut","Dec 2023","5995.66"
"Uttar Pradesh","Groundnut","Jan 2024","5899.55"
"Uttar Pradesh","Groundnut","Feb 2024","5638.95"
"Uttar Pradesh","Groundnut","Mar 2024","5452.80"
"Uttar Pradesh","Groundnut","Apr 2024","5392.83"
"Uttar Pradesh","Groundnut","May 2024","5438.03"
"Uttar Pradesh","Groundnut","Jun 2024","5667.12"
"Uttar Pradesh","Groundnut","Jul 2024","5310.60"
"Uttar Pradesh","Groundnut","Aug 2024","4949.69"
"Uttar Pradesh","Groundnut","Sep 2024","4862.60"
"Uttar Pradesh","Groundnut","Oct 2024","4984.32"
"Uttar Pradesh","Groundnut","Nov 2024","4627.88"
"Uttar Pradesh","Groundnut","Dec 2024","4726.17"
"Uttar Pradesh","Groundnut","Jan 2025","4591.99"
"Uttar Pradesh","Groundnut","Feb 2025","4367.83"
"Uttar Pradesh","Groundnut","Mar 2025","4578.84"
"Uttar Pradesh","Groundnut","Apr 2025","4616.25"
"Uttar Pradesh","Groundnut","May 2025","4808.88"
"Uttar Pradesh","Groundnut","Jun 2025","5438.89"
"Uttar Pradesh","Groundnut","Jul 2025","5391.10"
"Uttar Pradesh","Groundnut","Aug 2025","5736.14"
"Uttar Pradesh","Groundnut","Sep 2025","5989.59"
"Uttar Pradesh","Groundnut","Oct 2025","5050.69"
"Uttar Pradesh","Groundnut","Nov 2025","5325.94"
"Uttar Pradesh","Groundnut","Dec 2025","5737.67"
"Uttar Pradesh","Groundnut","Jan 2026","6110.49"
"Uttar Pradesh","Groundnut","Feb 2026","6783.29"
"Uttar Pradesh","Groundnut","Mar 2026","7005.84"
"Uttar Pradesh","Groundnut","Apr 2026","7715.36"
"Uttar Pradesh","Groundnut","May 2026","9120.35"
"Uttar Pradesh","Groundnut","Jun 2026","6739.01"
"Uttar Pradesh","Groundnut","Jul 2026","6979.50"
"Uttar Pradesh","Groundnut","Aug 2026","6745.47"
"Uttar Pradesh","Groundnut","Sep 2026","6872.85"
"Uttar Pradesh","Masur/Lentil (Dal/Split)","Oct 2016","7771.08"
"Uttar Pradesh","Masur/Lentil (Dal/Split)","Nov 2016","7724.86"
"Uttar Pradesh","Masur/Lentil (Dal/Split)","Dec 2016","7551.22"
"Uttar Pradesh","Masur/Lentil (Dal/Split)","Jan 2017","7466.61"
"Uttar Pradesh","Masur/Lentil (Dal/Split)","Feb 2017","6901.68"
"Uttar Pradesh","Masur/Lentil (Dal/Split)","Mar 2017","6650.27"
"Uttar Pradesh","Masur/Lentil (Dal/Split)","Apr 2017","6612.00"
"Uttar Pradesh","Masur/Lentil (Dal/Split)","May 2017","6058.04"
"Uttar Pradesh","Masur/Lentil (Dal/Split)","Jun 2017","5326.53"
"Uttar Pradesh","Masur/Lentil (Dal/Split)","Jul 2017","5563.81"
"Uttar Pradesh","Masur/Lentil (Dal/Split)","Aug 2017","5502.53"
"Uttar Pradesh","Masur/Lentil (Dal/Split)","Sep 2017","4973.73"
"Uttar Pradesh","Masur/Lentil (Dal/Split)","Oct 2017","5419.22"
"Uttar Pradesh","Masur/Lentil (Dal/Split)","Nov 2017","5858.38"
"Uttar Pradesh","Masur/Lentil (Dal/Split)","Dec 2017","5665.42"
"Uttar Pradesh","Masur/Lentil (Dal/Split)","Jan 2018","5363.33"
"Uttar Pradesh","Masur/Lentil (Dal/Split)","Feb 2018","5209.95"
"Uttar Pradesh","Masur/Lentil (Dal/Split)","Mar 2018","4923.78"
"Uttar Pradesh","Masur/Lentil (Dal/Split)","Apr 2018","4435.43"
"Uttar Pradesh","Masur/Lentil (Dal/Split)","May 2018","4522.70"
"Uttar Pradesh","Masur/Lentil (Dal/Split)","Jun 2018","4600.13"
"Uttar Pradesh","Masur/Lentil (Dal/Split)","Jul 2018","4767.77"
"Uttar Pradesh","Masur/Lentil (Dal/Split)","Aug 2018","5307.49"
"Uttar Pradesh","Masur/Lentil (Dal/Split)","Sep 2018","5190.28"
"Uttar Pradesh","Masur/Lentil (Dal/Split)","Oct 2018","5349.96"
"Uttar Pradesh","Masur/Lentil (Dal/Split)","Nov 2018","5184.87"
"Uttar Pradesh","Masur/Lentil (Dal/Split)","Dec 2018","5148.13"
"Uttar Pradesh","Masur/Lentil (Dal/Split)","Jan 2019","5299.82"
"Uttar Pradesh","Masur/Lentil (Dal/Split)","Feb 2019","5240.95"
"Uttar Pradesh","Masur/Lentil (Dal/Split)","Mar 2019","5277.68"
"Uttar Pradesh","Masur/Lentil (Dal/Split)","Apr 2019","5142.35"
"Uttar Pradesh","Masur/Lentil (Dal/Split)","May 2019","5443.45"
"Uttar Pradesh","Masur/Lentil (Dal/Split)","Jun 2019","5833.78"
"Uttar Pradesh","Masur/Lentil (Dal/Split)","Jul 2019","5832.56"
"Uttar Pradesh","Masur/Lentil (Dal/Split)","Aug 2019","5757.77"
"Uttar Pradesh","Masur/Lentil (Dal/Split)","Sep 2019","5798.24"
"Uttar Pradesh","Masur/Lentil (Dal/Split)","Oct 2019","5853.86"
"Uttar Pradesh","Masur/Lentil (Dal/Split)","Nov 2019","5863.84"
"Uttar Pradesh","Masur/Lentil (Dal/Split)","Dec 2019","5900.87"
"Uttar Pradesh","Masur/Lentil (Dal/Split)","Jan 2020","6257.19"
"Uttar Pradesh","Masur/Lentil (Dal/Split)","Feb 2020","6080.22"
"Uttar Pradesh","Masur/Lentil (Dal/Split)","Mar 2020","6030.41"
"Uttar Pradesh","Masur/Lentil (Dal/Split)","Apr 2020","6240.71"
"Uttar Pradesh","Masur/Lentil (Dal/Split)","May 2020","6208.38"
"Uttar Pradesh","Masur/Lentil (Dal/Split)","Jun 2020","6375.75"
"Uttar Pradesh","Masur/Lentil (Dal/Split)","Jul 2020","6740.68"
"Uttar Pradesh","Masur/Lentil (Dal/Split)","Aug 2020","6870.35"
"Uttar Pradesh","Masur/Lentil (Dal/Split)","Sep 2020","7119.19"
"Uttar Pradesh","Masur/Lentil (Dal/Split)","Oct 2020","7380.52"
"Uttar Pradesh","Masur/Lentil (Dal/Split)","Nov 2020","7427.64"
"Uttar Pradesh","Masur/Lentil (Dal/Split)","Dec 2020","7572.30"
"Uttar Pradesh","Masur/Lentil (Dal/Split)","Jan 2021","7630.01"
"Uttar Pradesh","Masur/Lentil (Dal/Split)","Feb 2021","7380.32"
"Uttar Pradesh","Masur/Lentil (Dal/Split)","Mar 2021","7538.52"
"Uttar Pradesh","Masur/Lentil (Dal/Split)","Apr 2021","7621.28"
"Uttar Pradesh","Masur/Lentil (Dal/Split)","May 2021","7602.48"
"Uttar Pradesh","Masur/Lentil (Dal/Split)","Jun 2021","7862.42"
"Uttar Pradesh","Masur/Lentil (Dal/Split)","Jul 2021","7681.17"
"Uttar Pradesh","Masur/Lentil (Dal/Split)","Aug 2021","7957.84"
"Uttar Pradesh","Masur/Lentil (Dal/Split)","Sep 2021","8227.16"
"Uttar Pradesh","Masur/Lentil (Dal/Split)","Oct 2021","8429.03"
"Uttar Pradesh","Masur/Lentil (Dal/Split)","Nov 2021","8477.58"
"Uttar Pradesh","Masur/Lentil (Dal/Split)","Dec 2021","8401.45"
"Uttar Pradesh","Masur/Lentil (Dal/Split)","Jan 2022","8496.11"
"Uttar Pradesh","Masur/Lentil (Dal/Split)","Feb 2022","8504.50"
"Uttar Pradesh","Masur/Lentil (Dal/Split)","Mar 2022","8522.98"
"Uttar Pradesh","Masur/Lentil (Dal/Split)","Apr 2022","8389.80"
"Uttar Pradesh","Masur/Lentil (Dal/Split)","May 2022","8320.30"
"Uttar Pradesh","Masur/Lentil (Dal/Split)","Jun 2022","8433.03"
"Uttar Pradesh","Masur/Lentil (Dal/Split)","Jul 2022","8374.37"
"Uttar Pradesh","Masur/Lentil (Dal/Split)","Aug 2022","8374.69"
"Uttar Pradesh","Masur/Lentil (Dal/Split)","Sep 2022","8403.18"
"Uttar Pradesh","Masur/Lentil (Dal/Split)","Oct 2022","8340.95"
"Uttar Pradesh","Masur/Lentil (Dal/Split)","Nov 2022","8364.19"
"Uttar Pradesh","Masur/Lentil (Dal/Split)","Dec 2022","8259.41"
"Uttar Pradesh","Masur/Lentil (Dal/Split)","Jan 2023","8279.66"
"Uttar Pradesh","Masur/Lentil (Dal/Split)","Feb 2023","8310.38"
"Uttar Pradesh","Masur/Lentil (Dal/Split)","Mar 2023","8282.47"
"Uttar Pradesh","Masur/Lentil (Dal/Split)","Apr 2023","8290.90"
"Uttar Pradesh","Masur/Lentil (Dal/Split)","May 2023","8118.66"
"Uttar Pradesh","Masur/Lentil (Dal/Split)","Jun 2023","8254.89"
"Uttar Pradesh","Masur/Lentil (Dal/Split)","Jul 2023","8440.20"
"Uttar Pradesh","Masur/Lentil (Dal/Split)","Aug 2023","8357.40"
"Uttar Pradesh","Masur/Lentil (Dal/Split)","Sep 2023","8516.24"
"Uttar Pradesh","Masur/Lentil (Dal/Split)","Oct 2023","8539.23"
"Uttar Pradesh","Masur/Lentil (Dal/Split)","Nov 2023","8491.22"
"Uttar Pradesh","Masur/Lentil (Dal/Split)","Dec 2023","8672.32"
"Uttar Pradesh","Masur/Lentil (Dal/Split)","Jan 2024","8621.38"
"Uttar Pradesh","Masur/Lentil (Dal/Split)","Feb 2024","8622.26"
"Uttar Pradesh","Masur/Lentil (Dal/Split)","Mar 2024","8523.20"
"Uttar Pradesh","Masur/Lentil (Dal/Split)","Apr 2024","8266.16"
"Uttar Pradesh","Masur/Lentil (Dal/Split)","May 2024","8220.06"
"Uttar Pradesh","Masur/Lentil (Dal/Split)","Jun 2024","8274.94"
"Uttar Pradesh","Masur/Lentil (Dal/Split)","Jul 2024","8283.79"
"Uttar Pradesh","Masur/Lentil (Dal/Split)","Aug 2024","8536.08"
"Uttar Pradesh","Masur/Lentil (Dal/Split)","Sep 2024","8423.00"
"Uttar Pradesh","Masur/Lentil (Dal/Split)","Oct 2024","8305.83"
"Uttar Pradesh","Masur/Lentil (Dal/Split)","Nov 2024","8286.83"
"Uttar Pradesh","Masur/Lentil (Dal/Split)","Dec 2024","8212.69"
"Uttar Pradesh","Masur/Lentil (Dal/Split)","Jan 2025","8100.70"
"Uttar Pradesh","Masur/Lentil (Dal/Split)","Feb 2025","7885.56"
"Uttar Pradesh","Masur/Lentil (Dal/Split)","Mar 2025","7909.83"
"Uttar Pradesh","Masur/Lentil (Dal/Split)","Apr 2025","7795.78"
"Uttar Pradesh","Masur/Lentil (Dal/Split)","May 2025","7654.32"
"Uttar Pradesh","Masur/Lentil (Dal/Split)","Jun 2025","7680.07"
"Uttar Pradesh","Masur/Lentil (Dal/Split)","Jul 2025","7674.69"
"Uttar Pradesh","Masur/Lentil (Dal/Split)","Aug 2025","7849.87"
"Uttar Pradesh","Masur/Lentil (Dal/Split)","Sep 2025","7855.64"
"Uttar Pradesh","Masur/Lentil (Dal/Split)","Oct 2025","7793.09"
"Uttar Pradesh","Masur/Lentil (Dal/Split)","Nov 2025","7736.42"
"Uttar Pradesh","Masur/Lentil (Dal/Split)","Dec 2025","7724.80"
"Uttar Pradesh","Masur/Lentil (Dal/Split)","Jan 2026","7676.97"
"Uttar Pradesh","Masur/Lentil (Dal/Split)","Feb 2026","6924.79"
"Uttar Pradesh","Masur/Lentil (Dal/Split)","Mar 2026","6306.80"
"Uttar Pradesh","Masur/Lentil (Dal/Split)","Apr 2026","7079.98"
"Uttar Pradesh","Masur/Lentil (Dal/Split)","May 2026","6977.22"
"Uttar Pradesh","Masur/Lentil (Dal/Split)","Jun 2026","7053.28"
"Uttar Pradesh","Masur/Lentil (Dal/Split)","Jul 2026","7122.30"
"Uttar Pradesh","Masur/Lentil (Dal/Split)","Aug 2026","6673.71"
"Uttar Pradesh","Masur/Lentil (Dal/Split)","Sep 2026","7392.91"
"Uttar Pradesh","Paddy","Oct 2016","1234.97"
"Uttar Pradesh","Paddy","Nov 2016","1468.91"
"Uttar Pradesh","Paddy","Dec 2016","1732.05"
"Uttar Pradesh","Paddy","Jan 2017","1669.03"
"Uttar Pradesh","Paddy","Feb 2017","1597.02"
"Uttar Pradesh","Paddy","Mar 2017","1636.71"
"Uttar Pradesh","Paddy","Apr 2017","1763.45"
"Uttar Pradesh","Paddy","May 2017","1578.99"
"Uttar Pradesh","Paddy","Jun 2017","1452.00"
"Uttar Pradesh","Paddy","Jul 2017","1453.68"
"Uttar Pradesh","Paddy","Aug 2017","1499.67"
"Uttar Pradesh","Paddy","Sep 2017","1625.74"
"Uttar Pradesh","Paddy","Oct 2017","1756.60"
"Uttar Pradesh","Paddy","Nov 2017","1761.78"
"Uttar Pradesh","Paddy","Dec 2017","1703.55"
"Uttar Pradesh","Paddy","Jan 2018","1667.58"
"Uttar Pradesh","Paddy","Feb 2018","1667.68"
"Uttar Pradesh","Paddy","Mar 2018","1672.35"
"Uttar Pradesh","Paddy","Apr 2018","1702.45"
"Uttar Pradesh","Paddy","May 2018","1675.38"
"Uttar Pradesh","Paddy","Jun 2018","1599.29"
"Uttar Pradesh","Paddy","Jul 2018","1569.54"
"Uttar Pradesh","Paddy","Aug 2018","1691.50"
"Uttar Pradesh","Paddy","Sep 2018","1821.96"
"Uttar Pradesh","Paddy","Oct 2018","1958.98"
"Uttar Pradesh","Paddy","Nov 2018","1979.13"
"Uttar Pradesh","Paddy","Dec 2018","1879.94"
"Uttar Pradesh","Paddy","Jan 2019","1716.80"
"Uttar Pradesh","Paddy","Feb 2019","1723.77"
"Uttar Pradesh","Paddy","Mar 2019","1716.59"
"Uttar Pradesh","Paddy","Apr 2019","1667.55"
"Uttar Pradesh","Paddy","May 2019","1671.55"
"Uttar Pradesh","Paddy","Jun 2019","1717.49"
"Uttar Pradesh","Paddy","Jul 2019","1531.76"
"Uttar Pradesh","Paddy","Aug 2019","1466.53"
"Uttar Pradesh","Paddy","Sep 2019","1693.36"
"Uttar Pradesh","Paddy","Oct 2019","1626.54"
"Uttar Pradesh","Paddy","Nov 2019","1648.59"
"Uttar Pradesh","Paddy","Dec 2019","1708.76"
"Uttar Pradesh","Paddy","Jan 2020","1741.95"
"Uttar Pradesh","Paddy","Feb 2020","1729.85"
"Uttar Pradesh","Paddy","Mar 2020","1711.85"
"Uttar Pradesh","Paddy","Apr 2020","1741.89"
"Uttar Pradesh","Paddy","May 2020","1724.99"
"Uttar Pradesh","Paddy","Jun 2020","1703.27"
"Uttar Pradesh","Paddy","Jul 2020","1698.01"
"Uttar Pradesh","Paddy","Aug 2020","1706.26"
"Uttar Pradesh","Paddy","Sep 2020","1667.63"
"Uttar Pradesh","Paddy","Oct 2020","1557.47"
"Uttar Pradesh","Paddy","Nov 2020","1759.10"
"Uttar Pradesh","Paddy","Dec 2020","1831.54"
"Uttar Pradesh","Paddy","Jan 2021","1828.06"
"Uttar Pradesh","Paddy","Feb 2021","1713.58"
"Uttar Pradesh","Paddy","Mar 2021","1575.52"
"Uttar Pradesh","Paddy","Apr 2021","1540.39"
"Uttar Pradesh","Paddy","May 2021","1502.36"
"Uttar Pradesh","Paddy","Jun 2021","1490.18"
"Uttar Pradesh","Paddy","Jul 2021","1458.23"
"Uttar Pradesh","Paddy","Aug 2021","1458.70"
"Uttar Pradesh","Paddy","Sep 2021","1512.41"
"Uttar Pradesh","Paddy","Oct 2021","1630.93"
"Uttar Pradesh","Paddy","Nov 2021","2005.86"
"Uttar Pradesh","Paddy","Dec 2021","1967.83"
"Uttar Pradesh","Paddy","Jan 2022","1953.31"
"Uttar Pradesh","Paddy","Feb 2022","1884.84"
"Uttar Pradesh","Paddy","Mar 2022","1798.30"
"Uttar Pradesh","Paddy","Apr 2022","1817.09"
"Uttar Pradesh","Paddy","May 2022","1810.70"
"Uttar Pradesh","Paddy","Jun 2022","1814.23"
"Uttar Pradesh","Paddy","Jul 2022","1773.03"
"Uttar Pradesh","Paddy","Aug 2022","1822.68"
"Uttar Pradesh","Paddy","Sep 2022","1834.82"
"Uttar Pradesh","Paddy","Oct 2022","1930.59"
"Uttar Pradesh","Paddy","Nov 2022","2022.17"
"Uttar Pradesh","Paddy","Dec 2022","2071.47"
"Uttar Pradesh","Paddy","Jan 2023","2064.13"
"Uttar Pradesh","Paddy","Feb 2023","2040.38"
"Uttar Pradesh","Paddy","Mar 2023","1990.23"
"Uttar Pradesh","Paddy","Apr 2023","1963.14"
"Uttar Pradesh","Paddy","May 2023","1998.24"
"Uttar Pradesh","Paddy","Jun 2023","2031.91"
"Uttar Pradesh","Paddy","Jul 2023","1985.47"
"Uttar Pradesh","Paddy","Aug 2023","2032.86"
"Uttar Pradesh","Paddy","Sep 2023","2039.07"
"Uttar Pradesh","Paddy","Oct 2023","2154.91"
"Uttar Pradesh","Paddy","Nov 2023","2243.39"
"Uttar Pradesh","Paddy","Dec 2023","2176.93"
"Uttar Pradesh","Paddy","Jan 2024","2160.42"
"Uttar Pradesh","Paddy","Feb 2024","2177.70"
"Uttar Pradesh","Paddy","Mar 2024","2189.75"
"Uttar Pradesh","Paddy","Apr 2024","2235.53"
"Uttar Pradesh","Paddy","May 2024","2237.86"
"Uttar Pradesh","Paddy","Jun 2024","2218.18"
"Uttar Pradesh","Paddy","Jul 2024","2125.51"
"Uttar Pradesh","Paddy","Aug 2024","2285.81"
"Uttar Pradesh","Paddy","Sep 2024","2255.86"
"Uttar Pradesh","Paddy","Oct 2024","2119.67"
"Uttar Pradesh","Paddy","Nov 2024","2206.93"
"Uttar Pradesh","Paddy","Dec 2024","2260.61"
"Uttar Pradesh","Paddy","Jan 2025","2281.29"
"Uttar Pradesh","Paddy","Feb 2025","2257.74"
"Uttar Pradesh","Paddy","Mar 2025","2204.92"
"Uttar Pradesh","Paddy","Apr 2025","2175.95"
"Uttar Pradesh","Paddy","May 2025","2182.54"
"Uttar Pradesh","Paddy","Jun 2025","2166.93"
"Uttar Pradesh","Paddy","Jul 2025","2085.92"
"Uttar Pradesh","Paddy","Aug 2025","2183.21"
"Uttar Pradesh","Paddy","Sep 2025","2053.78"
"Uttar Pradesh","Paddy","Oct 2025","1956.46"
"Uttar Pradesh","Paddy","Nov 2025","2067.43"
"Uttar Pradesh","Paddy","Dec 2025","2269.89"
"Uttar Pradesh","Paddy","Jan 2026","2293.66"
"Uttar Pradesh","Paddy","Feb 2026","2259.56"
"Uttar Pradesh","Paddy","Mar 2026","2094.22"
"Uttar Pradesh","Paddy","Apr 2026","2300.95"
"Uttar Pradesh","Paddy","May 2026","2323.21"
"Uttar Pradesh","Paddy","Jun 2026","2628.80"
"Uttar Pradesh","Paddy","Jul 2026","2592.56"
"Uttar Pradesh","Paddy","Aug 2026","2538.80"
"Uttar Pradesh","Paddy","Sep 2026","2395.92"
"Uttar Pradesh","Moong (Dal/Split)","Nov 2016","8179.90"
"Uttar Pradesh","Moong (Dal/Split)","Dec 2016","7850.50"
"Uttar Pradesh","Moong (Dal/Split)","Jan 2017","7797.76"
"Uttar Pradesh","Moong (Dal/Split)","Feb 2017","7308.80"
"Uttar Pradesh","Moong (Dal/Split)","Mar 2017","6616.63"
"Uttar Pradesh","Moong (Dal/Split)","Apr 2017","6230.69"
"Uttar Pradesh","Moong (Dal/Split)","May 2017","6379.95"
"Uttar Pradesh","Moong (Dal/Split)","Jun 2017","6389.22"
"Uttar Pradesh","Moong (Dal/Split)","Jul 2017","6411.32"
"Uttar Pradesh","Moong (Dal/Split)","Aug 2017","6404.25"
"Uttar Pradesh","Moong (Dal/Split)","Sep 2017","6143.56"
"Uttar Pradesh","Moong (Dal/Split)","Oct 2017","6070.39"
"Uttar Pradesh","Moong (Dal/Split)","Nov 2017","5981.40"
"Uttar Pradesh","Moong (Dal/Split)","Dec 2017","5891.21"
"Uttar Pradesh","Moong (Dal/Split)","Jan 2018","5938.69"
"Uttar Pradesh","Moong (Dal/Split)","Feb 2018","6032.14"
"Uttar Pradesh","Moong (Dal/Split)","Mar 2018","6067.65"
"Uttar Pradesh","Moong (Dal/Split)","Apr 2018","5992.33"
"Uttar Pradesh","Moong (Dal/Split)","May 2018","6023.29"
"Uttar Pradesh","Moong (Dal/Split)","Jun 2018","6111.33"
"Uttar Pradesh","Moong (Dal/Split)","Jul 2018","6040.37"
"Uttar Pradesh","Moong (Dal/Split)","Aug 2018","6183.86"
"Uttar Pradesh","Moong (Dal/Split)","Sep 2018","6168.08"
"Uttar Pradesh","Moong (Dal/Split)","Oct 2018","6205.32"
"Uttar Pradesh","Moong (Dal/Split)","Nov 2018","6327.97"
"Uttar Pradesh","Moong (Dal/Split)","Dec 2018","6518.21"
"Uttar Pradesh","Moong (Dal/Split)","Jan 2019","6692.36"
"Uttar Pradesh","Moong (Dal/Split)","Feb 2019","6816.04"
"Uttar Pradesh","Moong (Dal/Split)","Mar 2019","6778.37"
"Uttar Pradesh","Moong (Dal/Split)","Apr 2019","6706.71"
"Uttar Pradesh","Moong (Dal/Split)","May 2019","6923.93"
"Uttar Pradesh","Moong (Dal/Split)","Jun 2019","7329.17"
"Uttar Pradesh","Moong (Dal/Split)","Jul 2019","7445.83"
"Uttar Pradesh","Moong (Dal/Split)","Aug 2019","7308.91"
"Uttar Pradesh","Moong (Dal/Split)","Sep 2019","7205.16"
"Uttar Pradesh","Moong (Dal/Split)","Oct 2019","7244.44"
"Uttar Pradesh","Moong (Dal/Split)","Nov 2019","7407.70"
"Uttar Pradesh","Moong (Dal/Split)","Dec 2019","7825.32"
"Uttar Pradesh","Moong (Dal/Split)","Jan 2020","8050.01"
"Uttar Pradesh","Moong (Dal/Split)","Feb 2020","8250.05"
"Uttar Pradesh","Moong (Dal/Split)","Mar 2020","8448.52"
"Uttar Pradesh","Moong (Dal/Split)","Apr 2020","9172.22"
"Uttar Pradesh","Moong (Dal/Split)","May 2020","9267.01"
"Uttar Pradesh","Moong (Dal/Split)","Jun 2020","8851.27"
"Uttar Pradesh","Moong (Dal/Split)","Jul 2020","8289.92"
"Uttar Pradesh","Moong (Dal/Split)","Aug 2020","8176.93"
"Uttar Pradesh","Moong (Dal/Split)","Sep 2020","8234.80"
"Uttar Pradesh","Moong (Dal/Split)","Oct 2020","8449.86"
"Uttar Pradesh","Moong (Dal/Split)","Nov 2020","8352.45"
"Uttar Pradesh","Moong (Dal/Split)","Dec 2020","8599.83"
"Uttar Pradesh","Moong (Dal/Split)","Jan 2021","8646.44"
"Uttar Pradesh","Moong (Dal/Split)","Feb 2021","8552.43"
"Uttar Pradesh","Moong (Dal/Split)","Mar 2021","8746.10"
"Uttar Pradesh","Moong (Dal/Split)","Apr 2021","8753.78"
"Uttar Pradesh","Moong (Dal/Split)","May 2021","8734.20"
"Uttar Pradesh","Moong (Dal/Split)","Jun 2021","8805.18"
"Uttar Pradesh","Moong (Dal/Split)","Jul 2021","7541.87"
"Uttar Pradesh","Moong (Dal/Split)","Aug 2021","8363.90"
"Uttar Pradesh","Moong (Dal/Split)","Sep 2021","8521.95"
"Uttar Pradesh","Moong (Dal/Split)","Oct 2021","8669.91"
"Uttar Pradesh","Moong (Dal/Split)","Nov 2021","8630.60"
"Uttar Pradesh","Moong (Dal/Split)","Dec 2021","8637.43"
"Uttar Pradesh","Moong (Dal/Split)","Jan 2022","8656.82"
"Uttar Pradesh","Moong (Dal/Split)","Feb 2022","8662.62"
"Uttar Pradesh","Moong (Dal/Split)","Mar 2022","8620.06"
"Uttar Pradesh","Moong (Dal/Split)","Apr 2022","8648.48"
"Uttar Pradesh","Moong (Dal/Split)","May 2022","8713.46"
"Uttar Pradesh","Moong (Dal/Split)","Jun 2022","8635.98"
"Uttar Pradesh","Moong (Dal/Split)","Jul 2022","8619.19"
"Uttar Pradesh","Moong (Dal/Split)","Aug 2022","8643.59"
"Uttar Pradesh","Moong (Dal/Split)","Sep 2022","8627.95"
"Uttar Pradesh","Moong (Dal/Split)","Oct 2022","8601.25"
"Uttar Pradesh","Moong (Dal/Split)","Nov 2022","8702.19"
"Uttar Pradesh","Moong (Dal/Split)","Dec 2022","8718.21"
"Uttar Pradesh","Moong (Dal/Split)","Jan 2023","8801.24"
"Uttar Pradesh","Moong (Dal/Split)","Feb 2023","8931.96"
"Uttar Pradesh","Moong (Dal/Split)","Mar 2023","8921.24"
"Uttar Pradesh","Moong (Dal/Split)","Apr 2023","9136.63"
"Uttar Pradesh","Moong (Dal/Split)","May 2023","9290.61"
"Uttar Pradesh","Moong (Dal/Split)","Jun 2023","9235.85"
"Uttar Pradesh","Moong (Dal/Split)","Jul 2023","9440.40"
"Uttar Pradesh","Moong (Dal/Split)","Aug 2023","9368.59"
"Uttar Pradesh","Moong (Dal/Split)","Sep 2023","9434.52"
"Uttar Pradesh","Moong (Dal/Split)","Oct 2023","9519.18"
"Uttar Pradesh","Moong (Dal/Split)","Nov 2023","9619.38"
"Uttar Pradesh","Moong (Dal/Split)","Dec 2023","9681.66"
"Uttar Pradesh","Moong (Dal/Split)","Jan 2024","9697.75"
"Uttar Pradesh","Moong (Dal/Split)","Feb 2024","9796.06"
"Uttar Pradesh","Moong (Dal/Split)","Mar 2024","9883.14"
"Uttar Pradesh","Moong (Dal/Split)","Apr 2024","10014.38"
"Uttar Pradesh","Moong (Dal/Split)","May 2024","10023.41"
"Uttar Pradesh","Moong (Dal/Split)","Jun 2024","9521.51"
"Uttar Pradesh","Moong (Dal/Split)","Jul 2024","10146.25"
"Uttar Pradesh","Moong (Dal/Split)","Aug 2024","10316.43"
"Uttar Pradesh","Moong (Dal/Split)","Sep 2024","10088.32"
"Uttar Pradesh","Moong (Dal/Split)","Oct 2024","10190.63"
"Uttar Pradesh","Moong (Dal/Split)","Nov 2024","10113.65"
"Uttar Pradesh","Moong (Dal/Split)","Dec 2024","10067.13"
"Uttar Pradesh","Moong (Dal/Split)","Jan 2025","10047.04"
"Uttar Pradesh","Moong (Dal/Split)","Feb 2025","9961.64"
"Uttar Pradesh","Moong (Dal/Split)","Mar 2025","9825.10"
"Uttar Pradesh","Moong (Dal/Split)","Apr 2025","9779.68"
"Uttar Pradesh","Moong (Dal/Split)","May 2025","9714.34"
"Uttar Pradesh","Moong (Dal/Split)","Jun 2025","9654.07"
"Uttar Pradesh","Moong (Dal/Split)","Jul 2025","9475.81"
"Uttar Pradesh","Moong (Dal/Split)","Aug 2025","9662.85"
"Uttar Pradesh","Moong (Dal/Split)","Sep 2025","9688.32"
"Uttar Pradesh","Moong (Dal/Split)","Oct 2025","9700.58"
"Uttar Pradesh","Moong (Dal/Split)","Nov 2025","9745.80"
"Uttar Pradesh","Cotton","Nov 2016","3833.33"
"Uttar Pradesh","Cotton","Dec 2016","3832.00"
"Uttar Pradesh","Cotton","Jan 2017","3468.66"
"Uttar Pradesh","Cotton","Feb 2017","3572.05"
"Uttar Pradesh","Cotton","Mar 2017","3265.78"
"Uttar Pradesh","Cotton","Apr 2017","3326.19"
"Uttar Pradesh","Cotton","May 2017","3353.57"
"Uttar Pradesh","Cotton","Jun 2017","3485.21"
"Uttar Pradesh","Cotton","Jul 2017","3453.33"
"Uttar Pradesh","Jowar","Nov 2016","1200.00"
"Uttar Pradesh","Jowar","Dec 2016","1566.07"
"Uttar Pradesh","Jowar","Jan 2017","2163.26"
"Uttar Pradesh","Jowar","Feb 2017","1905.84"
"Uttar Pradesh","Jowar","Mar 2017","1713.41"
"Uttar Pradesh","Jowar","Apr 2017","1652.88"
"Uttar Pradesh","Jowar","May 2017","1676.59"
"Uttar Pradesh","Jowar","Jun 2017","1659.46"
"Uttar Pradesh","Jowar","Jul 2017","1244.97"
"Uttar Pradesh","Jowar","Aug 2017","1285.88"
"Uttar Pradesh","Jowar","Sep 2017","1266.42"
"Uttar Pradesh","Jowar","Oct 2017","1259.48"
"Uttar Pradesh","Jowar","Nov 2017","1186.35"
"Uttar Pradesh","Jowar","Dec 2017","1663.00"
"Uttar Pradesh","Jowar","Jan 2018","1967.78"
"Uttar Pradesh","Jowar","Feb 2018","1945.59"
"Uttar Pradesh","Jowar","Mar 2018","1787.59"
"Uttar Pradesh","Jowar","Apr 2018","1580.31"
"Uttar Pradesh","Jowar","May 2018","2066.91"
"Uttar Pradesh","Jowar","Jun 2018","1548.29"
"Uttar Pradesh","Jowar","Jul 2018","1355.70"
"Uttar Pradesh","Jowar","Aug 2018","1327.17"
"Uttar Pradesh","Jowar","Sep 2018","1362.87"
"Uttar Pradesh","Jowar","Oct 2018","1346.33"
"Uttar Pradesh","Jowar","Nov 2018","1426.59"
"Uttar Pradesh","Jowar","Dec 2018","1846.45"
"Uttar Pradesh","Jowar","Jan 2019","2161.26"
"Uttar Pradesh","Jowar","Feb 2019","2247.42"
"Uttar Pradesh","Jowar","Mar 2019","2170.18"
"Uttar Pradesh","Jowar","Apr 2019","2012.02"
"Uttar Pradesh","Jowar","May 2019","2143.18"
"Uttar Pradesh","Jowar","Jun 2019","2164.71"
"Uttar Pradesh","Jowar","Jul 2019","2096.89"
"Uttar Pradesh","Jowar","Aug 2019","2327.50"
"Uttar Pradesh","Jowar","Sep 2019","2298.95"
"Uttar Pradesh","Jowar","Oct 2019","2183.16"
"Uttar Pradesh","Jowar","Nov 2019","2371.98"
"Uttar Pradesh","Jowar","Dec 2019","2605.04"
"Uttar Pradesh","Jowar","Jan 2020","2800.19"
"Uttar Pradesh","Jowar","Feb 2020","2869.53"
"Uttar Pradesh","Jowar","Mar 2020","2821.46"
"Uttar Pradesh","Jowar","Apr 2020","2421.06"
"Uttar Pradesh","Jowar","May 2020","2414.40"
"Uttar Pradesh","Jowar","Jun 2020","2133.87"
"Uttar Pradesh","Jowar","Jul 2020","2106.87"
"Uttar Pradesh","Jowar","Aug 2020","2033.75"
"Uttar Pradesh","Jowar","Sep 2020","1943.67"
"Uttar Pradesh","Jowar","Oct 2020","1838.34"
"Uttar Pradesh","Jowar","Nov 2020","1806.05"
"Uttar Pradesh","Jowar","Dec 2020","2091.79"
"Uttar Pradesh","Jowar","Jan 2021","2689.39"
"Uttar Pradesh","Jowar","Feb 2021","3134.73"
"Uttar Pradesh","Jowar","Mar 2021","2391.21"
"Uttar Pradesh","Jowar","Apr 2021","2547.36"
"Uttar Pradesh","Jowar","May 2021","2046.97"
"Uttar Pradesh","Jowar","Jun 2021","2182.64"
"Uttar Pradesh","Jowar","Jul 2021","2247.84"
"Uttar Pradesh","Jowar","Aug 2021","2451.00"
"Uttar Pradesh","Jowar","Sep 2021","2344.72"
"Uttar Pradesh","Jowar","Oct 2021","2102.93"
"Uttar Pradesh","Jowar","Nov 2021","2032.72"
"Uttar Pradesh","Jowar","Dec 2021","2247.80"
"Uttar Pradesh","Jowar","Jan 2022","2628.12"
"Uttar Pradesh","Jowar","Feb 2022","2447.44"
"Uttar Pradesh","Jowar","Mar 2022","2412.34"
"Uttar Pradesh","Jowar","Apr 2022","2224.23"
"Uttar Pradesh","Jowar","May 2022","2368.73"
"Uttar Pradesh","Jowar","Jun 2022","2221.77"
"Uttar Pradesh","Jowar","Jul 2022","2486.32"
"Uttar Pradesh","Jowar","Aug 2022","2858.44"
"Uttar Pradesh","Jowar","Sep 2022","2871.22"
"Uttar Pradesh","Jowar","Oct 2022","2975.05"
"Uttar Pradesh","Jowar","Nov 2022","2570.90"
"Uttar Pradesh","Jowar","Dec 2022","3816.80"
"Uttar Pradesh","Jowar","Jan 2023","4507.62"
"Uttar Pradesh","Jowar","Feb 2023","4204.13"
"Uttar Pradesh","Jowar","Mar 2023","3733.77"
"Uttar Pradesh","Jowar","Apr 2023","3296.99"
"Uttar Pradesh","Jowar","May 2023","2897.97"
"Uttar Pradesh","Jowar","Jun 2023","3682.54"
"Uttar Pradesh","Jowar","Jul 2023","3308.85"
"Uttar Pradesh","Jowar","Aug 2023","2619.61"
"Uttar Pradesh","Jowar","Sep 2023","2778.26"
"Uttar Pradesh","Jowar","Oct 2023","3064.77"
"Uttar Pradesh","Jowar","Nov 2023","3063.58"
"Uttar Pradesh","Jowar","Dec 2023","3862.61"
"Uttar Pradesh","Jowar","Jan 2024","4333.29"
"Uttar Pradesh","Jowar","Feb 2024","3859.78"
"Uttar Pradesh","Jowar","Mar 2024","4177.00"
"Uttar Pradesh","Jowar","Apr 2024","3630.40"
"Uttar Pradesh","Jowar","May 2024","3064.37"
"Uttar Pradesh","Jowar","Jun 2024","3064.24"
"Uttar Pradesh","Jowar","Jul 2024","3293.35"
"Uttar Pradesh","Jowar","Aug 2024","3181.30"
"Uttar Pradesh","Jowar","Sep 2024","2926.33"
"Uttar Pradesh","Jowar","Oct 2024","3009.20"
"Uttar Pradesh","Jowar","Nov 2024","3157.06"
"Uttar Pradesh","Jowar","Dec 2024","3381.80"
"Uttar Pradesh","Jowar","Jan 2025","3437.82"
"Uttar Pradesh","Jowar","Feb 2025","3485.86"
"Uttar Pradesh","Jowar","Mar 2025","3258.26"
"Uttar Pradesh","Jowar","Apr 2025","3242.90"
"Uttar Pradesh","Jowar","May 2025","3291.89"
"Uttar Pradesh","Jowar","Jun 2025","3358.71"
"Uttar Pradesh","Jowar","Jul 2025","2956.01"
"Uttar Pradesh","Jowar","Aug 2025","2742.93"
"Uttar Pradesh","Jowar","Sep 2025","3254.33"
"Uttar Pradesh","Jowar","Oct 2025","3624.26"
"Uttar Pradesh","Jowar","Nov 2025","3627.65"
"Uttar Pradesh","Jowar","Dec 2025","3602.18"
"Uttar Pradesh","Jowar","Jan 2026","5683.73"
"Uttar Pradesh","Jowar","Feb 2026","4020.04"
"Uttar Pradesh","Jowar","Mar 2026","3445.42"
"Uttar Pradesh","Jowar","Apr 2026","3393.81"
"Uttar Pradesh","Jowar","May 2026","3092.14"
"Uttar Pradesh","Jowar","Jun 2026","2360.05"
"Uttar Pradesh","Jowar","Jul 2026","2656.75"
"Uttar Pradesh","Jowar","Aug 2026","2470.28"
"Uttar Pradesh","Jowar","Sep 2026","1837.44"
"Uttar Pradesh","Tobacco","Jun 2017","1951.50"
"Uttar Pradesh","Tobacco","Jul 2017","2115.51"
"Uttar Pradesh","Tobacco","Aug 2017","1838.01"
"Uttar Pradesh","Tobacco","Sep 2017","1703.26"
"Uttar Pradesh","Tobacco","Oct 2017","1832.95"
"Uttar Pradesh","Tobacco","Nov 2017","1992.55"
"Uttar Pradesh","Tobacco","Dec 2017","2196.71"
"Uttar Pradesh","Tobacco","Jan 2018","2596.62"
"Uttar Pradesh","Tobacco","Feb 2018","2292.89"
"Uttar Pradesh","Tobacco","Mar 2018","1956.00"
"Uttar Pradesh","Tobacco","Apr 2018","2037.15"
"Uttar Pradesh","Tobacco","May 2018","1898.36"
"Uttar Pradesh","Tobacco","Jun 2018","1962.24"
"Uttar Pradesh","Tobacco","Jul 2018","2498.83"
"Uttar Pradesh","Tobacco","Aug 2018","2958.51"
"Uttar Pradesh","Tobacco","Sep 2018","2275.10"
"Uttar Pradesh","Tobacco","Oct 2018","2134.17"
"Uttar Pradesh","Tobacco","Nov 2018","2341.15"
"Uttar Pradesh","Tobacco","Dec 2018","2761.37"
"Uttar Pradesh","Tobacco","Jan 2019","2496.14"
"Uttar Pradesh","Tobacco","Feb 2019","3115.71"
"Uttar Pradesh","Tobacco","Mar 2019","3532.07"
"Uttar Pradesh","Tobacco","Apr 2019","3484.55"
"Uttar Pradesh","Tobacco","May 2019","3293.55"
"Uttar Pradesh","Tobacco","Jun 2019","2941.58"
"Uttar Pradesh","Tobacco","Jul 2019","3241.76"
"Uttar Pradesh","Tobacco","Aug 2019","3287.31"
"Uttar Pradesh","Tobacco","Sep 2019","3429.10"
"Uttar Pradesh","Tobacco","Oct 2019","3097.00"
"Uttar Pradesh","Tobacco","Nov 2019","2845.99"
"Uttar Pradesh","Tobacco","Dec 2019","3075.29"
"Uttar Pradesh","Tobacco","Jan 2020","2394.07"
"Uttar Pradesh","Tobacco","Feb 2020","2396.36"
"Uttar Pradesh","Tobacco","Mar 2020","2653.54"
"Uttar Pradesh","Tobacco","May 2020","2176.96"
"Uttar Pradesh","Tobacco","Jun 2020","2144.27"
"Uttar Pradesh","Tobacco","Jul 2020","4113.61"
"Uttar Pradesh","Tobacco","Aug 2020","6780.30"
"Uttar Pradesh","Tobacco","Sep 2020","6633.80"
"Uttar Pradesh","Tobacco","Oct 2020","7249.35"
"Uttar Pradesh","Tobacco","Nov 2020","7036.84"
"Uttar Pradesh","Tobacco","Dec 2020","6551.96"
"Uttar Pradesh","Tobacco","Jan 2021","6423.21"
"Uttar Pradesh","Tobacco","Feb 2021","7197.50"
"Uttar Pradesh","Tobacco","Mar 2021","6915.00"
"Uttar Pradesh","Tobacco","Apr 2021","6477.90"
"Uttar Pradesh","Tobacco","May 2021","6465.00"
"Uttar Pradesh","Tobacco","Jun 2021","6342.85"
"Uttar Pradesh","Tobacco","Jul 2021","6273.33"
"Uttar Pradesh","Tobacco","Aug 2021","6368.75"
"Uttar Pradesh","Tobacco","Sep 2021","8600.00"
"Uttar Pradesh","Tobacco","Dec 2021","6400.00"
"Uttar Pradesh","Tobacco","Jan 2022","6522.87"
"Uttar Pradesh","Tobacco","Apr 2022","6405.00"
"Uttar Pradesh","Tobacco","May 2022","6367.76"
"Uttar Pradesh","Tobacco","Jun 2022","6392.36"
"Uttar Pradesh","Tobacco","Jul 2022","6303.98"
"Uttar Pradesh","Tobacco","Aug 2022","6339.42"
"Uttar Pradesh","Tobacco","Sep 2022","6267.12"
"Uttar Pradesh","Tobacco","Oct 2022","6743.38"
"Uttar Pradesh","Tobacco","Nov 2022","2071.02"
"Uttar Pradesh","Tobacco","Dec 2022","2356.97"
"Uttar Pradesh","Tobacco","Jan 2023","2241.30"
"Uttar Pradesh","Tobacco","Feb 2023","2173.84"
"Uttar Pradesh","Tobacco","Mar 2023","2354.80"
"Uttar Pradesh","Tobacco","Apr 2023","2464.44"
"Uttar Pradesh","Tobacco","May 2023","2341.58"
"Uttar Pradesh","Tobacco","Jun 2023","2287.08"
"Uttar Pradesh","Tobacco","Jul 2023","2553.05"
"Uttar Pradesh","Tobacco","Aug 2023","3239.37"
"Uttar Pradesh","Tobacco","Sep 2023","3649.57"
"Uttar Pradesh","Tobacco","Oct 2023","3568.80"
"Uttar Pradesh","Tobacco","Nov 2023","3324.43"
"Uttar Pradesh","Tobacco","Dec 2023","6400.00"
"Uttar Pradesh","Tobacco","Apr 2025","5700.00"
"Uttar Pradesh","Tobacco","Aug 2025","6079.89"
"Uttar Pradesh","Tobacco","Sep 2025","5943.66"
"Uttar Pradesh","Tobacco","Oct 2025","4577.47"
"Uttar Pradesh","Tobacco","Feb 2026","3670.58"
"Uttar Pradesh","Tobacco","Mar 2026","2113.58"
"Uttar Pradesh","Tobacco","Apr 2026","2203.84"
"Uttar Pradesh","Tobacco","May 2026","2084.92"
"Uttar Pradesh","Tobacco","Jun 2026","2254.59"
"Uttar Pradesh","Tobacco","Jul 2026","2310.71"
"Uttar Pradesh","Tobacco","Aug 2026","2416.34"
"Uttar Pradesh","Tobacco","Sep 2026","3139.05"
"Uttar Pradesh","Wheat Atta","Jan 2019","2224.24"
"Uttar Pradesh","Wheat Atta","Feb 2019","2359.64"
"Uttar Pradesh","Wheat Atta","Mar 2019","2381.54"
"Uttar Pradesh","Wheat Atta","Apr 2019","2400.00"
"Uttar Pradesh","Wheat Atta","May 2019","2361.53"
"Uttar Pradesh","Wheat Atta","Jun 2019","2315.15"
"Uttar Pradesh","Wheat Atta","Jul 2019","2050.00"
"Uttar Pradesh","Wheat Atta","Aug 2019","2162.67"
"Uttar Pradesh","Wheat Atta","Sep 2019","2268.30"
"Uttar Pradesh","Wheat Atta","Oct 2019","2366.46"
"Uttar Pradesh","Wheat Atta","Nov 2019","2364.40"
"Uttar Pradesh","Wheat Atta","Dec 2019","2352.08"
"Uttar Pradesh","Wheat Atta","Jan 2020","2361.45"
"Uttar Pradesh","Wheat Atta","Feb 2020","2338.07"
"Uttar Pradesh","Wheat Atta","Mar 2020","2345.33"
"Uttar Pradesh","Wheat Atta","Apr 2020","2435.54"
"Uttar Pradesh","Wheat Atta","May 2020","2401.29"
"Uttar Pradesh","Wheat Atta","Jun 2020","2335.21"
"Uttar Pradesh","Wheat Atta","Jul 2020","2300.00"
"Uttar Pradesh","Wheat Atta","Aug 2020","2033.68"
"Uttar Pradesh","Wheat Atta","Sep 2020","2123.05"
"Uttar Pradesh","Wheat Atta","Oct 2020","2294.18"
"Uttar Pradesh","Wheat Atta","Nov 2020","2168.00"
"Uttar Pradesh","Wheat Atta","Dec 2020","2080.40"
"Uttar Pradesh","Wheat Atta","Jan 2021","2104.65"
"Uttar Pradesh","Wheat Atta","Feb 2021","2053.76"
"Uttar Pradesh","Wheat Atta","Mar 2021","2105.74"
"Uttar Pradesh","Wheat Atta","Apr 2021","2122.88"
"Uttar Pradesh","Wheat Atta","May 2021","2047.47"
"Uttar Pradesh","Wheat Atta","Jun 2021","1900.00"
"Uttar Pradesh","Wheat Atta","Jul 2021","1975.10"
"Uttar Pradesh","Wheat Atta","Aug 2021","2031.51"
"Uttar Pradesh","Wheat Atta","Sep 2021","2139.00"
"Uttar Pradesh","Wheat Atta","Oct 2021","2154.79"
"Uttar Pradesh","Wheat Atta","Nov 2021","2160.03"
"Uttar Pradesh","Wheat Atta","Dec 2021","2228.20"
"Uttar Pradesh","Wheat Atta","Jan 2022","2213.14"
"Uttar Pradesh","Wheat Atta","Feb 2022","2266.01"
"Uttar Pradesh","Wheat Atta","Mar 2022","2352.41"
"Uttar Pradesh","Wheat Atta","Apr 2022","2449.08"
"Uttar Pradesh","Wheat Atta","May 2022","2489.12"
"Uttar Pradesh","Wheat Atta","Jun 2022","2523.25"
"Uttar Pradesh","Wheat Atta","Jul 2022","2462.71"
"Uttar Pradesh","Wheat Atta","Aug 2022","2667.74"
"Uttar Pradesh","Wheat Atta","Sep 2022","2585.00"
"Uttar Pradesh","Wheat Atta","Dec 2022","2885.00"
"Uttar Pradesh","Sunflower","Mar 2026","12581.12"